# vtk DataFile Version 4.2
3D Slicer output. SPACE=LPS
ASCII
DATASET POLYDATA
POINTS 5824 float
16.5011 29.961 21.7271 16.419 29.777 22.4113 15.7475 30.5779 22.2063 
16.2326 29.5686 23.0811 16.7594 28.6708 23.5121 15.5573 30.3664 22.8998 
14.9245 31.1458 22.5297 15.3885 30.1631 23.3419 15.5829 29.6153 23.7422 
15.8842 29.0896 23.9792 16.364 28.3132 24.2561 14.7189 30.8359 23.1842 
14.9958 29.7908 24.019 15.5251 28.7993 24.4665 14.0596 31.3345 23.1367 
14.441 30.4669 23.7889 15.8982 27.7915 24.8999 14.1783 30.0261 24.2435 
13.7091 30.6975 23.9241 14.6122 29.193 24.6238 13.3361 31.3618 23.5135 
15.1337 28.3498 24.9138 13.5967 29.812 24.5495 12.9406 30.7698 24.1041 
14.2013 28.6834 24.9945 14.6775 27.7106 25.3008 14.0515 27.9177 25.2649 
13.2548 29.0997 24.9103 13.3779 28.4078 25.1045 13.9998 27.0378 25.4265 
12.6899 29.7998 24.6448 13.2823 27.5163 25.2068 13.3973 26.4679 25.194 
12.5157 28.2372 24.9527 12.5631 27.3563 24.8719 12.2557 29.0429 24.8147 
12.1084 30.649 24.2797 12.6273 26.4797 24.5019 11.974 27.1848 24.2932 
12.4815 26.2564 23.676 11.517 28.7777 24.5924 11.4703 29.3633 24.5807 
11.5242 30.0311 24.4843 11.5005 28.0132 24.3411 11.8159 26.8876 23.6165 
11.9446 26.8961 22.8911 11.0754 27.5926 23.4287 12.1428 27.0754 22.2336 
10.7285 28.5632 24.0945 11.2092 27.5437 22.568 11.8046 27.7864 21.5234 
11.3148 27.8563 21.8147 10.4219 28.1343 23.3329 10.4794 28.0264 22.5838 
10.677 28.1483 21.8983 10.2258 28.7788 23.8297 10.5436 29.5446 24.2495 
9.81211 28.4573 22.5544 9.75749 28.6598 21.7865 9.5424 28.7044 22.9411 
9.64603 29.0169 23.4931 9.77148 29.9389 23.925 8.72671 29.1167 22.0163 
8.67283 29.3123 22.7586 9.05947 29.6382 23.4322 11.0045 30.5222 24.257 
9.25802 30.2433 23.7128 10.2044 30.6624 24.0404 8.45058 30.2375 23.2821 
9.45794 31.0549 23.7344 8.47055 30.8916 23.3849 10.7109 31.4062 23.8762 
11.9169 31.3573 23.8905 9.80136 31.7472 23.5922 8.51846 31.6068 23.3183 
11.5478 31.9715 23.5009 8.78598 32.1398 23.2041 11.0621 32.2133 23.3733 
12.4921 31.8947 23.3512 10.5481 32.4518 23.2256 9.5456 32.5477 23.1193 
7.73159 32.4208 22.7741 11.72 32.5443 22.9635 8.47624 32.8644 22.7433 
10.1397 33.1115 22.6979 8.9867 33.2539 22.5479 7.45093 33.0496 22.3612 
7.9527 33.4618 22.2095 11.3424 33.0007 22.5909 8.35316 33.9375 21.8309 
9.399 33.7431 22.0798 10.6511 33.5718 22.1106 8.69111 34.4219 21.1996 
9.61851 34.2484 21.3525 10.1326 34.0437 21.5415 12.4279 32.5458 22.6925 
10.9331 33.9497 21.322 9.45974 34.6858 20.4295 10.3615 34.3623 20.7355 
11.8119 33.358 21.8552 10.4762 34.512 20.096 13.3711 32.0549 22.7605 
12.5908 32.9556 21.9606 11.2799 34.1389 20.3909 11.7634 33.7924 20.8912 
13.1293 32.5608 22.1931 12.507 33.3405 21.1866 11.1815 34.3076 19.6513 
13.384 32.6967 21.6237 14.1865 31.8101 22.3628 12.6236 33.4578 20.4684 
12.1471 33.8024 19.9118 13.3642 32.9032 21.0114 14.1973 32.0878 21.7773 
11.2456 34.2916 18.9978 14.0918 32.3721 21.1611 14.9579 31.4174 21.9329 
13.4156 32.9845 20.3255 14.7317 31.8692 21.122 15.44 31.1222 21.5216 
14.1696 32.427 20.3205 16.1747 30.4558 21.0188 14.9054 31.799 20.4464 
15.6136 31.1011 20.6565 13.8318 32.6818 19.6848 15.3048 31.3753 19.9351 
13.0342 33.2483 19.4437 15.9826 30.6212 19.8962 14.5828 32.0203 19.5778 
12.1748 33.7764 18.9999 15.2883 31.2537 19.3258 13.8157 32.5936 19.0673 
15.9247 30.4104 19.0903 13.0131 33.1749 18.8024 14.5338 31.8491 18.7783 
15.1895 31.0198 18.5332 12.1036 33.6453 18.1497 12.9337 33.0456 18.1916 
13.7232 32.4108 18.269 14.4007 31.6015 18.0002 12.6121 33.0348 17.5854 
13.6001 32.2218 17.6937 15.0264 30.7094 17.7651 12.6604 32.668 17.0438 
13.4471 31.9945 17.1345 14.0176 31.4627 17.2162 14.3877 31.0946 17.281 
14.8185 30.31 17.0247 13.9636 30.8579 16.5251 13.2002 31.6276 16.4234 
13.2848 30.7702 15.7849 7.40667 31.5261 22.8729 6.84817 32.1629 22.5161 
7.57364 30.6806 22.8941 7.82682 29.8655 22.5738 7.04326 30.566 22.515 
6.32304 31.1318 22.2718 7.3858 29.8033 21.9482 6.42189 30.3521 21.8398 
7.02036 29.8667 21.1475 6.22586 30.1039 21.0358 8.06791 29.4855 21.4686 
8.07513 29.6104 20.875 7.05868 29.9938 20.3282 9.00157 29.1963 21.2144 
8.16043 29.8492 20.2469 10.2786 28.7307 21.2084 9.69511 29.1476 20.8715 
9.09249 29.5534 20.4564 10.9856 28.5617 21.0074 11.8571 28.2762 20.7857 
10.1773 29.3696 20.2373 10.9488 29.0437 20.2716 11.6659 28.7733 19.9426 
9.00468 29.8995 19.8374 10.0556 29.6749 19.6183 11.6971 28.6835 19.2508 
11.0864 29.195 19.3074 11.5096 28.3982 18.627 10.4665 29.5977 19.0242 
10.7747 29.0978 18.4523 9.57059 30.0715 18.8881 8.7753 30.2294 19.2225 
9.97203 29.7254 18.3228 7.80845 30.2303 19.5242 10.4636 28.7054 17.8659 
9.69055 29.5256 17.727 9.84623 28.4005 17.3033 9.72267 29.0365 17.446 
8.7514 30.4139 18.3724 9.11707 30.139 17.898 9.23458 29.0133 17.0631 
8.87335 30.009 17.449 7.78579 30.5568 18.6734 8.60784 29.7369 16.9648 
8.12055 30.5558 17.6986 6.96748 30.3086 19.4559 8.1676 29.2983 16.3952 
7.84415 30.3605 16.9522 7.23705 30.7536 17.8647 6.80298 30.6361 18.5549 
6.07578 30.2015 19.9466 7.45314 30.0217 16.285 5.92406 30.4038 19.171 
6.81842 30.8055 17.1486 6.16973 30.7123 18.1921 6.95978 30.6222 16.6447 
6.63534 30.5004 16.182 6.64828 29.9838 15.6482 5.85066 30.865 17.3452 
5.96223 30.5321 15.7351 5.81315 30.855 16.4705 5.11633 30.8026 15.9305 
4.75641 30.6319 15.2447 5.39113 30.7008 17.9584 4.53963 30.8297 16.105 
4.74671 30.7987 16.8408 3.69259 30.6253 15.2629 3.97789 30.6838 16.2178 
3.00341 30.4434 15.6439 4.68634 30.6682 17.5278 3.06009 30.3887 16.3624 
3.43025 30.4166 17.0769 3.97049 30.5049 17.5301 4.40093 30.4892 18.102 
4.97191 30.4654 18.6469 2.45796 30.0921 17.3614 3.29494 30.2733 18.0351 
4.19245 30.3471 18.7996 2.29146 30.162 18.2211 3.57886 30.3186 18.9938 
2.57684 30.3618 18.8594 4.71636 30.3207 19.6243 2.78961 30.6507 19.4693 
1.39556 31.1101 18.9631 3.55444 30.6442 19.9493 1.95307 31.5419 19.4988 
5.55292 30.2429 20.5195 2.58806 31.399 19.9001 4.76258 30.5106 20.6188 
1.33989 32.2645 18.9919 4.19016 31.0246 20.7704 3.4339 31.5446 20.5267 
5.20935 30.7724 21.3123 2.45557 32.3887 19.8764 5.42774 31.4149 21.7785 
4.79001 31.7939 21.4498 4.02584 32.1169 20.9845 5.98047 32.0508 22.1251 
4.807 32.6478 21.3569 3.31825 32.7271 20.4091 5.46971 32.5574 21.7529 
1.96898 33.1112 19.2103 4.52828 33.2534 20.9378 6.52143 33.0449 22.0301 
3.7219 33.4417 20.3342 2.70549 33.431 19.6277 5.84797 33.484 21.472 
2.1222 33.8789 18.7492 3.36875 33.9765 19.6745 3.03331 34.3067 19.0653 
4.09747 34.269 19.8556 4.60905 34.167 20.2601 5.29168 33.9756 20.8095 
2.75284 34.5732 18.4469 3.85789 34.7345 19.0825 3.46702 34.917 18.4538 
4.53789 34.8886 19.2596 7.04635 33.8423 21.6339 6.27301 34.2171 20.9862 
4.43528 35.2653 18.3706 5.575 34.7784 19.9544 6.95546 34.3545 21.0657 
7.64902 34.3632 21.1994 6.43432 34.6679 20.4579 5.57753 35.1224 19.3101 
7.20287 34.6608 20.6668 6.60907 35.0346 19.8433 5.44603 35.3726 18.5839 
8.28275 34.7767 20.555 7.37384 35.011 20.0427 8.11383 34.9712 20.103 
7.26905 35.2847 19.2593 5.37702 35.4823 18.0081 6.58384 35.3909 18.825 
8.0812 35.1611 19.5261 9.00012 34.946 19.8662 9.09993 35.0395 19.316 
7.55073 35.3974 18.5029 6.57377 35.5062 17.9809 10.1886 34.7261 19.3887 
8.66262 35.2039 18.6764 6.3344 35.516 17.38 9.76086 34.8943 18.5962 
8.38134 35.2507 17.9715 7.66976 35.3699 17.6593 10.521 34.6002 18.5768 
8.9986 35.0698 17.8375 9.76935 34.8272 17.9859 11.2961 34.1545 18.2142 
9.7253 34.7566 17.586 10.7037 34.3493 17.744 7.48685 35.2975 16.9986 
8.65411 35.0121 17.082 9.57318 34.6648 17.0667 10.5953 34.1924 17.1465 
11.466 33.7829 17.4053 6.7148 35.3318 16.5306 7.99084 35.0138 16.4445 
10.0154 34.2497 16.5969 9.03426 34.5737 16.2839 11.8465 33.2964 16.9792 
10.8897 33.7249 16.5877 7.22117 35.0725 16.0391 8.14255 34.7589 15.9478 
11.6153 32.9813 16.2732 9.82454 33.9393 15.8865 12.4198 32.3359 16.3376 
10.6721 33.4003 15.9006 8.88171 34.2486 15.5789 12.5247 31.5683 15.7141 
11.9415 32.1199 15.6632 11.3628 32.6117 15.6241 11.8226 31.4658 15.0639 
10.4616 33.0226 15.2871 11.0865 32.1893 15.0242 9.65081 33.5753 15.2536 
8.01787 34.4864 15.3562 10.7673 31.7041 14.4495 9.67571 33.0924 14.7617 
10.1738 32.4319 14.5493 8.7124 33.8535 14.9197 10.1524 31.4821 13.9166 
9.17097 32.7646 14.1443 8.67802 33.3888 14.3924 9.32496 32.2025 13.8363 
9.36609 31.6244 13.5143 7.08423 34.8191 15.3848 8.3635 32.9004 13.7663 
7.46426 34.2118 14.6208 7.82869 33.4065 13.9048 8.23068 32.1969 13.1856 
7.48364 32.9757 13.335 7.85198 31.3886 12.4924 7.14 33.7866 13.9366 
7.24618 32.1091 12.5844 6.69551 33.0087 12.9626 6.5045 34.3421 14.3025 
6.37545 33.7545 13.5219 6.16919 32.3518 12.1982 5.96205 32.8086 12.457 
5.84511 33.3955 12.931 5.26459 32.8361 12.1702 5.5903 34.0733 13.567 
4.962 33.6601 12.8537 4.57424 33.1327 12.1842 5.66224 34.6004 14.3303 
4.25156 34.0512 13.0931 3.77269 33.5868 12.4073 4.85829 34.4968 13.8909 
6.10574 34.9101 15.0692 3.16614 34.1832 13.0535 3.91617 34.6345 13.8903 
5.07424 34.9627 14.7986 6.1288 35.2409 15.9 5.36562 35.2624 15.6545 
5.70897 35.4743 16.69 3.99511 35 14.6656 4.3882 35.2515 15.4655 
2.65351 34.6164 13.794 4.82969 35.5127 17.438 4.41319 35.4294 16.2612 
4.61584 35.4929 16.8864 3.59029 35.1978 15.2861 3.67801 35.3991 16.4236 
3.71674 35.2751 17.6843 2.78866 34.972 14.7248 2.90815 35.1583 15.5457 
3.21895 35.2638 17.0084 2.82347 35.2028 16.2366 2.79116 34.9924 17.5621 
2.2462 35.0468 15.982 2.15854 34.8308 17.1784 1.74643 34.8815 15.5676 
1.72738 34.772 14.6095 2.09058 34.4281 18.0213 1.73274 34.7928 16.5023 
1.24436 34.5268 14.1171 1.40082 34.2891 17.4091 0.849924 34.5286 15.4563 
0.904898 34.3671 16.4375 0.500886 34.3817 14.9443 1.30891 33.5603 18.2547 
0.270433 33.967 16.3171 0.725003 33.4043 17.7723 0.398853 33.5802 17.1767 
-0.248952 33.8593 15.4827 -0.392533 33.3838 16.2994 0.754183 32.4644 18.386 
-0.0333516 32.7443 17.461 -0.718919 32.7774 16.5862 0.290088 31.8504 18.1651 
-0.640145 32.1234 17.1556 0.539975 30.9317 18.3061 -0.111753 31.3517 17.8473 
1.14018 30.4315 18.3726 1.50276 29.905 17.6175 0.164904 30.3472 17.8115 
-0.738985 31.0382 17.3141 2.08632 29.9803 16.6441 0.576265 29.6412 17.2644 
1.86219 29.9217 16.0001 2.14805 30.1201 15.3928 1.22976 29.6222 16.5208 
-0.369376 29.9503 17.2879 1.25149 29.6572 15.1454 0.468247 29.2746 16.3065 
0.64685 29.2706 15.6095 -0.409803 29.3446 16.7441 -0.364584 28.7704 15.8035 
-0.164348 28.6659 15.121 -1.18444 30.5096 16.9049 -1.11428 29.6656 16.7118 
-1.2035 28.8793 16.1318 -1.2002 28.2614 15.4509 -1.32819 31.3645 16.6903 
-1.77628 29.6736 16.2997 -1.95841 28.3749 15.5424 -1.7356 30.7058 16.4012 
-2.22399 29.3456 15.8668 -2.2731 30.2767 15.9136 -2.67803 28.8601 15.4118 
-1.41685 32.1351 16.1969 -1.88487 31.4329 16.028 -2.37614 30.8958 15.6467 
-0.943691 33.1341 15.7739 -2.92086 30.0303 15.2273 -2.28627 31.4536 15.4398 
-1.69222 32.3883 15.5473 -3.42651 28.9869 14.7691 -1.31562 33.0561 15.1605 
-2.86134 31.0761 14.8559 -2.23318 32.116 14.897 -3.42442 30.0608 14.5893 
-1.68117 32.912 14.5572 -3.9912 29.2007 14.068 -3.28527 31.0363 14.1404 
-0.710358 33.6802 14.6884 -2.75441 31.9006 14.0774 -3.87745 30.2145 13.7513 
-4.30069 29.5501 13.4054 -2.01197 32.7364 13.9589 -3.31751 31.4371 13.377 
-4.02461 30.5219 13.029 -2.30979 32.5346 13.3588 -3.32039 31.5814 12.6637 
-1.10401 33.4568 13.9097 -3.93243 30.9091 12.238 -2.51228 32.3483 12.7412 
0.0407899 34.1289 14.2946 -3.45317 31.4207 11.7519 -1.45971 33.1625 13.1584 
-2.69289 32.096 11.9948 -0.221542 33.8767 13.5197 -1.60222 32.8917 12.3976 
0.63743 34.2368 13.6676 -0.557937 33.4992 12.7297 -1.94905 32.3954 11.5085 
0.415345 33.8405 12.7835 -0.847213 33.0497 11.9053 1.69885 34.299 13.2857 
1.14845 33.8812 12.6046 0.264943 33.4114 12.0238 -0.696573 32.7814 11.3253 
-1.28174 32.2995 10.7814 1.81663 33.792 12.3823 0.405384 32.9621 11.298 
1.39244 33.2505 11.6321 0.028653 32.5134 10.7243 2.75029 33.7144 12.3538 
-0.208767 32.1205 10.2135 2.27216 33.2001 11.6489 1.34353 32.6822 10.9271 
3.06283 33.0839 11.6733 1.14172 32.1181 10.236 2.65646 32.5088 10.9841 
3.67982 32.7929 11.5653 2.20829 32.0166 10.3552 4.60557 32.4542 11.5797 
3.68619 32.0577 10.8774 2.94221 31.6952 10.2499 2.38067 31.4549 9.799 
1.73731 31.302 9.40917 3.74137 31.5629 10.4609 4.69049 31.8633 11.1249 
2.55493 31.0044 9.36255 3.55304 31.043 9.86188 5.7917 31.9294 11.7018 
4.82813 31.2594 10.7027 4.38559 30.835 10.1118 3.27724 30.5868 9.22891 
5.70643 31.1603 11.11 6.61314 31.4209 11.8002 7.19555 30.7114 11.7349 
5.47369 30.4532 10.464 6.48991 30.4283 11.1292 4.12361 30.1967 9.30409 
4.97609 30.0672 9.80856 6.18733 29.8224 10.5346 7.10846 29.6661 11.1305 
6.66444 29.2061 10.5181 5.77568 29.3114 9.80659 6.89455 28.4254 10.2172 
6.37319 28.4085 9.5955 6.73959 27.6928 9.3406 4.64436 29.5306 8.91264 
5.36739 29.0106 8.99588 6.01089 28.2547 8.77786 6.67594 27.4307 8.12563 
6.17673 27.9844 7.76703 5.57404 28.4708 7.86368 5.08248 28.8483 8.00885 
6.93823 27.7448 6.91252 4.45876 29.2878 8.19684 8.04811 27.7291 6.21133 
6.23296 28.3829 6.71404 7.25984 28.4225 6.03345 5.61743 28.6502 6.83918 
6.5798 28.957 5.67488 4.77089 28.975 7.26081 5.73795 29.0376 5.88647 
5.05752 29.0182 6.43007 3.83884 29.4418 7.66976 4.71194 29.3226 5.72037 
3.44314 29.951 8.45909 4.20772 29.2393 6.63973 3.62228 29.4249 6.27744 
3.10313 29.6546 7.41863 2.47396 30.525 8.71128 2.68793 29.6309 6.74427 
2.18681 30.2835 8.18688 2.25923 29.9631 7.55647 1.90277 29.7905 6.74722 
1.35273 30.3746 7.95737 1.24809 31.0949 9.01558 1.18099 30.0464 7.18228 
0.803623 29.9503 6.72956 0.727603 30.6606 8.24028 0.454114 31.7056 9.64838 
0.353801 31.1028 8.82977 0.158545 30.4075 7.6849 -0.340786 31.505 9.35919 
-0.399608 30.9403 8.51562 -0.418231 30.2095 7.18145 -0.676928 30.5989 7.93766 
-1.03951 31.8548 9.96326 -1.11754 31.2649 9.06315 -0.935701 30.0223 6.63418 
-1.35151 30.3168 7.40476 -1.41562 30.598 7.98613 -1.64124 31.5601 9.69175 
-1.76923 30.8816 8.55863 -1.92498 31.9272 10.4849 -1.8443 30.1119 6.99065 
-2.28628 30.4215 7.83168 -2.33566 31.208 9.39186 -2.61736 31.8789 11.0985 
-2.65258 31.4534 10.1488 -2.68478 30.7364 8.67708 -2.69551 30.0247 6.98789 
-2.87622 30.3645 7.96288 -3.36789 31.3046 10.8426 -3.38391 30.7384 9.24789 
-3.47981 30.2556 8.16306 -3.56885 30.9519 10.0986 -3.61537 29.9995 7.52078 
-4.00133 30.8438 11.2375 -4.14948 30.3493 9.38585 -4.32815 30.4295 10.4168 
-4.23943 30.0212 8.43104 -4.34626 29.6382 6.91648 -4.73562 29.9045 9.42064 
-4.53628 30.0776 12.0263 -4.7685 29.9125 11.2073 -4.91716 29.5234 7.94749 
-5.05603 29.596 10.4467 -5.27751 29.3225 9.80945 -5.28219 29.3041 8.8936 
-5.39199 29.1407 7.45212 -6.0063 28.7579 7.00112 -5.82144 28.6877 8.57739 
-6.19562 28.2901 8.00642 -6.57288 28.0185 7.38128 -6.90326 27.5682 7.30262 
-5.94664 28.292 9.53761 -5.70353 28.5762 10.1177 -7.26461 26.8827 7.18433 
-6.29119 27.7912 8.98125 -6.64587 27.3435 8.35713 -6.95628 26.7602 8.10157 
-6.62787 26.6685 9.22357 -6.204 27.4889 9.88527 -5.38501 28.8534 11.124 
-6.60635 25.9511 9.71549 -6.24726 26.8432 10.2917 -5.7748 28.0112 10.8658 
-6.27957 25.8286 10.5267 -5.99549 26.2925 11.1029 -5.77167 27.2511 11.3751 
-5.04554 29.0435 12.0393 -5.33857 28.1631 11.9894 -5.79749 25.3479 11.4114 
-4.63176 29.4192 12.7833 -5.57735 26.3941 11.8402 -5.37199 27.2826 12.2095 
-4.87811 28.4547 12.8309 -5.0951 27.6583 12.66 -5.25615 25.5506 12.1768 
-5.13367 26.3845 12.5487 -4.51616 28.5802 13.4346 -4.7065 27.4975 13.2357 
-4.64452 26.3032 13.0533 -4.32281 27.9179 13.7475 -4.62621 24.8954 12.4944 
-4.30912 25.6009 13.0205 -4.11456 26.6996 13.6352 -3.76553 28.1637 14.3594 
-3.67226 27.2665 14.1648 -3.65041 24.8421 12.8731 -3.50781 25.6917 13.4093 
-2.90174 27.9977 14.9389 -3.19127 26.3169 13.851 -2.94322 27.2059 14.4846 
-2.75989 25.1925 13.0228 -2.8214 24.6766 12.6462 -2.33545 26.6824 14.0888 
-2.44351 25.9433 13.48 -1.96729 27.6682 14.9334 -1.95889 27.1118 14.3707 
-2.08391 24.9084 12.3003 -1.75364 26.4109 13.3656 -1.82612 25.7506 12.6828 
-1.3884 27.2039 13.9768 -1.69379 25.0175 11.6798 -0.962259 27.9639 14.7052 
-1.31504 26.5856 12.6223 -1.13527 27.1438 13.2398 -1.30951 26.286 11.9759 
-0.724948 27.8672 13.8372 -0.90533 27.2316 12.1001 -0.786789 27.5178 12.4783 
-1.01782 26.8397 11.5616 -0.583278 27.9296 13.1842 -0.417919 28.1161 12.6036 
-0.168545 28.5308 14.2402 -0.552177 27.8212 11.7181 0.0195039 28.6863 13.4417 
-0.0398833 28.5551 12.1994 0.475224 29.1229 14.8222 0.533682 29.1777 14.1607 
0.377322 29.0169 12.7898 0.751203 29.3615 13.5731 1.32639 29.7374 14.3337 
1.11297 29.5468 13.0666 1.98087 30.0836 14.7391 1.58275 29.8475 13.6772 
2.82197 30.4009 14.7896 2.37065 30.1445 13.914 1.54422 29.53 12.5855 
2.21286 29.8897 13.208 3.09598 30.3529 14.2493 3.97382 30.4858 14.6487 
3.77026 30.069 13.8501 3.39907 29.8386 13.4089 4.6836 30.1417 14.4394 
2.91358 29.6346 12.947 5.47328 30.2521 15.0547 4.69095 29.5748 13.955 
6.17795 29.5964 15.0545 5.37014 29.5427 14.4294 4.37588 29.2418 13.5123 
6.07799 28.7528 14.6261 5.30411 28.6855 13.9725 5.82604 27.9959 14.2144 
3.63845 29.1018 12.8758 4.5973 28.4582 13.274 5.25987 27.7241 13.6099 
5.35788 26.8991 13.4765 4.04386 28.2553 12.6501 4.43914 27.6834 12.7744 
4.86401 26.9901 12.8999 2.6669 29.1683 12.3141 3.35955 28.5765 12.2563 
3.93069 27.565 12.0857 2.08597 29.1292 11.9739 4.2064 26.8222 11.8859 
2.76985 28.4305 11.6347 3.321 27.8926 11.6486 1.234 29.1259 11.8394 
0.609555 28.9937 11.9099 2.71939 27.9794 11.1001 1.8804 28.5601 11.145 
3.46922 27.2099 11.1636 0.106466 28.5636 11.5586 0.959388 28.756 11.1803 
3.88786 26.4039 10.9297 2.58933 27.6596 10.589 0.651544 28.4117 10.6405 
3.12293 26.8908 10.2606 1.45115 28.1547 10.346 -0.169845 28.1194 10.8782 
2.03366 27.5876 9.94739 3.3622 26.3578 9.91842 -0.682468 27.4729 11.0388 
0.215495 27.9388 9.99449 1.01973 27.8163 9.68754 -0.469936 27.552 10.3082 
2.28759 27.0105 9.38622 1.54107 27.2512 9.08393 0.352039 27.4875 9.2084 
-0.288121 27.3588 9.55381 -0.823717 26.8503 10.1855 2.95061 26.276 9.1212 
-1.02587 26.5627 10.8258 0.784815 27.202 8.73864 -0.219249 26.8917 8.81424 
-0.699163 26.5983 9.30733 -1.35646 25.7084 11.2777 -1.1366 26.0078 10.486 
1.82493 26.6907 8.47589 -1.01807 25.9783 9.75048 0.728681 26.7323 8.13806 
-1.24327 25.3915 10.3674 -0.356168 26.354 8.33158 -0.933027 25.7741 9.09721 
2.55694 26.1155 8.36444 -1.53698 24.6233 11.0099 1.26506 26.2884 7.67651 
0.232116 26.2891 7.72581 3.2058 25.4699 8.37154 -1.313 24.6563 10.2096 
2.10751 25.9206 7.69792 -1.17689 24.8354 9.59884 2.76724 25.3395 7.66801 
-1.46136 23.9461 10.4429 1.77617 25.516 7.10987 -0.920829 25.2311 8.51188 
-0.192395 25.7549 7.49055 -0.670493 25.5049 7.96849 0.810398 25.6605 6.97383 
-1.07216 24.659 8.90957 2.68826 24.7377 7.07621 -1.21052 23.8514 9.49399 
-1.66966 23.0216 10.5605 1.90497 24.86 6.67006 0.20137 25.2199 6.80525 
-1.32371 23.0247 9.75442 -0.861404 24.5144 7.92648 -0.460811 24.8287 7.17239 
-0.980959 23.9254 8.35649 -1.10186 23.4062 8.92575 1.17282 24.6333 6.35093 
-1.39139 22.1703 9.75931 -0.676267 24.0954 7.32938 -0.939984 23.1684 8.26392 
-0.231906 24.2725 6.65105 -1.11602 22.3473 9.08959 -0.787323 23.5271 7.62108 
0.385569 24.3201 6.28688 -0.935144 22.2832 8.42846 -0.476285 23.305 6.92079 
-1.24655 21.3896 9.33351 0.0648487 23.3639 6.28484 -0.661627 22.6795 7.43166 
0.960795 23.5365 6.02424 1.89956 23.8459 6.22835 -0.943574 21.3067 8.62329 
2.69725 24.034 6.70876 -0.673907 21.8931 7.72186 -0.0121672 22.3751 6.48059 
1.09338 22.4916 6.00091 -0.325263 21.7431 7.02871 1.99832 22.9326 6.11356 
-0.611536 20.7641 7.93174 -1.0375 19.9156 8.90883 -0.15032 21.1009 7.04527 
0.646134 21.5695 6.29443 -0.699763 19.8767 8.35009 -0.240843 20.4159 7.39171 
-0.750397 18.7537 8.58658 -0.376187 19.3823 7.9661 -0.0270035 19.6357 7.47112 
-0.349305 18.0867 8.25277 0.871056 20.8361 6.50742 0.55467 20.1448 6.85506 
0.114188 18.9562 7.56753 0.0982707 18.17 7.8279 0.785784 19.0955 7.25159 
1.08169 18.3581 7.52052 1.76708 21.4663 6.28131 1.69004 19.8039 6.9974 
1.79667 18.3211 7.75617 1.91835 19.0705 7.46513 2.16522 22.1106 6.224 
2.10873 20.6327 6.71531 2.46298 18.181 8.30622 2.59478 19.569 7.50184 
2.83765 21.4605 6.73978 2.94215 20.5818 7.17836 2.84814 23.135 6.5511 
2.92243 22.2534 6.60857 2.95604 18.9772 8.19998 3.21481 20.1131 7.65505 
3.46478 22.0698 7.05385 3.52006 21.1317 7.40032 3.49517 23.02 7.07882 
3.35691 23.9464 7.22417 3.97526 22.2618 7.57273 3.44766 24.6129 7.78876 
3.98517 23.1727 7.68918 4.04962 21.3351 7.87881 3.75018 20.1734 8.13556 
4.37143 21.7618 8.16527 3.98712 24.0058 8.13862 4.42328 22.9364 8.31699 
4.02801 19.9203 8.61826 4.67431 22.2022 8.65501 3.75591 19.312 8.76443 
4.36984 20.4034 8.75155 4.70434 21.1533 8.87658 3.61628 18.6717 9.12695 
3.20437 17.9783 9.18517 4.2752 19.3703 9.40114 3.43621 17.4052 9.93445 
3.91283 18.2578 9.88476 4.83509 20.1573 9.66584 4.03541 17.5715 10.7326 
4.33904 18.3565 10.4567 4.62681 19.2444 10.0774 4.83697 18.8512 10.8765 
4.67861 18.1161 11.3646 5.10741 21.0699 9.73288 5.21987 19.8556 10.7603 
5.22888 20.4183 10.3522 5.25371 19.3021 11.3941 5.08586 21.9443 9.56924 
5.47601 20.6283 10.9859 5.36782 21.3807 10.3803 4.39064 23.769 8.76521 
5.09057 22.5543 9.74625 4.83266 23.1399 9.38297 3.88234 24.7777 8.72006 
4.61485 23.7386 9.26985 3.58875 25.4165 8.97154 4.42456 24.2961 9.40697 
3.84953 25.4446 9.55351 4.29644 24.8336 9.74563 4.83581 23.9382 10.1784 
4.00996 25.6245 10.175 5.19155 23.0933 10.4378 5.39986 22.26 10.6659 
4.65273 24.7258 10.6074 4.31138 25.5801 10.8144 5.00434 24.2542 11.1266 
4.41905 26.0575 11.5973 4.70441 25.2634 11.4224 4.80785 26.2418 12.44 
5.36065 23.0764 11.1497 4.92496 25.5301 12.1824 5.10624 24.6924 11.9087 
5.34122 25.9116 13.1338 5.32587 23.6531 11.6028 5.41206 24.9762 12.8304 
5.4664 23.6419 12.0959 5.54129 24.0604 12.6321 5.56723 21.3237 11.1376 
5.60869 21.8941 11.4069 5.78299 24.2859 13.3148 5.6216 22.6526 11.9162 
5.73283 23.2242 12.6991 5.76095 21.8275 12.102 5.68169 21.0487 11.6748 
6.05165 23.3561 13.6324 5.85536 22.4179 12.7431 5.96977 22.8148 13.3141 
5.98584 21.9833 13.0911 6.2279 22.4115 13.9222 5.55776 20.087 11.6443 
5.92017 21.1816 12.7668 5.77319 20.6296 12.2173 6.14786 21.5792 13.6511 
6.18123 20.9397 13.828 5.89002 20.326 12.8789 5.55776 19.4244 12.2422 
6.03609 20.1838 13.6407 5.77019 19.4627 13.0131 5.18075 18.6326 11.9443 
6.21265 19.963 14.3061 5.85641 19.2103 13.5897 5.50093 18.6471 12.8824 
4.98249 17.9119 12.2889 5.39405 17.9616 13.2761 6.01034 18.77 14.3928 
5.68703 17.9489 14.0678 7.61026 27.1459 6.88145 7.19677 26.9016 7.88192 
8.73611 27.1572 6.21463 7.10874 26.9908 8.97326 8.03356 26.5361 6.98228 
9.22665 26.5115 6.27224 7.68564 26.187 8.09005 8.71661 25.8153 6.8511 
9.55079 25.6809 6.40705 8.22597 25.6073 7.68728 10.5907 25.5529 6.10744 
9.37977 24.9565 6.8012 10.8531 24.4442 6.24254 12.2251 23.6887 6.03757 
9.35514 24.4059 7.16103 11.3771 23.4397 6.29805 10.1078 23.8087 6.81681 
8.61285 24.7872 7.94647 10.5748 22.9512 6.87319 8.13391 25.3677 8.54065 
9.7094 23.2078 7.56307 9.00347 23.9386 8.19172 9.22021 23.3166 8.5359 
9.56508 22.656 8.50264 8.12136 25.5011 9.32121 8.67041 24.339 9.08532 
7.70814 26.3741 9.51131 9.05178 23.6918 9.73974 8.47495 25.1542 9.85617 
9.39652 22.7853 9.71508 8.86636 24.5182 10.1921 9.48451 23.0655 10.5123 
9.40833 23.9077 10.8646 9.93105 22.3789 11.1176 8.34038 26.0134 10.3507 
9.92478 23.3469 11.4748 9.25765 24.7153 11.0254 10.4792 22.6527 12.04 
8.96813 25.412 10.929 10.2828 24.0785 12.0808 9.94686 24.5414 11.8191 
10.6755 23.4707 12.3694 9.73715 25.165 11.754 9.29844 25.946 11.5163 
10.4113 25.153 12.3557 8.90584 26.4863 11.2879 9.88011 25.9575 12.0524 
8.22423 26.8664 10.716 7.4144 27.3905 10.066 8.71301 27.1383 11.3353 
9.95752 26.606 12.2329 7.94653 27.6483 10.8165 10.6381 26.0613 12.6352 
9.5649 27.2247 12.0577 7.40231 28.5005 10.7486 8.7405 27.9248 11.6261 
8.10969 28.3994 11.2958 7.72015 29.2118 11.3524 8.61198 28.7291 11.8085 
9.72589 27.8972 12.3355 8.30916 29.5399 11.9091 7.78474 30.178 11.8431 
9.34942 28.7138 12.3078 8.37911 30.6645 12.4374 9.12342 29.5034 12.4226 
9.01526 30.179 12.6177 9.06143 31.0594 13.0386 10.509 27.4068 12.742 
10.2111 28.5426 12.8048 10.0421 29.1607 12.8785 10.0334 29.8031 13.088 
10.0125 30.5312 13.3668 10.7712 29.7763 13.527 10.7052 30.8556 13.9411 
10.9327 29.1361 13.4099 11.1171 30.1973 13.9086 11.0741 28.3858 13.2879 
11.46 30.9284 14.4791 11.6646 29.6503 14.0376 11.8326 28.9682 13.9099 
12.1188 30.1903 14.5685 11.327 27.6211 13.2804 12.4524 29.4928 14.4912 
12.5434 30.6526 15.1134 11.9401 28.115 13.7454 11.2259 26.7778 13.0891 
12.6745 28.3384 14.2568 11.9009 27.1377 13.5379 12.5361 27.2046 13.9247 
11.3621 25.9306 13.0907 12.1013 26.4493 13.5669 11.0687 24.9651 12.8284 
12.0879 25.6968 13.4993 11.0116 24.0907 12.715 11.7461 24.6598 13.2527 
11.1847 22.9974 12.7763 11.786 23.6299 13.2471 11.6885 22.3147 13.1567 
12.0294 22.7657 13.3963 12.2789 24.1052 13.5524 12.5357 25.0253 13.717 
12.3647 23.2014 13.6005 12.669 22.2196 13.7985 12.9759 23.1843 13.9376 
12.9668 23.9991 13.9261 13.4113 22.7178 14.1697 13.1441 25.3828 14.0758 
14.1414 22.5315 14.5308 13.4985 24.4712 14.2211 13.8235 23.6809 14.3678 
13.0596 26.2831 14.1057 14.5388 23.1993 14.7241 13.7437 25.334 14.4056 
14.4472 24.4316 14.7317 15.0549 23.6882 15.0204 13.208 27.4 14.3686 
14.402 25.2024 14.7738 13.8285 26.4401 14.5827 14.4046 25.7856 14.8435 
13.1665 29.0469 14.8079 13.1897 29.9033 15.2 13.6323 28.0496 14.802 
14.1758 27.2132 14.9488 13.9307 28.5851 15.1852 13.9125 29.4307 15.5292 
13.8606 30.1117 15.8638 14.314 28.8596 15.5851 14.5705 29.709 16.2698 
14.5348 27.9993 15.4235 14.9304 28.7486 16.0521 14.6766 26.4985 15.1347 
15.044 27.2378 15.5655 15.3974 28.0489 16.1356 15.2201 26.0304 15.4135 
15.1905 25.3775 15.2841 15.1858 24.6197 15.1834 15.7436 27.3663 16.168 
15.6934 26.4291 15.8422 15.8177 25.2562 15.691 16.2314 26.1735 16.1925 
16.0259 24.333 15.698 15.7574 23.5819 15.4269 16.4431 25.2258 16.135 
7.34817 29.2453 15.768 10.1637 28.009 17.4315 6.70059 29.0101 15.195 
8.84603 28.4861 16.6426 7.85305 28.6232 15.9643 7.32568 28.474 15.5423 
8.33365 27.9614 16.2134 6.97325 28.099 15.2052 9.46236 27.6383 16.9518 
7.94022 27.5437 15.9125 9.0293 27.1761 16.6743 7.42121 27.3636 15.5064 
6.5061 27.6746 14.7639 8.60205 26.8419 16.4042 9.97908 26.7247 17.2705 
7.9289 26.7171 15.9253 9.20726 26.2419 16.8634 7.29261 26.6085 15.4135 
6.32853 27.0662 14.5358 8.47222 25.9037 16.4238 5.94788 26.6538 14.0948 
6.82357 26.2117 14.9901 7.59268 25.8538 15.7315 5.91331 25.9211 13.9458 
6.42461 25.6084 14.55 5.8045 25.3213 13.6729 6.98263 25.2871 15.1958 
6.31807 24.9581 14.3814 6.04708 24.5038 13.8959 7.7475 25.1874 15.9593 
6.65307 24.6113 14.832 6.22777 23.9117 14.1145 7.18287 24.6309 15.4747 
9.38662 25.6089 17.0635 6.72833 23.9027 14.9503 8.5125 24.9314 16.6189 
6.40556 23.3072 14.4088 7.95787 24.371 16.2844 7.39899 23.8636 15.8204 
9.5224 24.9836 17.2528 8.9754 24.183 17.0872 6.83566 22.9398 15.1898 
9.8156 24.5244 17.5002 7.15784 23.1141 15.6412 6.55015 22.5416 14.6902 
8.545 23.6806 16.9051 7.9907 23.2151 16.5519 7.55107 22.8087 16.1793 
9.66258 23.5752 17.6199 8.98009 22.9406 17.3747 7.16367 22.106 15.8115 
6.67581 21.7611 15.0316 7.94392 22.3539 16.688 8.38165 22.2939 17.0955 
6.41347 21.339 14.4609 7.70306 21.7275 16.5872 8.91441 21.9478 17.5677 
6.82214 21.0781 15.4461 8.21857 21.3398 17.1877 7.2559 20.8759 16.2255 
6.67771 20.2631 15.3802 7.93905 20.6184 17.1111 6.37225 19.4528 14.9978 
7.39252 19.9892 16.6525 6.63508 19.2996 15.6526 6.24578 18.4406 15.1768 
5.93247 17.5126 14.9316 7.13311 19.3061 16.4952 6.27376 17.7629 15.5306 
6.72366 18.4311 16.1325 6.57824 17.4848 16.2009 6.40314 16.8274 16.0959 
7.30884 18.5669 16.9641 7.10951 17.7624 16.9302 6.92284 16.9882 16.8776 
7.73581 19.1829 17.2877 7.08758 16.2798 17.2831 8.19439 19.9011 17.5417 
7.56577 17.6425 17.5322 7.64188 16.5083 17.9169 8.10793 17.6123 18.1005 
8.22117 18.2454 18.0255 8.39194 19.1751 17.911 8.26356 16.2325 18.6124 
8.44416 17.2493 18.5002 8.82681 17.8853 18.6029 8.84966 18.8074 18.3591 
8.98857 16.0144 19.2415 9.10564 16.7532 19.1154 9.26472 17.4733 19.0113 
9.68022 16.0845 19.6308 9.46517 18.1948 18.9081 9.93087 17.4025 19.3553 
10.227 15.8151 19.9387 10.4553 16.7551 19.7268 9.17578 19.5749 18.3503 
9.87617 18.6817 18.9625 10.7363 17.552 19.5727 8.8282 20.6589 17.8345 
10.6113 18.5135 19.271 10.3196 19.5009 18.9071 9.9497 19.9302 18.6474 
9.64679 20.4053 18.3822 9.12498 21.4151 17.8338 11.2154 19.2524 19.218 
9.7674 21.2535 18.2175 10.8035 20.312 18.8506 10.5051 21.1244 18.5538 
10.091 21.9557 18.1898 9.70009 22.5489 17.8736 11.2992 20.7344 18.8797 
11.1171 21.9649 18.563 10.6672 22.802 18.2335 10.3511 23.5091 17.959 
10.226 25.4638 17.5409 10.6173 24.3459 17.908 10.599 27.4035 17.6316 
10.6111 25.9907 17.6655 11.1283 27.9588 18.0761 10.945 26.396 17.809 
11.0497 25.0414 17.9791 11.4131 26.9112 18.076 11.8283 27.3546 18.408 
11.5617 25.8582 18.1372 12.1512 27.6891 18.7958 11.5929 25.04 18.2082 
12.1796 26.4305 18.4676 11.3582 23.9341 18.2708 12.6945 26.9664 18.9287 
12.1153 25.0615 18.4222 12.5959 25.7498 18.6357 13.2535 26.3096 19.1386 
12.6905 25.0487 18.667 11.5312 23.0753 18.4755 13.243 25.588 18.9789 
12.2498 24.1222 18.5588 13.4678 24.8221 19.0434 13.104 24.0856 18.8821 
12.5154 23.3332 18.7407 12.0889 22.6424 18.7118 13.8684 24.0074 19.2142 
11.7904 21.6749 18.8057 13.0767 22.8153 18.9734 13.5956 23.179 19.1212 
12.708 21.8754 18.9936 14.4001 22.951 19.4563 12.2439 20.9589 19.0415 
13.9743 22.1641 19.3114 13.4023 21.6534 19.1933 12.0735 20.1564 19.1688 
13.1898 20.7699 19.263 14.7086 21.9475 19.6157 14.4478 21.3338 19.5311 
14.0766 20.7109 19.4789 13.416 20.1602 19.3993 12.3372 19.5303 19.3413 
11.8557 18.6398 19.4781 13.6527 19.5029 19.5408 12.8161 18.8273 19.5427 
11.5454 17.9102 19.6243 11.2746 17.0309 19.8298 11.1625 16.0599 20.0994 
12.5689 18.1004 19.6795 12.0363 17.2148 19.8631 11.9253 16.13 20.1551 
12.7486 16.7955 20.0052 12.4961 15.9194 20.229 13.1438 17.401 19.8771 
13.522 18.106 19.7646 12.8398 15.2463 20.4034 13.2855 15.9213 20.2198 
13.7443 16.517 20.0999 13.9394 15.4084 20.3443 14.2007 17.1858 20.0106 
14.1783 18.9641 19.7224 14.6177 15.075 20.4627 14.3404 17.969 19.9081 
14.664 16.2147 20.2506 14.9791 17.4366 20.1341 15.3147 15.5925 20.5198 
14.8309 18.8303 19.9014 15.3453 16.84 20.3357 15.5538 16.1485 20.5153 
14.7742 20.102 19.7462 14.9319 19.5048 19.8571 15.2474 18.3825 20.0976 
16.0444 15.7483 20.8557 15.7362 17.6996 20.4025 16.0192 17.0534 20.6569 
15.5118 19.2677 20.1222 15.0214 20.9499 19.7922 16.1897 16.5013 20.8505 
15.9668 18.5648 20.4545 15.536 20.0828 20.0907 16.5763 16.2437 21.3272 
16.3355 17.6692 20.866 16.6512 17.0463 21.3356 16.8399 16.4193 21.9784 
16.1475 19.3628 20.5595 16.6836 17.843 21.343 16.4963 18.5789 20.9971 
16.8493 17.1768 22.005 16.7528 16.6065 22.8009 16.8256 17.6017 22.2848 
16.7823 18.5542 21.7591 16.0574 20.1195 20.4744 16.6129 17.6602 22.9198 
16.7176 18.3749 22.4691 15.606 20.9499 20.1089 16.6355 19.5236 21.3037 
16.6986 19.1265 22.2634 16.3599 18.313 23.2168 16.4939 19.043 22.7836 
16.4901 20.2669 21.0999 16.6701 19.8606 21.893 16.2842 20.7281 20.8015 
16.4874 19.9974 22.4572 16.0757 18.9746 23.4992 16.2197 19.6315 23.0483 
16.5082 20.8174 21.6772 16.3268 20.4384 22.5672 16.0752 21.1957 20.5818 
15.9034 20.1575 23.3396 15.7433 19.755 23.7914 16.0248 20.7796 22.8957 
16.2661 21.3607 22.1361 15.563 21.7482 20.1251 15.6157 20.814 23.4976 
16.2933 21.6737 21.3078 15.934 21.505 22.6739 16.0247 21.9289 20.7065 
15.6931 21.5233 23.0226 15.1326 22.3886 19.8581 15.6868 22.3684 20.3187 
15.9697 22.2623 22.128 16.0403 22.5039 21.591 15.8616 22.7747 20.7473 
15.3743 22.1052 23.1614 15.5653 22.5792 22.6058 15.3193 23.0958 20.0848 
15.7734 23.2887 21.3115 14.7373 23.5611 19.7008 15.5122 23.6694 20.6065 
15.5175 23.3172 22.1128 15.5282 23.8242 21.4144 15.0764 24.2634 20.2198 
15.2876 24.3749 20.8489 14.3089 24.575 19.5427 15.2446 24.2795 21.5889 
15.0717 23.8533 22.347 14.6521 24.9756 20.0058 14.9999 24.9542 20.9218 
13.8759 25.5627 19.4367 14.6217 25.5673 20.5284 14.8214 24.7946 21.804 
14.2947 25.7808 19.9984 13.8623 26.4098 19.8452 14.4658 25.687 21.1963 
14.103 26.3656 20.5291 13.2009 27.0716 19.4939 12.4181 28.0039 19.4036 
13.4946 27.0985 20.1992 13.0026 27.607 19.9916 12.4706 28.1305 20.0804 
13.4445 27.0341 20.8866 12.6883 27.6964 20.8542 13.9484 26.2212 21.4099 
13.1626 26.8936 21.496 12.5021 27.3424 21.5443 14.2556 25.4267 21.9647 
13.3863 26.4116 21.8628 13.5662 25.9601 22.1956 12.88 26.4998 22.2672 
14.2802 24.8556 22.4959 13.6642 25.497 22.581 14.7137 24.1776 22.5589 
12.739 26.1854 22.9175 15.0951 23.1353 22.883 13.1588 25.5649 23.2674 
13.5441 25.1698 23.1889 14.0617 24.4974 23.1422 14.616 23.6899 23.0993 
14.9048 22.7353 23.4395 12.8756 25.7932 24.0764 15.3141 21.4819 23.6482 
14.4545 23.4171 23.6473 13.5999 24.7259 23.8768 14.1237 23.8742 23.8508 
15.4102 20.4192 24.2835 14.7707 22.5086 23.9605 14.9978 21.738 24.1893 
15.1714 21.0864 24.5443 13.4287 25.0498 24.4096 14.5082 22.9096 24.5183 
14.9662 21.8724 24.9739 13.158 25.8366 24.7486 14.0281 23.9919 24.6016 
14.6329 23.0489 25.1817 15.3074 21.9763 25.6138 15.0331 22.7327 25.5446 
14.0698 24.5109 25.152 14.604 23.7738 25.4336 13.9149 25.2888 25.2843 
15.1364 23.595 25.7861 14.6153 24.8066 25.6468 15.2505 24.2423 25.8697 
14.3925 25.8763 25.6055 15.2327 24.97 25.8334 16.7295 24.0303 16.1301 
16.8459 24.7446 16.3474 17.5119 24.0613 16.7442 18.1612 24.0273 17.3614 
17.6425 24.8118 17.0587 16.9759 25.4737 16.6274 18.4584 24.4494 17.8671 
17.3904 25.6755 17.0976 16.8046 26.3374 16.7554 17.8445 25.6102 17.5994 
18.4797 25.0227 18.1788 16.408 27.0822 16.6644 17.452 26.5343 17.5865 
18.1971 25.782 18.194 16.8714 27.2644 17.2712 16.0839 27.9768 16.775 
15.4528 28.9385 16.677 16.53 28.1003 17.3924 15.495 29.5653 17.2198 
16.0761 28.8229 17.3539 17.3778 27.2767 17.9762 15.8043 29.6759 17.7687 
16.6414 28.5094 17.8903 15.7934 30.1227 18.3049 16.2721 29.5477 18.4216 
18.0565 26.4421 18.4292 16.7229 28.9437 18.5013 17.2348 28.1095 18.5011 
17.7767 27.1874 18.5688 16.8556 29.1624 19.1175 16.5132 29.8023 19.4281 
17.4486 28.2878 19.2007 17.9361 27.3951 19.1287 17.2307 28.8549 19.6059 
16.9701 29.3978 20.0862 16.6097 29.9454 20.4579 17.8433 27.9342 19.7107 
17.3761 28.8659 20.2566 18.3752 26.7085 19.3279 17.6855 28.4194 20.3331 
16.9212 29.5647 21.0006 18.5733 26.0406 19.0762 18.3339 27.1778 19.9114 
18.6687 25.4437 18.7629 18.0923 27.8044 20.5021 17.4558 28.8329 21.0824 
18.8732 26.152 20.0178 19.0231 25.4363 19.5409 18.5688 26.9884 20.5277 
19.0784 24.2121 18.7026 19.1136 24.7155 19.1077 17.1782 29.1405 21.7218 
18.0266 27.9811 21.2574 19.4069 23.7317 19.039 18.9794 26.2123 20.6547 
19.3641 25.0628 20.1445 18.557 27.0971 21.2488 19.7084 23.8072 19.794 
19.7881 23.9719 20.2257 17.0167 28.9876 22.6096 17.911 28.0135 22.0449 
17.5363 28.466 22.3053 18.884 26.4802 21.5221 19.693 24.5556 20.7476 
19.2868 25.6408 21.2002 20.0888 23.1498 20.3719 18.3363 27.3243 22.1241 
17.4225 28.2367 23.0186 18.7619 26.601 22.0775 19.6943 24.6988 21.47 
20.0716 23.6131 21.0928 19.3476 25.4776 21.8853 17.7545 27.7403 23.0874 
18.3824 26.9939 22.7104 19.146 25.781 22.3303 20.0509 23.7668 21.7903 
19.6596 24.6817 22.2367 20.3453 22.8217 21.4015 18.673 26.35 22.9865 
18.0474 27.0238 23.4549 19.1176 25.4817 22.9958 20.0387 23.6433 22.4012 
20.3268 22.876 22.1611 19.5176 24.6197 22.9761 17.3016 27.7432 23.8217 
18.5661 26.0516 23.5914 19.1618 24.8889 23.576 16.8506 27.4449 24.5334 
17.5536 26.7762 24.3805 18.3259 25.8742 24.15 14.7404 26.5351 25.594 
15.3358 27.1682 25.3738 16.3762 26.9193 25.1427 17.8542 26.0062 24.6267 
15.9465 26.448 25.5015 17.0962 26.3016 25.0527 15.4421 25.9138 25.7205 
16.3432 25.8344 25.5886 18.7727 25.0708 24.128 17.8117 25.5006 24.9595 
16.0424 25.152 25.8385 16.8092 25.3986 25.5825 17.3905 25.1017 25.4271 
18.3358 24.8485 24.8206 16.0774 24.243 25.9831 16.8182 24.4323 25.8611 
18.8291 24.4979 24.4512 17.9682 24.4265 25.3259 19.3887 24.1401 23.7901 
19.9086 23.5634 23.0498 18.7182 23.861 24.9289 17.4538 23.855 25.7956 
19.1565 23.7417 24.4651 20.2016 22.7609 23.009 19.8822 23.0815 23.6117 
20.5391 22.0614 22.3578 19.5266 23.2046 24.2233 18.3831 23.4607 25.3822 
19.0606 23.0609 24.9291 20.447 21.9336 23.0004 19.9135 22.4215 24.0095 
20.2219 22.0798 23.5529 19.4747 22.4087 24.727 18.0259 23.0722 25.73 
19.8948 21.7524 24.4021 16.6289 23.5402 26.0583 20.1818 21.3474 24.0926 
18.7947 22.4715 25.387 20.5136 20.8143 23.636 19.3969 21.6346 25.091 
15.9207 23.2186 26.0465 20.2427 20.5757 24.2961 16.8948 22.9642 26.1008 
17.6222 22.5639 26.0012 19.8683 20.7803 24.801 18.3155 21.9347 25.8321 
20.3265 19.7373 24.4322 18.802 21.3947 25.6552 15.6886 22.4823 25.9553 
16.4691 22.3943 26.1637 19.2666 20.7902 25.4366 19.6783 20.1375 25.1761 
20.0276 19.4643 24.9182 17.5607 21.7056 26.1391 16.9561 21.7033 26.2064 
16.1679 21.731 26.0951 17.7794 21.0937 26.1588 18.4562 20.5917 25.985 
19.0905 19.8546 25.733 19.6561 19.0256 25.4015 16.6588 21.0423 26.2182 
17.3387 20.568 26.2743 18.0399 20.033 26.2 15.7396 21.1221 25.8114 
17.0482 20.065 26.2841 16.267 20.3765 26.0632 18.5611 19.1919 26.0889 
17.6115 19.5062 26.3011 19.186 18.451 25.8354 15.4169 20.6869 25.2476 
18.4621 18.287 26.1926 17.6781 18.6966 26.3186 16.8177 19.2596 26.2212 
18.7868 17.5693 26.0995 15.8227 19.9439 25.638 18.1656 17.8871 26.271 
16.3955 19.0606 26.0014 18.0365 16.9481 26.2787 17.4366 17.5795 26.2938 
16.8979 18.1404 26.2039 15.8861 19.1544 25.4676 15.5646 19.6911 24.8097 
16.3174 18.1256 25.8069 16.6687 17.2354 25.9721 17.1683 16.479 26.1432 
15.688 19.2652 24.3171 16.0198 18.1946 25.3823 15.8026 18.6014 24.7712 
16.1435 17.3468 25.3358 15.9142 17.9557 24.6022 15.9447 18.4615 23.972 
16.4925 16.2232 25.6268 16.1469 16.7553 25.0782 16.0216 17.3556 24.4422 
16.1209 16.5733 24.4269 16.2101 16.0061 24.9248 16.2128 17.614 23.6774 
16.232 16.5183 23.9746 16.4578 16.8851 23.3832 -0.671492 17.6357 8.61667 
-1.16988 17.5749 8.99075 -1.47576 16.7856 9.07171 -1.3013 18.332 9.14437 
-2.23016 16.247 9.17874 -1.87348 17.6696 9.39598 -2.39604 17.0185 9.41107 
-3.07734 16.535 9.26864 -1.39764 19.1548 9.30947 -2.00643 18.5481 9.64872 
-2.68262 17.7614 9.66477 -3.55729 17.3483 9.47905 -2.40239 19.0544 9.97066 
-2.92506 18.6604 9.96912 -3.63267 18.2765 9.8029 -1.43719 20.4409 9.53802 
-1.92265 19.9286 9.9346 -4.36311 17.7546 9.35838 -3.54871 18.9597 10.0717 
-2.76613 19.7184 10.303 -4.4271 19.0377 9.84191 -3.53136 19.834 10.4102 
-1.71753 21.4204 10.138 -2.3436 20.7435 10.4857 -3.1941 20.4575 10.6527 
-4.13591 19.8446 10.2924 -2.23624 21.5218 10.6969 -3.07777 21.2346 10.9835 
-2.12585 22.4911 10.9688 -4.03941 20.651 10.6625 -2.93347 22.0083 11.2656 
-1.92498 23.9331 11.4044 -2.72622 22.7079 11.5173 -2.50115 23.5872 11.8299 
-4.01025 21.3149 10.9761 -3.67458 22.0048 11.3406 -3.11425 24.0184 12.3658 
-3.42184 23.3172 12.0127 -3.68321 22.6693 11.6753 -4.11801 24.1286 12.3614 
-4.15407 23.4653 11.9861 -4.37187 21.9787 11.1777 -4.63385 23.0567 11.5877 
-4.79933 23.8957 11.905 -4.87736 22.7181 11.2816 -4.79014 21.4097 10.7093 
-4.78583 20.5118 10.3019 -5.37807 24.5869 11.7273 -5.17924 22.2216 10.8493 
-5.39091 23.5996 11.3009 -5.5732 22.8302 10.803 -5.79002 24.2235 11.1137 
-5.29771 21.1262 10.2528 -5.89351 23.225 10.6156 -4.98865 19.5236 9.75118 
-5.77629 21.6743 10.0933 -6.12142 24.8049 10.7881 -5.42794 20.3412 9.80715 
-6.00579 22.4371 10.1798 -6.26162 23.8375 10.3281 -5.07392 18.6693 9.34545 
-5.709 19.6813 9.31221 -5.26248 18.2042 9.02384 -6.16366 20.9493 9.41529 
-6.43211 22.6551 9.73345 -6.57718 24.9022 9.93326 -6.61384 22.0166 9.28198 
-6.78448 23.826 9.45652 -6.9182 24.9232 9.19767 -6.9088 23.033 9.11973 
-7.00409 25.8625 8.65697 -7.22619 23.8137 8.62038 -7.32901 25.6161 7.95728 
-7.36617 24.5976 8.23775 -7.51981 25.9347 7.31479 -7.80838 26.4094 6.53244 
-7.59363 25.1774 7.5656 -7.84738 25.4223 6.96005 -8.23966 25.2696 6.39708 
-7.76475 24.1677 7.52111 -7.99239 24.5864 7.0089 -7.59447 23.4942 7.94194 
-7.24656 22.6758 8.50352 -7.9635 23.423 7.30755 -8.47455 23.9801 6.4584 
-6.83826 21.5554 8.85128 -7.65366 22.6052 7.84521 -8.35688 23.1627 6.76535 
-7.38588 21.8607 8.17463 -7.99028 22.4166 7.33793 -6.71035 20.7117 8.73709 
-7.28713 21.0155 8.12969 -7.9417 21.6174 7.36459 -6.37722 19.8861 8.78993 
-8.89727 22.6048 6.19682 -8.45367 22.0971 6.72818 -6.93409 20.2632 8.33283 
-6.08598 18.9877 8.70858 -7.57065 20.5783 7.67348 -9.09272 22.035 6.0536 
-8.04321 20.8526 7.15455 -6.79153 19.4269 8.20357 -8.48528 20.8845 6.66906 
-7.37895 19.6653 7.6561 -8.9589 21.2458 6.20988 -6.79031 18.7581 7.95846 
-9.44981 21.177 5.79885 -8.01515 19.8338 7.02295 -5.97356 17.9383 8.37045 
-8.97137 20.2468 6.17083 -8.51534 19.7791 6.5238 -7.29949 18.6194 7.41671 
-7.8517 18.9661 6.98519 -9.56753 20.0891 5.71819 -6.68457 17.7892 7.68815 
-8.80322 19.0906 6.19459 -8.32722 18.634 6.49282 -7.73575 18.0497 6.83608 
-9.44199 19.1196 5.75114 -7.35774 17.549 7.00223 -8.967 18.1028 5.92344 
-10.1513 18.4362 5.31416 -8.28986 17.499 6.25934 -9.66758 17.9968 5.50531 
-10.4251 17.4208 5.13082 -9.50035 17.1207 5.4729 -7.41578 16.7721 6.68645 
-8.78393 16.6786 5.7667 -10.2001 16.437 5.12476 -8.12505 16.3832 6.07856 
-9.47889 16.0664 5.33991 -6.54109 16.6253 7.33633 -8.68367 15.6452 5.6073 
-7.47321 15.9103 6.35893 -9.66356 15.1834 5.15596 -8.98731 14.8805 5.33847 
-7.8223 15.1486 5.91522 -6.88369 15.7185 6.7036 -9.4135 13.8835 5.08207 
-8.72022 14.1783 5.32126 -8.12193 14.4762 5.60985 -8.4482 13.4099 5.29781 
-9.15784 12.8803 5.06302 -6.93246 14.6932 6.2747 -7.37909 13.8264 5.77939 
-7.73101 13.2616 5.51237 -8.36308 12.2878 5.22406 -8.80484 11.597 5.12503 
-7.52124 12.2897 5.45502 -8.29319 10.6517 5.33141 -7.77601 11.3709 5.37501 
-7.33151 10.6877 5.56262 -6.69167 13.9367 6.1459 -6.74054 12.9521 5.83465 
-6.82194 11.9479 5.64305 -6.74552 10.9413 5.67651 -6.2244 11.7274 5.81326 
-6.056 12.8375 6.09261 -5.83446 10.8739 5.92689 -6.24001 14.5854 6.66213 
-5.44209 11.9622 6.1212 -5.75054 13.2716 6.38719 -5.03749 10.8711 6.13236 
-6.2167 15.5778 7.13167 -5.66383 14.6875 7.09701 -5.34246 13.7402 6.82516 
-5.91522 16.8191 7.9345 -5.73 15.8987 7.65396 -4.85631 12.6588 6.59099 
-4.49266 11.4825 6.36747 -5.25343 15.4194 7.75909 -5.29413 16.6892 8.34846 
-5.05905 17.3394 8.79727 -5.01747 14.6641 7.51873 -4.66733 13.732 7.22297 
-4.6043 15.625 8.28677 -4.54442 16.2245 8.6131 -4.43573 14.7448 7.92521 
-4.12308 16.5906 8.9884 -4.17062 12.8119 7.00839 -4.0241 13.4573 7.44456 
-3.77621 15.7663 8.77875 -3.76531 11.1229 6.5327 -3.69305 11.9658 6.84469 
-3.66834 15.0315 8.48459 -3.62166 14.1712 8.05426 -3.43196 13.3178 7.67591 
-3.25902 12.3884 7.25203 -2.90658 11.2057 6.86625 -2.77862 12.9157 7.75239 
-2.9128 13.9065 8.2086 -2.49037 12.0547 7.42567 -2.77373 15.0134 8.74304 
-2.89697 15.7574 9.01639 -2.09823 13.3472 8.16274 -2.24296 14.4006 8.57132 
-1.99794 15.3579 8.89957 15.0937 14.5753 20.6413 15.6597 14.0352 20.9373 
15.8696 14.8276 20.8957 16.1242 13.4601 21.3387 16.2224 14.3341 21.2527 
16.3826 15.2551 21.2316 16.5496 14.0015 21.6946 16.6178 14.8463 21.6374 
16.6971 15.6959 21.6147 16.6233 13.1484 22.0489 16.842 15.2019 22.1902 
16.8131 14.3307 22.3539 16.7751 13.5839 22.3615 16.8592 15.6738 22.4905 
16.8393 14.687 22.6758 16.7631 12.7563 22.7877 16.7725 13.473 22.945 
16.7476 15.0871 23.0028 16.7312 15.7713 22.9945 16.7209 14.2663 23.1227 
16.6994 12.3083 23.1952 16.6504 13.4528 23.3708 16.5597 15.8027 23.365 
16.5685 14.8758 23.4621 16.6417 12.7027 23.4195 16.5443 13.9283 23.6026 
16.3661 15.9194 23.767 16.4012 15.1544 23.8272 16.3975 14.4534 23.9532 
16.4999 12.9404 23.819 16.501 12.2475 23.863 16.2466 15.336 24.4055 
16.4675 11.5974 23.9787 16.3977 13.4835 24.1466 16.407 12.4513 24.3967 
16.4323 11.7255 24.4178 16.3542 13.8426 24.5766 16.401 13.0325 24.6397 
16.357 14.3286 24.8642 16.5346 11.9699 24.9507 16.382 15.2114 25.2335 
16.5896 12.6106 25.1564 16.5784 13.3606 25.2499 16.7124 14.4138 25.6021 
16.8131 13.6955 25.6189 16.8961 11.577 25.4971 17.0262 12.5196 25.675 
16.9145 15.3759 25.9061 17.2755 12.8957 25.8752 17.421 13.8592 26.0271 
17.4331 14.7531 26.1025 17.3558 10.879 25.7705 17.6687 12.0867 25.9766 
17.8501 13.315 26.0996 17.7985 11.3936 25.9656 17.7347 15.7865 26.2315 
18.2838 12.659 26.0785 18.3299 14.3156 26.1523 18.1881 15.2639 26.2161 
18.4675 13.3661 26.0922 18.5298 11.7037 25.9871 18.5062 10.8418 25.9215 
19.0521 12.4619 25.8684 19.059 13.3762 25.92 18.6594 16.2517 26.1543 
19.2201 11.1467 25.6864 18.9533 15.1117 26.023 19.2237 14.0709 25.8651 
19.5567 12.4366 25.5854 19.7669 11.1998 25.3068 19.5988 13.3151 25.6079 
19.7608 11.947 25.3933 20.0697 12.8988 25.1915 20.2463 12.1143 24.9234 
20.3014 11.3039 24.7512 20.0845 14.0275 25.2235 19.8745 14.4505 25.4308 
20.4558 12.926 24.7298 19.6415 14.8712 25.6312 20.2855 13.6442 24.9964 
20.6506 11.9067 24.3052 20.8151 12.5979 24.1027 20.6986 13.5548 24.4099 
19.4276 15.8498 25.7798 20.5329 14.4927 24.6939 20.2054 15.2956 25.1089 
19.8969 15.9448 25.4143 19.24 16.9917 25.8907 19.8943 16.6801 25.3992 
19.7472 17.6199 25.4825 20.3437 16.4628 24.9011 20.5625 15.9262 24.6176 
20.3026 17.2415 24.8981 20.1478 18.0444 25.0088 20.7392 15.4421 24.3481 
20.243 18.6748 24.7931 20.6933 16.6691 24.3549 20.6933 17.5832 24.2459 
20.5966 18.3989 24.288 20.9366 14.3434 23.9723 20.9639 15.1217 23.9159 
20.9629 16.8213 23.7929 21.0289 16.0188 23.7318 21.0302 17.3007 23.5514 
21.0443 13.2324 23.6352 21.167 15.2767 23.386 21.1465 13.9648 23.423 
20.9756 11.7785 23.5447 21.2632 14.5457 23.0664 21.2259 16.5456 23.066 
21.1817 12.6943 23.0896 21.2958 15.845 22.8756 21.3425 15.1434 22.6954 
21.3169 13.5266 22.6132 21.2333 12.1902 22.5543 21.3734 14.2886 22.3825 
21.3167 12.8084 22.191 21.3712 13.5824 21.8271 21.2418 12.0182 21.7677 
21.2915 13.0977 21.2752 21.4071 15.0199 21.8835 21.1507 12.2855 20.9548 
21.3729 14.6017 21.3369 21.4078 15.7996 21.912 21.3755 16.3987 22.2038 
20.9797 18.2033 23.4864 20.5626 19.5175 24.0715 20.8146 18.9052 23.7078 
21.2886 17.2561 22.5466 21.1794 17.8369 22.8911 21.3498 15.7869 21.1288 
20.8261 19.4192 23.4859 21.3581 17.0357 21.7865 21.3391 16.5171 21.1796 
21.1035 18.9121 22.7286 20.8455 20.0346 23.0939 21.3075 17.2006 21.2285 
21.2377 18.3721 22.0511 21.2923 17.7086 21.4652 21.0332 19.7945 22.3023 
21.1983 17.0244 20.6008 20.7473 20.9245 22.7801 21.2017 18.4098 21.2451 
21.1301 19.2601 21.7408 21.1308 17.9788 20.6229 21.0973 19.0494 21.0407 
21.0356 19.8491 21.5656 20.8498 20.8772 22.0082 20.92 20.4383 21.378 
20.9773 19.6425 20.8379 20.5864 22.0049 21.6657 20.7419 21.2151 21.1947 
20.8421 20.2157 20.6337 20.6861 20.7687 20.4287 20.5873 21.4508 20.6108 
20.8886 19.0938 20.2111 20.4166 22.3107 20.8029 20.2198 22.4955 20.1907 
20.3287 21.8211 20.0074 20.4217 21.1306 19.8394 20.5779 20.1692 19.7836 
20.0726 21.9243 19.4126 19.797 23.0404 19.433 20.0687 20.9633 19.0031 
20.4009 19.5262 19.1811 20.1259 20.1482 18.8443 20.5717 19.0089 19.3981 
20.8055 18.2206 19.7274 21.0062 17.4094 20.0639 20.1538 18.8722 18.6208 
21.1575 16.5038 20.3785 20.4181 18.1107 18.9408 20.6649 17.4316 19.3018 
21.2257 15.404 20.5719 20.9789 16.1908 19.8756 21.2548 14.1718 20.784 
20.5626 16.846 19.0684 20.7213 16.2962 19.3285 21.0739 14.7463 20.1258 
20.9746 15.2548 19.8611 21.0694 12.9386 20.4403 21.0681 13.8207 20.2358 
20.6799 15.5328 19.2509 20.7967 14.0565 19.5813 20.7761 13.0939 19.6985 
20.6471 14.7441 19.2297 20.433 12.8366 19.1688 20.3764 13.6008 18.9335 
20.3244 15.9122 18.6671 20.2371 14.1932 18.659 20.0516 12.7189 18.6574 
20.2666 15.1296 18.6143 19.857 13.5134 18.2836 20.211 17.0068 18.5192 
19.7703 14.4449 18.0656 19.8311 15.242 18.056 19.2723 13.6388 17.6967 
19.9247 16.2673 18.1281 19.1642 14.6038 17.4749 19.5456 15.6815 17.7327 
18.5349 14.1465 17.0598 20.0213 17.7922 18.3007 19.2788 16.1289 17.46 
18.9154 15.5006 17.1947 19.6819 16.9063 17.8498 18.4682 15.0482 16.9133 
18.8429 16.646 17.0758 19.1997 17.2261 17.3743 18.3389 16.1173 16.7372 
19.5205 17.7494 17.7032 19.742 18.5374 18.0088 18.6348 17.705 16.9204 
18.1331 17.1433 16.5547 19.1745 18.3078 17.3897 18.571 18.6489 16.8952 
18.9205 18.9873 17.2059 19.7589 19.8541 18.2135 19.3288 19.487 17.6493 
19.6008 20.9404 18.241 19.7502 21.6675 18.6904 18.624 19.7073 17.0231 
19.0563 20.3511 17.4952 19.4864 22.7835 18.6861 19.5146 22.1062 18.4618 
19.174 21.113 17.7485 19.1309 21.8417 17.8652 19.0581 22.6861 18.0069 
18.8412 23.6754 18.0632 18.7493 21.3981 17.3554 18.583 22.3797 17.38 
18.4918 23.1425 17.4656 18.4444 20.9022 17.0089 18.0928 21.9823 16.8577 
17.9 23.327 16.927 18.07 20.169 16.6283 17.5886 22.7456 16.5658 
17.9001 19.1777 16.4384 17.7442 21.1526 16.4776 17.8871 18.2502 16.3963 
17.1364 23.318 16.3124 17.3858 21.9911 16.3117 16.8937 22.3117 16.016 
17.4557 20.0266 16.1978 16.4659 23.1599 15.833 17.0667 21.1175 16.0173 
16.3169 22.1478 15.6442 15.8027 22.3895 15.3669 16.4423 21.2234 15.6566 
15.3859 22.8896 15.161 15.6474 21.5381 15.2514 16.6606 20.115 15.7342 
14.9627 22.1189 14.9233 16.049 20.7598 15.4328 16.9158 19.2609 15.8496 
15.5226 20.3795 15.1858 14.8996 21.0576 14.9036 15.9832 19.7395 15.3941 
14.7684 20.2834 14.8674 15.9569 19.0404 15.3954 17.163 18.2154 15.9755 
15.0392 19.4487 15.0099 16.3779 18.5016 15.5938 17.3557 17.2601 16.0991 
15.2714 18.4411 15.151 15.7268 17.981 15.3501 16.5322 17.5058 15.7029 
17.5687 16.2495 16.2728 16.9622 16.3997 15.97 17.7732 15.2313 16.4804 
16.3462 16.5665 15.7012 15.6018 17.2508 15.3623 16.9697 15.4151 16.0744 
17.4178 14.5678 16.3854 17.8228 13.712 16.7083 17.022 13.9013 16.306 
16.1597 15.6266 15.7327 16.3484 14.5919 15.9355 15.6467 16.2467 15.4765 
16.2512 13.5324 16.0485 15.5768 15.1769 15.5739 15.7454 14.1452 15.7657 
15.0506 16.3453 15.249 15 14.2743 15.4474 14.8554 15.3654 15.2722 
14.7769 17.3669 15.0504 14.1679 15.5564 14.9561 14.1305 14.5396 15.0102 
14.1521 16.4152 14.8777 14.2005 17.9828 14.7797 14.2379 18.7037 14.7412 
14.1129 21.5375 14.5443 13.8166 17.2308 14.6719 14.0712 19.5921 14.6194 
14.0502 20.6574 14.5533 13.4327 21.9195 14.2135 13.426 20.6248 14.2744 
12.9339 21.2903 13.9909 13.1349 20.0825 14.1609 13.2549 19.2528 14.2617 
12.6554 20.3896 13.8694 13.227 18.2848 14.3068 12.0959 21.3306 13.4679 
12.6253 19.3004 13.8944 12.0459 20.4133 13.4489 13.5563 15.3632 14.6349 
13.2567 16.6856 14.4136 13.3977 14.2898 14.5657 12.799 17.5836 14.0807 
13.0288 15.8831 14.2925 12.3647 18.5084 13.7388 12.0028 19.2352 13.4334 
12.65 16.7987 14.0049 12.7633 15.3986 14.0889 12.8138 14.5747 14.0928 
12.3405 16.2171 13.7445 12.1501 17.1926 13.5733 12.0025 17.9812 13.4403 
12.2279 15.2713 13.5267 11.8151 16.4992 13.1461 11.6334 18.4312 13.0738 
12.0673 14.6799 13.1496 11.6469 17.2701 13.0028 11.7525 15.9866 12.9651 
11.7115 15.3815 12.7007 11.5839 19.7889 13.0473 11.391 16.4284 12.3296 
11.3012 17.4384 12.458 11.4593 15.7245 12.0279 11.6262 14.9769 11.7868 
11.1778 18.5902 12.4914 11.1967 16.5749 11.4759 11.4456 15.763 11.1593 
11.0701 17.2296 11.6508 11.5622 21.6459 13.0504 10.9693 17.9256 11.8262 
11.3177 21.0929 12.8077 11.0449 19.8511 12.431 10.99 21.9934 12.523 
10.8766 19.153 12.0675 11.1933 16.9069 10.6735 10.9211 20.7642 12.3373 
11.475 16.2866 10.4005 10.9282 17.6915 10.8454 10.7107 18.6092 11.2759 
10.5897 19.3763 11.4519 10.5563 20.1159 11.6547 10.4033 21.5826 11.7088 
10.3162 20.5313 11.2482 10.8876 18.132 10.266 10.405 19.6113 10.7254 
11.6836 16.6019 9.74593 10.6281 18.932 10.1875 10.0961 21.1725 10.837 
10.2102 20.3556 10.2961 11.3703 17.6037 9.56079 10.4101 19.8228 9.8059 
9.80659 21.8347 10.2832 11.0225 18.5631 9.43311 10.0836 20.837 9.811 
10.7747 19.3835 9.21406 10.0179 21.2013 9.4066 10.5309 20.2022 8.97108 
9.71984 22.0168 9.12057 10.4162 21.0101 8.43845 10.1147 21.9689 8.04154 
11.322 19.1492 8.49081 10.9968 20.302 8.11296 11.6759 18.0108 8.82802 
10.6071 22.1063 7.31131 10.9387 21.2534 7.51567 11.5112 19.74 7.88405 
11.3765 22.4094 6.61653 11.66 20.5387 7.29374 12.0421 21.3662 6.67643 
12.5359 22.3307 6.20017 11.955 18.1913 8.37289 12.1941 19.4836 7.41691 
12.5848 20.3025 6.80883 13.1877 21.5055 6.20552 14.0539 22.0059 5.95962 
12.2758 18.5452 7.85295 13.4951 20.7074 6.30189 12.8846 19.0805 7.12636 
15.083 21.0729 5.94006 13.4984 19.5811 6.62227 14.4733 20.1913 6.15747 
14.3849 19.2496 6.3883 15.285 19.6434 6.08252 13.9255 18.5637 6.75832 
13.2319 18.151 7.30882 16.1939 19.2614 5.98355 15.2799 18.5793 6.25832 
16.9124 18.4967 5.96961 13.0539 17.6081 7.69506 14.9863 17.6796 6.53409 
16.1721 17.8611 6.14779 14.2413 17.4999 6.94302 12.6817 17.2563 8.19682 
11.9666 16.9639 9.1254 12.3704 17.0284 8.62516 13.986 16.8315 7.34863 
13.4352 16.7565 7.79625 15.8202 16.9701 6.36654 17.0232 16.9956 6.07678 
14.9124 16.5217 6.86335 12.8862 16.3947 8.45902 14.4029 16.0321 7.3485 
13.4861 15.9851 8.11538 15.705 16.062 6.57191 16.5437 16.2458 6.25152 
12.5913 15.9816 8.97995 12.1915 15.8741 9.50184 11.8976 15.5447 10.1437 
13.1116 15.3079 8.81652 14.2083 15.266 7.80851 15.3361 15.3305 6.93679 
16.7653 15.4846 6.28563 12.6434 14.9327 9.53218 17.7509 15.5729 6.07707 
11.9195 14.8034 10.7323 13.7151 14.8603 8.45197 12.4393 14.484 10.0759 
13.2157 14.6049 9.0936 13.0521 14.118 9.55024 16.2966 14.6475 6.57814 
17.113 14.5901 6.28601 14.977 14.4707 7.45777 17.8702 14.5037 6.11803 
15.565 14.3913 7.04298 14.2936 14.1104 8.24361 13.9729 13.8038 8.72391 
13.495 13.5566 9.37323 15.876 13.7297 6.99246 15.0246 13.6844 7.71144 
17.1901 13.5494 6.36608 14.0764 13.1978 8.92127 14.7101 13.2171 8.21353 
18.0231 13.3064 6.15478 16.4849 13.1094 6.73853 15.7176 12.9204 7.32669 
15.2839 12.7799 7.78977 18.5178 12.3618 6.09363 16.3041 12.4326 6.97883 
17.4635 12.2497 6.39878 14.798 12.6001 8.39962 16.5892 11.8319 6.89704 
15.8723 11.9859 7.44887 17.976 11.1958 6.29117 17.1514 11.3259 6.63429 
18.7906 10.8919 6.08675 17.9343 10.1885 6.37163 18.3754 9.81538 6.23512 
17.1856 10.4467 6.70678 16.289 11.1076 7.27728 15.166 11.9935 8.2206 
15.695 11.5013 7.77671 16.6714 10.2644 7.10243 16.2905 10.1174 7.50306 
15.6264 10.7682 8.10835 15.207 11.3549 8.43372 16.0035 9.81691 7.92131 
15.5502 9.88285 8.53888 14.0713 12.541 9.27627 15.0455 10.7722 8.89852 
14.532 11.714 9.15239 15.298 9.43023 9.1066 14.9149 10.0333 9.44986 
14.5051 10.8527 9.62526 13.3652 12.8936 9.9133 13.6781 12.1865 9.95628 
12.8517 13.4955 10.1823 13.9149 11.4384 10.0981 12.1261 14.0696 10.9608 
12.8993 12.6286 10.7435 12.3179 13.423 11.1838 14.3946 9.99147 10.2869 
13.1694 11.8361 10.9353 11.8452 14.2437 11.883 14.9265 8.96454 9.97535 
13.7195 10.8281 10.8101 12.0715 13.5413 12.1017 12.4374 12.6704 11.7972 
11.9447 14.2427 12.6678 14.9 8.19632 10.4363 12.2636 13.16 12.7982 
12.9757 11.429 11.7584 14.3857 9.08571 10.9201 12.3772 13.8491 13.4471 
13.8861 9.84886 11.2923 12.5071 12.3191 12.8747 13.3602 10.5484 11.7849 
14.5886 7.90921 11.2931 12.6683 11.7494 12.6287 14.1449 8.75066 11.693 
12.5852 12.7648 13.4793 12.6923 13.4512 13.8008 13.4873 9.9241 12.1728 
13.1072 10.5532 12.6229 14.2013 8.04732 12.1659 12.9154 11.0639 13.1044 
13.7213 9.04116 12.5635 12.8961 11.743 13.7039 13.41 9.65417 12.9721 
13.0868 10.5613 13.4374 12.9777 12.6783 14.0661 13.0941 13.5543 14.2853 
13.5507 9.12162 13.3537 14.0425 7.76626 13.027 13.3374 9.87776 13.7697 
13.7747 8.39772 13.4867 13.6487 8.86829 14.0664 13.3191 10.6637 14.1828 
14.0003 7.46412 13.9466 13.5452 9.58182 14.2864 13.3116 11.6226 14.3392 
13.896 8.16765 14.4924 13.4125 12.7726 14.5405 13.8147 9.18087 14.7396 
14.121 7.20578 14.6256 13.7928 10.0544 14.8157 13.745 10.7741 14.7993 
13.801 12.0501 14.8583 13.872 11.3863 14.9305 13.8959 12.9323 14.939 
14.1456 8.09922 15.1551 14.1072 13.8239 15.0362 14.1875 9.16562 15.3005 
14.2217 10.5343 15.2713 14.4029 12.1694 15.3137 14.4316 11.298 15.3948 
14.5361 13.1682 15.3337 14.4985 9.82948 15.5726 15.2771 13.4726 15.662 
15.1641 12.6526 15.7061 15.0609 11.6764 15.7609 14.9729 10.779 15.814 
14.4023 7.11198 15.4294 14.5514 8.1319 15.7524 14.8252 8.94254 15.9512 
15.2212 9.82696 16.0987 15.7476 11.9576 16.0659 14.8798 7.26772 16.1341 
14.8953 6.58928 16.1833 15.1 7.85834 16.2907 16.1435 12.7517 16.1225 
15.5683 8.51831 16.5184 15.7952 10.3177 16.3442 15.4771 6.97235 16.6912 
16.0092 11.2009 16.3013 15.8577 7.46483 16.8682 16.006 9.23868 16.6419 
15.802 6.27473 17.0162 16.6403 11.8998 16.4681 16.3637 8.1006 17.0396 
16.5449 10.6296 16.6477 16.6522 9.77725 16.8625 17.1046 12.7803 16.5172 
17.3165 11.8339 16.7842 17.2302 11.0349 16.8958 16.8311 8.80947 17.1464 
17.732 12.6559 16.8378 17.3703 10.2766 17.1199 18.1246 12.0202 17.1801 
18.4794 13.1385 17.1845 17.9521 11.095 17.2695 17.4374 9.44889 17.3281 
18.6821 12.2087 17.4991 19.1285 12.7752 17.7235 18.0538 10.0361 17.5536 
18.6118 10.9597 17.7194 19.6031 12.563 18.1861 19.2251 11.6896 18.0246 
19.9007 11.7732 18.6757 19.395 10.9282 18.3537 16.5806 7.2728 17.3113 
17.7774 8.81094 17.664 18.951 10.0741 18.1814 18.4348 9.34698 17.9682 
16.2646 6.17122 17.3346 17.1743 7.75116 17.5472 16.764 6.45178 17.5821 
19.6116 10.2036 18.7616 17.9994 7.98538 17.9924 18.8926 9.00263 18.4119 
16.6978 5.35077 17.7693 17.7851 7.21678 18.0385 18.6014 8.37086 18.3311 
17.548 6.59072 18.037 17.3077 5.81391 18.0606 17.18 4.83162 18.1939 
18.5221 7.45149 18.5135 19.5009 9.29517 18.9228 17.8307 5.58544 18.4867 
18.3021 6.54891 18.5927 19.2341 8.29961 18.9375 17.683 4.33729 18.6802 
18.2601 5.39621 18.8911 19.1318 7.37049 19.1263 18.8646 6.57059 19.0998 
18.1684 4.38605 19.0885 18.7448 5.87613 19.2056 18.7109 5.03289 19.4428 
18.6128 4.06106 19.6586 19.4089 6.63997 19.7217 19.2887 5.78568 19.8999 
19.7186 8.44782 19.4729 19.057 4.7746 19.9704 19.7094 7.30431 19.8886 
19.9993 11.0404 18.9984 19.988 9.33155 19.5398 20.1333 10.4024 19.3689 
20.3777 11.6578 19.3669 20.6941 12.2508 19.7409 20.3864 9.92296 19.9656 
20.5696 10.6785 20.0258 20.7377 11.5019 20.0785 20.2698 8.88396 20.181 
21.0084 11.8805 20.6362 20.9005 10.9529 20.7124 20.7523 10.2082 20.6621 
20.5603 9.25986 20.6463 20.0771 7.7829 20.3174 20.985 10.5332 21.2916 
21.1022 11.1513 21.4571 20.7294 9.26644 21.1625 19.8369 6.52109 20.4688 
18.9989 3.67636 20.354 20.3893 7.93022 20.9418 19.3271 4.63839 20.4781 
19.6972 5.51076 20.7342 20.1768 7.00388 20.9706 19.4012 3.88525 21.0836 
19.6288 4.55824 21.2124 20.1128 6.43213 21.2 19.8421 5.22316 21.3243 
19.297 3.13135 21.4532 20.0426 5.89068 21.4293 19.9162 5.06997 21.8651 
19.6286 3.97949 21.9017 20.3621 6.99922 21.7224 20.1802 6.01367 22.1634 
20.614 8.22865 21.5599 19.7834 4.44835 22.5207 19.9835 5.24334 22.6069 
20.8887 9.5797 21.6551 20.5651 7.67017 22.1895 20.3984 6.97471 22.5113 
20.1542 6.11171 22.9395 20.7609 8.66139 22.1306 20.992 10.0644 21.9475 
20.5885 8.00309 22.8343 21.1441 11.1015 22.2526 21.0303 10.3442 22.4719 
20.8397 9.21464 22.6634 21.1344 11.4362 22.775 20.3121 7.15895 23.2612 
20.9123 10.0781 23.0785 20.9676 10.7737 23.2397 20.6212 8.78311 23.3725 
20.7397 9.55432 23.4187 20.4294 8.11603 23.5727 20.717 11.0387 24.0025 
20.6317 10.1298 23.9477 20.3721 9.07212 24.1233 20.3397 10.619 24.5877 
20.2118 9.46555 24.5075 20.137 8.41049 24.3152 20.0081 9.83707 24.8658 
20.104 7.44972 24.005 19.8836 10.4325 25.1012 19.7151 8.78756 24.9603 
19.3964 9.4145 25.3624 19.1395 10.1695 25.6332 19.7234 7.73649 24.7001 
19.2568 8.64769 25.3399 18.8921 9.46064 25.6762 19.1909 7.88478 25.2535 
18.6418 8.5623 25.668 19.9971 6.37151 23.6919 18.5897 7.69621 25.5701 
19.7012 6.70725 24.399 19.3048 6.92251 24.9441 18.8353 6.83066 25.2934 
19.6624 5.78684 24.1058 19.2302 5.99183 24.7719 19.8557 5.3222 23.377 
19.4007 5.21493 24.3018 19.4435 3.23879 22.3857 19.6144 4.39006 23.348 
19.5191 3.69124 22.9551 19.2133 2.47134 22.3143 19.4294 4.53841 23.9288 
19.2463 2.87982 23.1007 19.209 3.29239 23.6264 19.028 2.30109 23.2568 
19.0782 3.65974 24.1212 18.8691 2.27842 23.6937 19.0134 4.56552 24.5795 
18.7916 2.65922 24.0949 18.7266 3.85891 24.6748 18.3777 1.70094 24.2201 
18.7027 5.06339 25.0316 18.4809 2.73968 24.5457 18.3048 3.30331 24.9104 
17.9452 1.70897 24.7013 18.2461 4.27356 25.1822 18.4352 6.06043 25.3995 
17.7412 2.26505 25.0123 17.4799 1.19532 24.8724 17.8972 3.59067 25.2316 
17.6278 2.98272 25.2237 17.0862 1.62246 25.1433 18.0518 5.2853 25.4451 
16.6777 1.05395 25.1411 16.9982 2.35525 25.298 17.708 4.6593 25.4639 
17.3562 4.09028 25.4559 16.1188 1.63797 25.2195 16.836 3.37437 25.4155 
16.1923 2.56284 25.2824 15.4928 2.05515 25.0221 15.4526 2.75538 24.945 
16.7751 4.3836 25.4601 16.0287 3.59752 25.2208 15.0037 1.91988 24.6995 
15.2119 3.26547 24.6671 14.7728 2.41236 24.3725 17.3059 5.39271 25.5688 
16.4082 4.77313 25.3414 15.6525 4.2831 24.8894 15.3003 4.33006 24.4647 
16.3561 5.52308 25.2577 17.6964 6.35525 25.6346 15.8179 5.31199 24.8258 
17.0726 5.98926 25.5502 18.1582 7.07821 25.6237 16.4692 6.43686 25.2522 
15.9217 6.0319 24.7384 17.6929 7.41217 25.702 16.8735 6.93141 25.4667 
17.8385 8.23528 25.7442 16.147 6.93553 24.8281 17.0471 7.83827 25.5237 
18.1811 9.06419 25.8198 18.2055 9.8865 25.883 16.4389 7.65131 25.0558 
17.1224 8.73282 25.5507 17.4234 9.23589 25.7095 17.6137 10.2387 25.8363 
16.5082 8.44214 25.0237 16.9534 10.1277 25.4605 16.7105 9.40773 25.1868 
16.5824 9.9158 25.0057 16.145 7.76471 24.5248 16.578 10.9637 24.9737 
16.3712 9.13114 24.6278 16.4276 10.1061 24.585 16.4177 10.974 24.3962 
16.2557 8.71835 24.321 15.8826 6.74126 24.3441 16.4166 10.5297 24.1918 
16.3549 9.63785 24.1434 16.1622 8.22892 24.0579 15.9809 7.35268 24.1136 
16.4199 9.99843 23.8707 16.5037 11.2414 23.8269 16.3186 9.1116 23.8414 
16.5171 10.7104 23.6415 16.4564 9.81944 23.524 16.6281 11.6803 23.3993 
16.2833 8.76364 23.6902 16.5965 10.9013 23.3506 16.5596 10.448 23.1103 
16.3935 9.32627 23.2903 16.0294 7.56289 23.7584 16.1827 8.22639 23.4591 
15.4777 5.31695 24.2384 15.6155 5.96358 24.048 15.7643 6.54153 23.8681 
14.9482 3.47571 24.2255 15.1235 4.38059 24.0041 15.4017 5.33658 23.8661 
14.5807 2.60587 23.9947 15.8759 6.95993 23.536 14.8279 3.57683 23.8704 
15.623 6.08791 23.6541 14.5111 2.80884 23.6872 14.8748 3.91272 23.6486 
15.2418 4.95712 23.6382 14.6155 3.50331 23.381 15.4568 5.71732 23.4132 
14.9902 4.50037 23.3553 14.2093 3.32548 22.9998 15.032 5.05914 23.0529 
14.5006 4.30881 22.8809 13.6275 3.48898 22.6609 13.9448 4.23818 22.6096 
15.6653 6.58637 23.1813 15.298 5.91397 22.9563 14.5045 5.25654 22.5814 
13.1826 4.06352 22.5058 14.9011 5.86779 22.6276 13.6752 5.09871 22.4101 
15.2552 6.73312 22.5921 15.9587 7.591 23.1422 14.3151 6.16687 22.3104 
15.5972 7.29887 22.6957 12.8192 5.01737 22.4175 13.7445 6.07316 22.2513 
14.7524 7.09085 22.2272 13.1259 6.05934 22.2797 13.6882 6.82058 22.136 
15.8525 8.06503 22.6568 15.283 8.0703 22.1844 16.211 8.78917 22.9367 
14.1073 7.54586 22.012 15.7938 8.89713 22.3109 14.5537 8.24688 21.9043 
16.4014 9.97997 22.7438 16.0657 9.72333 22.3083 15.0025 8.96206 21.8481 
16.6562 11.4855 22.8492 16.4862 10.9714 22.5063 16.6537 12.1483 22.4673 
15.4745 9.88684 21.7938 15.8821 10.4137 21.9074 16.1477 11.1107 21.9496 
16.2392 11.8527 21.8385 16.3218 12.6668 21.7127 15.5678 11.3695 21.465 
14.9093 10.3847 21.4878 14.4563 9.7064 21.5882 13.8446 8.44172 21.8536 
15.6219 12.2732 21.2873 14.1348 9.27213 21.6777 15.0022 11.3345 21.2933 
15.6647 13.1965 21.1038 14.9688 12.0873 21.1287 14.3614 10.786 21.3565 
15.1159 12.7115 21.0216 14.847 13.577 20.7964 14.5015 13.0329 20.8794 
14.0731 11.6414 21.1913 14.1385 12.5594 20.9798 13.7063 9.93397 21.5882 
14.3293 14.4229 20.5699 13.8327 13.6958 20.7363 13.5927 10.7726 21.4327 
13.3479 12.0463 21.1854 13.2611 12.9139 20.9821 13.3122 14.4736 20.5801 
12.9655 10.85 21.5293 13.3159 8.92576 21.8372 12.6297 11.7151 21.3862 
12.8765 9.7926 21.7661 13.2518 7.86925 22.0226 12.3065 10.8128 21.6531 
12.9428 7.16347 22.1765 12.5841 8.7439 22.0133 12.4087 7.96936 22.1657 
12.445 6.72071 22.3138 12.2697 5.941 22.4146 12.0494 5.26784 22.4914 
11.9887 9.83553 21.9044 11.8184 6.4992 22.4285 11.9204 8.59146 22.1421 
11.8212 7.37367 22.3327 11.2955 5.0555 22.5589 11.2444 6.12238 22.4942 
11.1516 7.74279 22.3009 11.501 9.22348 22.0615 10.4932 5.3071 22.4677 
10.6399 6.64227 22.3712 11.2015 8.7315 22.1423 9.85206 5.58295 22.1832 
10.4383 7.96636 22.1087 9.96165 6.8988 22.0576 9.36642 5.75803 21.7492 
9.26921 6.62354 21.4781 10.1915 8.69741 21.8672 9.61244 7.72737 21.6477 
10.6792 9.40435 21.9184 9.16068 7.51153 21.1562 9.47705 8.61335 21.3718 
11.3509 10.4486 21.7852 9.75106 9.54997 21.4262 10.6176 10.4255 21.6587 
11.7049 11.3762 21.5626 12.5558 12.6763 21.1406 12.7204 13.7263 20.8285 
11.4815 12.1007 21.3542 10.7829 11.5161 21.4193 10.0142 10.7615 21.3216 
11.8219 12.8292 21.1475 11.9517 13.6971 20.8861 12.2789 14.4976 20.6349 
11.7443 15.097 20.4525 11.1575 13.4774 20.9062 11.3582 14.311 20.668 
10.7788 12.9271 21.003 10.4369 12.3119 21.0862 10.859 15.1965 20.3056 
10.5466 14.2591 20.5249 9.9186 11.7255 21.0213 10.1142 13.4876 20.6172 
9.99259 14.6371 20.2094 9.65871 12.4245 20.6897 9.41042 13.0803 20.3469 
9.43892 15.2257 19.7623 9.25552 14.2492 19.9281 9.4276 10.7675 20.919 
8.8525 13.2634 19.8656 8.77574 14.793 19.4224 8.95766 12.2069 20.2031 
9.1035 11.499 20.4831 8.547 15.4665 19.0658 8.37054 13.7626 19.2889 
8.06789 14.7296 18.7748 8.35581 12.4771 19.4996 8.59686 11.4659 19.9296 
9.11484 9.79274 20.7798 8.7785 10.5524 20.2547 8.92498 8.39833 20.6592 
8.30215 10.906 19.4902 8.70177 9.10022 20.2063 8.52724 9.8411 19.8578 
8.82632 6.48977 20.6471 8.7439 7.05337 20.2511 8.67039 7.81109 20.0327 
8.01388 11.5099 19.0028 8.36322 9.24712 19.3328 8.50813 8.24447 19.3932 
8.59321 7.29446 19.362 8.67568 6.47105 19.1876 8.08261 10.3478 18.8749 
8.56015 7.58114 18.7559 8.37873 8.51217 18.6524 8.1665 9.48121 18.5361 
8.76076 6.67906 18.2866 8.60166 7.61096 17.991 8.91806 6.73651 17.5833 
8.30093 8.75294 17.9113 8.56108 7.99932 17.5151 8.89399 7.17322 17.1857 
7.99824 9.80219 17.9872 8.81801 7.70887 16.7622 8.20842 9.05916 17.1948 
9.27345 7.10551 16.1929 8.44084 8.61978 16.6791 7.8259 10.843 18.3568 
8.8835 8.18652 15.7333 8.41884 8.92945 16.0204 7.78954 10.1497 17.2452 
7.8949 9.81129 16.6674 8.42677 9.14191 15.3324 7.90565 9.82719 16.0562 
8.9759 8.51919 14.8964 7.61662 10.9549 17.7589 7.9216 9.91347 15.3618 
8.48946 9.34787 14.5666 7.4686 10.7388 16.631 7.66142 11.7658 18.3467 
7.84647 12.3796 18.7735 7.35925 11.1657 17.0047 7.30894 11.7693 17.4954 
7.74411 13.069 18.6058 7.38808 12.4884 17.979 7.74953 13.7253 18.5645 
7.12603 12.6821 17.5248 7.24797 13.426 17.8507 7.41704 14.46 18.0386 
7.58158 15.3496 18.1011 6.88434 12.3569 16.7902 6.938 14.091 17.3588 
6.81872 13.3549 17.0961 6.98276 15.0363 17.361 6.88509 11.8551 16.2249 
7.30963 10.8723 15.7014 6.60028 14.7249 16.7992 6.49961 13.2269 16.4085 
6.46051 13.9654 16.5298 6.64322 15.7627 16.7385 6.77564 11.8171 15.6969 
7.37406 10.7535 15.0152 7.84045 10.2176 14.5119 6.17169 13.57 15.8655 
6.27566 12.8596 15.6303 6.13154 14.7149 15.9951 6.82193 11.5407 14.9604 
6.42221 12.205 15.1094 6.27682 15.939 16.1018 7.19793 11.0347 14.2634 
5.82044 13.8641 15.26 6.01571 12.7799 14.7629 6.29613 12.1592 14.2536 
6.63522 11.7031 14.0211 5.89129 15.5519 15.5019 5.59797 14.53 14.9888 
5.95215 16.6345 15.3321 5.58244 13.5747 14.5432 5.51149 15.4903 14.8071 
5.70189 12.8876 13.9009 5.57278 16.9533 14.415 5.42358 16.2872 14.4186 
5.19016 14.5931 14.2107 5.08903 15.5401 14.0018 5.23991 16.9774 13.6834 
4.94275 16.02 13.5847 5.19199 13.6902 13.7168 4.86652 14.8854 13.6162 
4.7131 16.3672 12.9784 4.83198 14.2382 13.3351 4.58528 15.2251 13.0787 
4.87916 17.2703 12.6813 4.3551 16.4381 12.2428 4.2167 15.4454 12.3552 
4.43653 17.2731 11.753 4.44678 14.5021 12.6399 4.00535 16.0483 11.7926 
3.95663 16.8613 11.1997 3.71561 15.6394 11.3477 3.98015 14.6925 11.6853 
5.34937 13.1118 13.0957 4.92294 13.5105 12.6007 4.53804 13.7965 11.9578 
6.12346 12.2721 13.5179 5.71123 12.6777 12.5547 4.71958 13.5225 11.3523 
6.23476 12.1843 12.8331 5.48722 12.9234 11.7907 6.71689 11.6769 13.2648 
6.21774 12.3986 11.8603 7.50405 10.8612 13.4778 7.00258 11.5836 12.6404 
8.15323 10.0481 13.8594 9.28663 8.61499 14.0698 6.94852 11.8662 12.0022 
8.69751 9.53929 13.6665 7.6495 11.0141 12.6992 8.35011 10.2343 13.0345 
9.28887 9.22 13.166 8.35798 10.5449 12.4691 7.60281 11.4039 12.0109 
9.10403 9.93649 12.41 9.61363 9.47652 12.3809 8.33172 11.0179 11.8063 
9.93782 9.78298 11.6512 8.97849 10.7349 11.5318 9.61048 10.5124 11.1866 
8.17855 11.6813 11.062 7.45329 12.019 11.1684 9.87168 10.9499 10.5269 
8.86301 11.6577 10.6019 9.59781 11.5882 10.1356 6.86359 12.4644 10.894 
10.2149 11.726 9.44257 8.03862 12.3181 10.3589 9.35306 12.241 9.65186 
8.6229 12.5939 9.71354 9.83566 12.5807 8.86935 8.02397 12.6833 9.92022 
5.78338 12.9463 10.9813 7.21741 12.8076 10.1325 9.08301 13.0534 8.90545 
7.87269 13.0464 9.51173 6.19746 12.9991 10.38 8.49527 13.5572 8.55584 
6.51923 13.2274 9.77846 7.38959 13.4672 9.10853 4.86815 13.4657 10.723 
5.46802 13.4092 9.97721 7.61353 13.9388 8.32248 6.39076 13.6115 9.15773 
6.71299 13.9242 8.55613 5.27778 13.6933 9.42949 6.92889 14.3239 7.79701 
4.36055 13.8422 10.1147 5.87538 14.0101 8.54093 3.82269 14.3588 10.8157 
4.68859 13.9343 9.18563 3.40784 15.5479 10.7506 5.87487 14.3641 7.80232 
3.51994 14.4867 9.94942 3.21311 15.2039 10.2718 3.42136 16.5172 10.5126 
4.84416 14.2024 8.34072 3.73033 14.3007 9.09058 3.05065 14.9843 9.64833 
3.02157 16.2798 9.9795 2.69019 15.9869 9.48761 3.91246 14.3682 8.37248 
5.20709 14.511 7.41168 2.79347 14.9862 8.93927 2.70273 17.1325 9.15455 
4.10045 14.4762 7.65094 3.0952 14.6637 8.19015 4.67738 14.605 6.91509 
2.24398 16.1195 8.82699 3.86464 14.5168 6.60069 2.06468 17.2849 8.44864 
2.34817 15.1917 8.21228 2.85837 14.6469 7.39996 1.8595 16.0124 8.30631 
2.91151 14.2266 6.53044 1.55041 16.8545 8.08827 1.87628 15.1288 7.71375 
1.2536 17.4147 7.83703 1.26223 16.0027 7.87516 2.0655 14.2796 6.99468 
0.538319 17.5313 7.72276 1.24158 15.0098 7.55733 0.604162 16.4488 7.83756 
0.613419 15.4669 7.83266 1.28398 14.2824 7.34984 0.185082 16.4855 8.06896 
-0.0642735 17.2216 8.15128 1.92769 13.5496 6.79399 0.344658 15.3208 8.00674 
0.660431 14.5004 7.76053 -0.334053 16.5375 8.42453 0.0223396 15.4214 8.22735 
-0.805866 16.5151 8.71002 -0.402023 15.4468 8.43987 -1.34559 16.0121 8.90818 
0.0937622 14.5404 8.08701 -0.952937 15.317 8.66505 -0.51446 14.5247 8.3669 
0.714566 13.719 7.64525 -1.34912 14.5914 8.61181 1.49336 13.2254 7.10043 
-0.136128 13.8476 8.11524 -1.29322 13.6993 8.35377 0.198108 13.1844 7.86818 
-0.520757 13.2565 8.13282 -1.24548 12.9587 8.11126 0.69802 12.5264 7.56132 
1.17331 12.6408 7.29336 -0.0011031 12.3725 7.80628 -0.795753 12.2899 7.89131 
-1.66999 12.3336 7.81886 -0.786313 11.6355 7.67043 -1.72092 11.5429 7.4453 
0.253051 11.7136 7.60687 -0.831125 11.0557 7.43628 -2.22293 10.8086 6.93515 
-1.62291 10.3523 6.9303 -0.906402 10.5197 7.19444 0.142052 10.9282 7.4342 
-0.984884 9.69328 6.79463 0.118839 10.3001 7.2369 0.928191 11.1681 7.32739 
-0.208096 9.43624 6.81171 0.49523 9.67929 7.00278 1.06227 10.354 7.14328 
1.64641 12.2223 6.98566 0.783421 8.82988 6.6316 1.57447 11.2683 7.04488 
1.31284 9.6641 6.93984 1.90715 10.2694 6.85992 1.71054 8.75008 6.5999 
2.2026 9.34352 6.65965 2.17517 11.7365 6.64024 2.14104 12.5177 6.59212 
2.41623 11.0147 6.54511 2.38748 8.23018 6.36684 2.66052 10.2019 6.47719 
2.9754 9.41066 6.36343 3.08796 8.60259 6.30522 2.81175 11.6964 6.1326 
3.25221 10.4608 6.04641 2.57677 12.8151 6.20561 3.74741 8.73047 6.06748 
3.28023 11.4692 5.77166 3.86837 9.58385 5.8361 3.17554 12.4287 5.68825 
2.98284 13.3768 5.91496 3.89344 10.5269 5.53018 4.53919 8.92185 5.65303 
3.75331 11.7591 5.27356 4.30203 10.8826 5.07966 3.74399 12.8401 5.16028 
4.72457 9.85862 5.19034 3.72536 14.0069 5.6738 4.39825 11.8765 4.71199 
5.45356 9.27254 5.08481 4.94296 10.7987 4.66643 4.22822 13.4327 4.9065 
6.02066 8.44661 5.30878 4.63799 12.5863 4.46944 5.73907 10.09 4.60954 
5.29613 11.4618 4.26672 4.54615 14.1775 5.14466 5.85461 10.9785 4.21246 
6.58084 9.41028 4.76857 4.8686 13.3387 4.42768 5.31377 12.1501 4.11458 
6.43286 10.4298 4.32678 7.16953 9.01116 4.9618 6.35314 11.42 3.99739 
5.5218 12.8713 4.03318 7.18171 10.1316 4.46788 6.40258 12.1514 3.8616 
7.9043 9.58549 4.80188 7.14015 11.2527 4.07273 8.30513 8.96082 5.16173 
7.96044 10.4987 4.46731 6.26144 13.1881 3.91259 5.58227 13.8704 4.30977 
8.82236 9.83738 4.98819 7.80812 11.4528 4.16623 7.05469 12.8129 3.89218 
7.78289 12.2343 4.06811 8.7655 10.699 4.70172 5.38375 14.55 5.04681 
7.01147 13.7576 4.12669 6.27022 14.3864 4.49768 5.00867 14.6909 6.05609 
8.54871 11.6164 4.41886 7.96454 13.048 4.19527 6.03116 14.8432 5.62375 
7.26556 14.3187 4.53584 6.77085 14.741 4.99381 5.75167 14.728 6.70105 
6.56616 14.8649 6.2249 8.03057 14.0774 4.70684 8.774 12.3208 4.5235 
7.60036 14.7417 5.37361 6.44741 14.6506 7.07274 8.548 13.3638 4.63643 
9.40198 11.1566 4.95229 7.492 14.8437 6.19759 9.80564 10.4868 5.33787 
9.51525 11.824 5.00148 8.47467 14.4067 5.59886 9.31982 12.6267 4.96502 
7.49401 14.6246 6.97333 8.2654 14.6296 6.15503 8.94787 13.8884 5.38651 
9.43262 13.1994 5.342 9.94916 12.3715 5.51941 9.1701 14.0468 6.14417 
10.2308 11.5266 5.6409 8.64692 14.3516 6.81995 9.7249 13.545 6.14795 
8.08297 14.2912 7.53033 10.1241 12.8377 6.07746 9.41059 13.8406 7.03388 
10.5532 12.1126 6.31724 8.76753 13.9377 7.75366 10.1132 13.1771 6.85568 
9.5698 13.4076 7.92 10.6253 12.4571 7.23122 10.2934 12.7156 8.02059 
17.3915 9.28065 6.70794 19.4003 8.71378 5.98769 18.2369 8.74006 6.32728 
18.7425 7.89854 6.18143 17.5117 8.38201 6.70036 16.6504 9.04189 7.3307 
19.366 7.42194 6.01029 17.9172 7.64721 6.50994 18.5635 6.79738 6.26265 
17.0935 7.82035 7.05446 19.1985 6.18732 6.06267 17.6077 6.88486 6.71278 
16.5189 8.06346 7.62373 16.0689 8.7977 8.09577 18.1969 5.9656 6.41443 
16.9891 6.82486 7.20139 19.2623 5.21082 6.04587 15.6118 8.81764 8.81813 
16.2044 7.70988 8.11922 17.3897 5.92022 6.86928 16.511 6.86497 7.77202 
15.6936 8.07836 8.90671 17.9649 5.34306 6.52449 15.9595 7.31785 8.61075 
15.3081 8.22543 9.60781 16.0709 6.51068 8.4944 15.6578 7.00471 9.28531 
16.7406 5.72243 7.46855 16.3572 5.98955 8.00085 15.2876 7.25957 10.0328 
15.9051 5.927 8.85864 15.5114 6.13705 9.81528 17.3155 4.95114 6.89254 
16.2831 5.25671 8.06187 15.8878 5.15979 8.88344 16.7189 4.41817 7.36354 
15.5546 4.9162 9.8113 18.1296 4.36001 6.42028 16.2985 4.33933 7.90715 
15.7055 4.27575 9.2482 15.9421 4.12039 8.53884 17.2805 3.82744 6.83514 
19.0836 3.64425 6.06726 15.7944 3.52876 8.72692 18.199 3.2412 6.33994 
16.2277 3.29863 7.75961 16.8091 3.02207 7.07038 19.1272 2.62838 6.00101 
17.5462 2.65022 6.56668 18.4414 2.02829 6.16987 19.5174 1.59328 5.83456 
15.7836 2.98308 8.51479 18.6351 1.0494 6.03367 17.705 1.48839 6.37406 
16.9041 1.71224 6.78046 18.9536 0.168535 5.86947 16.2991 2.16056 7.35099 
17.5675 0.236722 6.25889 18.1901 -0.46875 5.99169 15.7694 2.44554 8.28036 
16.7516 0.768235 6.68549 16.0658 1.24131 7.31216 17.0514 -1.1262 6.22084 
16.3976 -0.135408 6.68103 15.9939 0.574804 7.16539 15.6837 1.77818 8.11422 
16.1807 -1.09203 6.5631 15.4251 0.00743908 7.58937 15.3673 -0.832884 7.23689 
15.3916 0.965581 8.3101 15.5189 2.92867 9.37602 15.4353 1.83654 8.91901 
15.0249 -0.424273 8.15192 14.7663 -1.61505 7.71304 15.0278 0.209248 8.90585 
14.6406 -1.36392 8.39726 15.1482 0.989732 9.41393 14.6575 -0.843131 9.3131 
14.3366 -1.87279 9.13413 15.3381 2.49568 9.94952 15.1719 1.41712 9.88231 
14.8253 -0.118299 9.74061 14.5084 -1.11616 10.2129 14.2061 -2.07176 10.1623 
14.9074 0.486877 10.4882 15.1319 1.66019 10.4905 14.6062 -0.627952 10.9047 
14.2839 -1.71718 11.085 13.9738 -2.67006 10.9652 14.742 0.0612788 11.3048 
14.9635 1.11856 11.115 14.2549 -1.63086 12.0339 14.4658 -0.891049 11.9311 
14.032 -2.33767 12.0918 13.7419 -3.19267 12.0554 13.8544 -2.69839 13.0514 
14.2608 -1.35013 12.9449 14.813 0.763285 11.8996 14.6105 0.0153708 12.5121 
15.1288 2.23864 11.0407 15.4323 3.79025 10.1224 14.9766 1.94296 11.8441 
15.2471 3.47418 10.8738 15.0871 2.86808 11.55 14.83 1.55901 12.5383 
15.2524 4.28164 10.8949 15.3068 4.88888 10.6601 15.2395 6.02183 10.5883 
15.1021 4.38487 11.4956 14.9756 7.13979 10.8147 15.0081 3.56205 12.0381 
15.0823 5.58156 11.2165 14.9111 2.61909 12.4777 14.884 5.57944 11.86 
14.729 6.73579 11.7009 14.9106 4.7121 12.1515 14.8642 3.60821 12.7236 
14.4519 6.76177 12.5115 14.677 5.3748 12.7135 14.7069 4.61145 13.0777 
14.2653 6.80696 13.1964 14.7717 2.6574 13.304 14.714 3.74055 13.4663 
14.4734 5.58823 13.4886 14.7245 1.75957 13.3784 14.2499 6.4092 13.8847 
14.6097 0.683125 13.3861 14.4501 -0.23098 13.5194 14.536 4.76722 14.0583 
14.3629 5.73235 14.4923 14.6361 3.14784 14.2599 14.3341 6.20024 14.9175 
14.5939 1.35603 14.1423 14.5594 4.22919 14.5723 14.6276 2.34059 14.3571 
14.4745 5.1811 15.0013 14.5391 5.56595 15.4393 14.576 3.89099 15.1856 
14.5879 4.57432 15.4249 14.7265 5.90325 15.95 14.7559 4.43222 16.0217 
14.9913 5.11319 16.3936 15.2665 5.78372 16.6521 14.7724 3.45315 16.1032 
14.9884 4.03658 16.5059 14.5921 2.42256 15.2569 14.6711 2.90749 15.8076 
15.6727 5.13347 17.1127 15.3566 4.22953 16.9528 16.2004 4.94468 17.5284 
15.0493 2.99228 16.7142 15.8607 4.07926 17.4255 14.5537 1.58414 14.8337 
15.4713 3.18348 17.2109 14.7883 2.05927 16.3711 14.6233 1.41917 16.0383 
15.1572 2.00538 17.0093 14.5029 1.01714 15.3318 14.458 0.366796 14.4058 
14.3944 0.0671253 15.2061 14.8568 0.933893 16.7185 14.4927 0.34762 15.9326 
14.2779 -0.68606 14.6049 14.1671 -1.34874 14.004 13.9424 -2.26691 13.8129 
14.296 -0.74215 15.5027 13.6313 -3.30686 14.1006 13.9578 -2.14491 14.7648 
14.1307 -1.52061 15.1248 13.704 -3.21723 14.823 14.5433 -0.398474 16.3382 
13.9404 -2.71536 15.4813 14.3153 -1.3629 16.0233 14.1671 -2.14388 15.9274 
14.3953 -2.11108 16.404 14.1975 -3.03241 16.2672 14.8405 -0.0753818 16.8661 
14.7495 -1.11585 16.8582 14.6968 -2.35275 16.934 14.4298 -3.74897 16.7037 
15.1393 0.369464 17.1978 15.088 -1.31969 17.3082 14.911 -3.15579 17.2491 
15.2355 -0.563813 17.4084 15.1769 -2.14243 17.4818 15.0084 -3.98671 17.3768 
15.4283 0.909763 17.4463 15.5763 -0.0207592 17.6972 15.5722 -2.1857 17.9051 
15.5189 -3.3516 17.9187 15.611 -4.14334 18.0541 15.698 -1.17351 17.9352 
15.5729 2.04543 17.4528 15.9692 -2.49581 18.3513 16.1163 -4.14409 18.6972 
16.2368 -3.27717 18.7598 15.8663 3.01339 17.587 15.9037 1.18988 17.8454 
16.0393 -0.202503 18.1434 16.1817 -1.2602 18.4187 16.1476 2.51479 17.8749 
16.3317 3.61743 17.8452 16.227 0.745648 18.1828 16.3097 1.91895 18.0848 
16.8608 4.10392 18.1267 16.7836 2.98694 18.275 16.5619 -2.20053 18.9974 
16.6982 1.24233 18.5055 16.5788 -1.28376 18.8338 16.8752 2.16614 18.4907 
16.6786 0.330371 18.6438 16.6654 -0.437369 18.7711 17.2653 3.34504 18.5709 
17.2333 1.63483 18.8998 17.4629 2.43534 18.9294 17.7017 3.32444 18.9336 
17.0207 -1.13206 19.3221 17.2925 0.863564 19.1336 17.2148 0.0449976 19.2509 
16.7749 -3.04612 19.4793 17.7819 1.87611 19.3864 17.0721 -2.13047 19.6912 
18.1343 3.13066 19.4048 17.5568 -0.297078 19.7822 17.8158 0.986159 19.7024 
17.4273 -1.34256 20.0074 18.3869 2.31875 19.9871 18.6593 3.06937 20.0718 
18.2211 1.46242 20.0953 18.0452 0.526688 20.233 18.9524 2.7221 20.7962 
18.5219 1.37885 20.7053 17.9986 -0.138136 20.4924 18.845 1.86399 21.1729 
18.4602 0.616745 21.1246 19.0237 1.99261 21.734 18.7667 1.19708 21.6812 
17.8795 -1.02086 20.7587 18.2327 -0.300454 21.2762 18.8235 1.1998 22.2497 
18.5273 0.337664 21.8717 18.9375 1.69961 22.8198 18.605 0.553779 22.597 
18.6452 0.948261 23.0904 18.3451 -0.321322 22.2865 18.1267 -0.971152 21.6973 
18.5501 1.23037 23.6429 18.3684 0.289882 23.2862 17.5122 -2.04058 20.4943 
18.1642 -0.611207 22.9378 17.8906 -1.6444 21.3995 18.0278 -1.33017 22.3876 
17.1827 -3.01023 20.2488 17.5754 -2.57732 21.0889 16.7622 -4.00853 19.7188 
16.4328 -4.86079 19.3174 17.7283 -2.36635 21.8187 17.1108 -3.86276 20.5344 
16.8305 -4.79995 20.2805 17.3216 -3.57592 21.1738 16.6832 -5.69579 20.6406 
17.4931 -3.13145 21.9653 17.0385 -4.62107 21.3293 17.7038 -2.31761 22.4662 
16.8 -5.35883 21.2955 17.2474 -3.89442 21.8389 16.4209 -6.31695 21.5628 
16.9523 -4.5419 22.2296 16.5532 -5.64589 22.057 17.2421 -3.53789 22.5995 
16.3863 -5.46284 22.5951 16.7764 -4.29058 22.933 15.7983 -6.34305 22.7247 
16.4439 -4.94653 22.9417 17.6731 -1.91145 23.0836 17.2317 -3.11286 23.0642 
16.7437 -3.82278 23.3545 15.1732 -6.62253 23.0804 17.3196 -2.44504 23.3967 
15.6503 -5.5386 23.338 17.813 -1.02814 23.5225 16.1433 -4.53731 23.5343 
18.018 -0.127461 23.7411 16.8407 -2.95399 23.7457 17.3637 -1.63701 23.8485 
17.9814 0.742678 24.277 17.7249 0.0417637 24.2635 17.4789 -0.699732 24.187 
16.861 -1.89519 24.2213 17.243 0.313997 24.7578 17.0111 -0.446656 24.6406 
16.1613 -3.43472 24.0529 15.8876 -3.96104 23.97 16.7625 -1.19289 24.539 
16.2454 -2.6848 24.2831 15.4302 -4.46297 23.9577 14.6985 -5.93903 23.5893 
14.8555 -5.06437 23.8816 16.1152 -1.89838 24.5895 14.1688 -6.49038 23.4663 
15.0103 -3.85341 24.2245 15.3335 -3.21601 24.385 13.9637 -5.31855 23.8012 
15.4396 -2.60045 24.5227 13.5756 -6.00209 23.5655 14.2483 -4.30304 24.0617 
13.4958 -4.51626 23.7775 13.0244 -5.38232 23.4485 14.5507 -2.90906 24.3693 
13.9237 -3.37941 24.0874 15.5219 -1.58128 24.7323 16.1683 -0.51755 24.9115 
16.5576 0.329792 25.0226 14.7979 -1.82489 24.5852 15.7653 0.414874 25.0605 
15.2087 -0.704359 24.8189 14.0464 -2.29685 24.2274 15.0955 -0.0706773 24.8315 
15.3673 1.03092 24.9742 14.5547 -1.05748 24.5532 14.2664 -1.44479 24.3807 
14.6453 -0.0621319 24.6065 14.9132 1.05594 24.7172 14.104 -0.829699 24.2515 
14.3906 0.563584 24.3412 14.5315 1.37212 24.342 14.1239 -0.158254 24.1969 
13.7873 -1.35525 24.0236 14.3106 1.47296 24.03 14.0323 0.59086 23.9354 
13.716 -0.288765 23.7754 14.1314 1.65057 23.6644 13.8662 0.829625 23.6107 
13.4711 -1.91209 23.7973 13.4423 -0.953728 23.6125 13.5374 0.111602 23.4374 
13.359 -2.72393 23.7541 13.2832 -3.60773 23.7151 14.215 2.38511 23.3969 
13.5833 0.94053 23.2138 13.0939 -1.58026 23.3548 12.9626 -2.47023 23.3784 
13.1232 -0.532279 23.1506 13.827 2.09435 23.0709 12.8083 -4.36772 23.3537 
12.8382 -3.25338 23.3346 12.3666 -5.06209 22.9959 12.6599 -2.04527 22.9991 
12.5459 -2.83451 23.003 12.3258 -4.07055 22.9155 11.9195 -4.6303 22.5601 
12.0219 -3.30082 22.5535 12.5464 -1.13415 22.7745 12.1101 -2.08346 22.5403 
11.4761 -4.43557 22.121 11.4261 -3.42106 22.1009 11.164 -4.26123 21.8638 
11.4796 -2.69739 22.1584 10.6005 -4.78168 21.4295 10.6985 -3.98263 21.6069 
11.7121 -1.74059 22.3274 10.6926 -3.23385 21.7547 10.018 -4.25703 21.2385 
10.8569 -2.05546 22.0156 10.417 -2.57179 21.8173 10.0239 -3.27167 21.5308 
12.8108 0.0774059 22.7925 11.9002 -0.673448 22.4351 11.1069 -1.07162 22.2313 
13.278 1.37821 22.8561 12.2977 0.490078 22.5642 11.4601 -0.256666 22.3728 
12.8176 1.41599 22.6686 13.4376 2.67639 22.7318 12.6768 2.36276 22.5883 
12.1318 1.48058 22.5468 11.5725 0.733357 22.4711 12.8067 3.30832 22.5449 
12.2748 2.7746 22.5536 11.7365 2.30918 22.5594 12.3481 4.11361 22.5164 
11.8443 3.30047 22.5717 11.3383 1.63424 22.5305 10.9715 0.396419 22.4082 
11.655 4.31007 22.5683 11.0324 2.53352 22.5704 11.128 3.32672 22.5908 
10.9079 4.2771 22.5751 10.4723 1.77935 22.4885 10.5002 0.955736 22.4375 
10.3948 3.18103 22.5203 10.4104 -1.29688 22.097 10.3404 -0.224546 22.2787 
9.94443 2.11711 22.4017 9.76592 0.521555 22.2711 9.77087 -2.32749 21.758 
9.79001 -1.0153 22.0646 9.37317 -3.97622 21.1367 9.41824 -3.02258 21.4716 
9.52384 -1.68154 21.8686 8.88882 -3.70675 21.1082 8.87855 -2.57832 21.4868 
9.31273 -0.33773 22.0552 8.18594 -3.93271 20.7989 8.27133 -3.28946 21.0603 
8.65142 -1.74248 21.5938 8.91044 -0.915504 21.8266 8.06458 -2.67475 21.1283 
7.44264 -3.28494 20.5895 7.94353 -1.9686 21.1655 7.46042 -2.47343 20.7162 
8.07182 -1.14986 21.3183 7.34938 -1.67285 20.5687 6.9072 -2.28553 19.9415 
8.22073 -0.395099 21.4526 9.23866 0.926905 22.1131 8.56122 0.178323 21.7061 
7.67187 -0.684627 20.8696 7.29513 -0.803963 20.1321 7.01613 -1.29481 19.5862 
7.9457 0.437772 20.9973 9.41714 1.92279 22.2034 8.83935 1.37543 21.8707 
7.58707 0.112257 20.3117 8.38609 1.1525 21.4604 9.51793 2.93446 22.2163 
8.86689 2.41327 21.7678 10.0133 4.13179 22.3861 7.92932 1.11206 20.5739 
9.28195 3.78959 21.9788 8.43824 2.28096 21.1801 9.53364 4.63375 22.082 
8.8565 3.32173 21.5805 8.99535 4.40911 21.5524 8.49665 3.11105 20.8915 
8.68768 4.04634 21.0341 8.98514 5.47811 21.2769 8.14374 1.97878 20.44 
8.75241 5.45437 20.6494 8.60175 4.40175 20.3376 8.45178 3.45819 20.2091 
8.31532 2.72897 20.0578 8.68087 5.70976 19.8194 8.64806 4.80247 19.6656 
7.98965 1.49967 19.7425 7.62244 0.420202 19.6186 8.59209 3.73161 19.3608 
8.47838 2.97716 19.2612 8.72312 4.45227 19.082 8.31068 2.2 19.1727 
7.29072 -0.515199 19.1645 8.04148 1.29087 19.0636 8.79453 5.49607 18.8057 
7.63352 0.085339 18.7834 7.19462 -1.03287 18.3796 7.91166 0.478386 18.4941 
8.8066 3.39019 18.5144 8.55695 2.06483 18.4216 8.92064 4.60301 18.4733 
7.81206 -0.168903 18.0161 8.25543 0.873441 18.1546 7.82222 -0.631318 17.514 
8.72731 1.57512 17.8191 8.97458 2.65181 17.922 9.02454 5.68524 17.9589 
9.13844 4.71123 17.9213 9.15979 3.72114 17.865 8.55166 0.608382 17.4795 
9.30261 5.86505 17.1721 9.51587 5.05786 17.0785 9.44088 3.18883 17.3042 
9.54943 4.15858 17.1808 9.27083 6.41574 16.8643 9.27459 1.76263 17.1179 
9.54947 2.38864 16.9635 9.7318 6.19763 16.0618 10.0202 4.19778 16.4294 
9.99653 5.35976 16.1159 9.92094 3.33189 16.6119 9.1041 1.02587 16.9941 
10.4825 4.69042 15.6084 10.5042 3.7487 15.7659 10.1618 2.54303 16.1647 
8.65633 -0.0192295 16.8974 9.82238 1.40685 16.2654 8.00741 -0.972803 16.8895 
10.6194 2.80273 15.5563 9.34994 0.509674 16.4085 8.64055 -0.75847 16.3244 
10.363 1.56496 15.6108 9.45586 -0.144423 15.8711 10.0401 0.550235 15.5861 
9.01583 -1.0725 15.6189 8.38827 -1.76303 15.5795 10.0815 -0.0197015 15.2064 
9.58898 -0.885478 15.175 8.25392 -2.29499 15.0563 9.21428 -1.74326 14.7989 
8.07533 -2.81756 14.5013 8.82531 -2.41884 14.417 8.82108 -2.92292 13.8117 
8.37557 -3.53213 13.2984 9.53597 -2.30471 13.8916 10.2972 -0.483331 14.6216 
10.0346 -1.29288 14.3201 10.6853 0.883181 14.8783 9.79659 -2.7964 13.0511 
10.1955 -1.80537 13.6452 10.7916 0.222345 14.352 10.7576 -0.631125 13.8466 
10.5811 -1.93768 12.8986 10.9262 -1.01387 13.2404 11.1083 1.42109 14.4503 
10.9816 2.48821 14.9589 11.1847 0.471229 13.852 11.3862 0.0180859 13.1246 
11.1541 -1.30103 12.4071 11.4677 1.34613 13.769 11.4935 -0.404355 12.4139 
11.5792 -0.56053 11.7166 11.7989 0.873647 12.648 11.8075 0.280784 11.8243 
11.8236 2.0492 13.3151 11.534 2.74121 14.0685 11.9683 0.831108 11.2314 
12.0734 2.01143 12.5698 12.0974 1.44558 11.6731 11.0261 3.75459 14.9542 
11.4483 3.51332 14.2695 12.2849 2.31057 11.6566 11.8818 3.4043 13.4761 
12.0975 3.30769 13.0049 12.294 3.00889 12.3196 11.57 4.47264 13.9197 
12.0116 4.32769 13.1405 11.0854 4.93125 14.5482 10.5954 5.40874 15.1213 
10.1428 6.29023 15.2409 11.5232 5.30633 13.6903 10.6919 6.13551 14.4726 
9.59531 7.30783 15.2576 11.1131 6.02017 13.8849 10.1772 6.98463 14.5671 
9.58222 7.83548 14.6243 10.6193 6.87386 13.9791 10.0193 7.56999 14.1755 
9.92964 8.09684 13.6838 10.8508 7.20219 13.2917 12.0252 5.22306 12.8251 
11.4853 6.41249 13.0207 9.93907 8.64653 12.9853 10.4952 8.13441 12.8207 
12.3409 4.36467 12.3455 12.451 3.6795 11.8451 12.1908 2.09672 10.806 
12.0347 6.1068 12.2864 12.4385 3.25842 11.1967 11.3803 7.51039 12.2025 
12.5068 4.77119 11.6727 12.3826 5.55487 11.8387 10.3499 9.03592 11.9993 
11.8789 6.82248 12.0205 11.0281 8.29575 11.9194 12.5835 4.54221 10.9954 
12.3292 3.47962 10.3046 12.5445 5.74642 10.992 12.2507 6.76252 11.2402 
11.5644 8.04338 11.3804 12.5238 4.81026 10.2688 11.9797 3.80715 9.40881 
12.5475 5.9606 10.1921 12.0044 7.69545 10.8631 12.2981 5.08125 9.49471 
12.4204 6.85107 10.4529 12.4725 6.60619 9.7015 12.2821 7.46999 10.2185 
12.2478 5.92034 9.09124 11.5806 4.51272 8.66702 10.9506 9.17596 11.1159 
11.6785 5.30676 8.50329 11.5902 8.7692 10.5683 12.0014 6.36368 8.54929 
12.3212 7.28745 9.17078 12.0375 8.32435 10.0349 12.2073 8.11782 9.35943 
11.893 7.07301 8.19662 10.4823 10.1676 10.6798 11.233 9.71687 10.1781 
11.3699 6.323 7.8529 11.7438 9.33788 9.56065 12.0959 8.2499 8.5362 
10.7345 10.6706 9.89541 11.3433 10.2405 9.39989 11.9009 9.32217 8.79731 
11.6549 7.57922 7.72825 10.8804 11.1226 9.21204 11.8557 8.65307 7.91538 
11.4122 10.6989 8.56276 10.7051 11.8189 8.67177 11.7366 9.88812 8.16978 
11.003 11.7569 7.85791 11.6876 9.56822 7.59797 11.5332 10.4024 7.62122 
11.3142 11.0501 7.43777 10.9612 11.5223 6.80224 11.3766 8.2948 7.22153 
11.3871 9.1469 7.06808 11.2382 10.4273 6.83748 11.0995 9.69671 6.61478 
10.6145 10.8759 6.03051 10.5254 10.0668 5.9742 10.7708 8.8417 6.47752 
10.1957 9.04535 5.97709 9.61178 9.60812 5.43801 10.5998 8.00039 6.63052 
10.8603 7.07753 7.16475 9.41985 8.58825 5.72087 9.84631 7.83921 6.2531 
10.0718 7.01472 6.70826 8.53479 8.06309 5.63664 9.03434 7.48261 6.0589 
9.44283 6.73659 6.52905 7.55213 8.24454 5.36302 10.0598 6.3045 6.97562 
8.76345 6.73487 6.2926 6.74034 7.9891 5.45034 7.84119 7.12872 5.90287 
10.7523 5.78191 7.57021 6.8525 7.18095 5.77332 7.7869 6.24808 6.19271 
6.84476 6.37965 5.98155 8.76584 5.80943 6.58162 10.1326 5.52516 7.27971 
7.29396 5.38428 6.18782 6.46549 5.43342 5.93342 8.52024 5.2212 6.62485 
9.41756 5.15278 7.01857 10.9774 4.96742 7.99979 8.24519 4.67734 6.5436 
6.69531 4.41408 5.7401 7.49397 4.34949 6.14872 8.96225 4.26202 6.90274 
10.2331 4.53481 7.59364 7.90355 3.73771 6.24506 7.27292 3.13803 5.5111 
8.03593 3.10367 6.1361 8.72448 3.29441 6.69119 9.67726 3.75632 7.35515 
9.21882 3.38456 7.06271 8.52226 2.2178 6.19488 10.4897 3.61373 7.93492 
10.9998 3.89158 8.29262 9.42703 2.66943 7.12533 10.2635 2.69179 7.83064 
11.1703 3.19984 8.58955 9.25815 1.50463 6.66525 9.85599 1.90621 7.3993 
10.4457 1.87298 8.00967 11.5098 2.44171 9.15684 10.9558 1.91299 8.56205 
9.97259 0.914046 7.33874 11.9558 2.18139 10.0537 9.59619 0.417372 6.67275 
10.4634 0.859276 7.94485 11.4912 1.27178 9.4247 10.963 0.732986 8.63194 
10.2625 -0.291352 7.48756 11.8974 0.97331 10.505 10.6251 -0.377374 8.05719 
11.0311 -0.025107 8.7926 11.5466 0.299798 9.82465 10.0748 -0.684646 7.02891 
11.7667 0.119899 10.7767 11.4256 -0.658406 9.93287 11.5649 -0.762526 10.9103 
11.1206 -1.27061 9.23441 10.8516 -1.57543 8.55807 11.3014 -1.47516 10.1214 
11.2401 -1.83379 10.7765 11.1792 -1.73667 11.5899 10.435 -1.87768 7.56842 
10.9124 -2.70999 9.61305 10.8934 -2.74668 10.8124 10.6426 -2.51878 12.0516 
10.637 -2.72809 8.35168 10.4154 -3.30126 11.386 10.4999 -3.65955 10.378 
9.8881 -3.35697 12.2079 9.14384 -3.56972 12.7091 9.90668 -3.96928 11.2668 
9.48996 -4.04859 11.6913 10.5503 -3.6931 9.23852 8.33772 -4.21701 12.3025 
8.91885 -4.43149 11.6335 9.8404 -4.43618 10.5512 9.26895 -4.73043 10.822 
10.126 -4.44192 9.74873 8.43206 -4.9656 11.0847 9.23959 -5.22846 9.93623 
10.3756 -3.77236 8.35347 9.86589 -4.92385 8.96188 8.30291 -5.5325 10.1367 
8.86678 -5.73735 9.1661 10.0825 -4.25564 7.8767 9.59206 -5.2278 8.12737 
10.1882 -3.05406 7.19874 8.03608 -6.10002 9.0012 8.8774 -5.90724 8.19179 
9.743 -4.46142 7.00279 8.32566 -6.26299 7.80808 7.46904 -6.50834 8.19747 
10.0066 -1.959 6.65752 9.24395 -5.26811 6.78595 8.44482 -6.15455 6.86204 
7.2277 -6.76188 7.30618 9.47016 -4.13784 6.15401 9.68141 -2.94868 6.03828 
8.82718 -5.48511 5.92291 7.80053 -6.58099 6.4502 9.08725 -4.61529 5.59762 
9.62287 -1.66202 5.98308 9.56281 -0.524374 6.23923 9.15437 -3.3244 5.15414 
9.23884 -2.0932 5.26828 9.17136 -0.932216 5.4565 8.94949 0.83837 5.99107 
8.81155 0.0721616 5.39028 8.3109 1.36472 5.51297 7.88455 2.18878 5.51844 
8.73106 -0.897331 4.82609 8.26897 0.647923 4.99251 7.25959 2.32448 4.94052 
7.68966 1.23143 4.64862 8.14671 0.00991195 4.48269 8.7177 -1.8712 4.54312 
6.94811 1.96469 4.31928 7.57009 0.292008 3.96428 8.12643 -1.14973 4.00493 
6.79889 1.33175 3.73103 8.71461 -2.99836 4.47668 7.48579 -0.702684 3.47977 
6.8354 0.41743 3.29413 8.06782 -2.35756 3.73942 8.54874 -4.11457 4.49288 
8.22672 -3.13165 3.91073 8.47144 -5.06295 4.87737 7.63339 -1.98287 3.35275 
6.99081 -6.96292 6.37124 8.07505 -6.15409 5.51146 7.22122 -1.46137 3.07616 
7.81665 -5.90333 4.75776 7.82333 -4.15126 3.73438 7.12466 -6.82628 5.50045 
7.72776 -4.97182 3.98112 7.499 -3.40565 3.27901 7.13586 -6.39835 4.56303 
7.09002 -5.59439 3.78499 6.38333 -6.78772 4.36697 6.81909 -4.62128 3.12133 
6.18 -6.33172 3.69053 6.99005 -2.94687 2.84844 6.23622 -5.22973 3.02317 
5.58122 -6.31494 3.31453 6.49778 -3.69764 2.66675 5.28697 -5.51549 2.67555 
5.73513 -4.64147 2.5209 6.70081 -2.03372 2.61704 6.71658 -0.799924 2.79132 
5.49906 -4.04359 2.21482 4.88265 -4.51129 2.08256 6.13054 -2.44507 2.27264 
5.6741 -3.00573 2.07441 4.94712 -3.25339 1.73751 4.13362 -4.00583 1.5639 
6.0432 -1.03726 2.24503 5.53264 -1.81572 1.87736 6.33499 -0.084004 2.66394 
5.10647 -2.2871 1.6396 4.21765 -3.16938 1.30306 4.53622 -2.24895 1.25666 
3.49431 -2.91839 0.693584 5.30547 -0.743301 1.74374 4.95625 -1.11346 1.45567 
4.0165 -2.01122 0.756857 5.52546 -0.0841013 2.01629 3.32636 -2.32366 0.0418766 
4.35318 -1.15894 0.90698 3.73539 -1.34515 0.0433052 4.52879 -0.298661 1.06895 
5.81485 0.605365 2.47029 4.83755 0.483274 1.54191 4.08503 -0.084303 0.478292 
3.83485 -0.178179 -0.219053 5.22892 0.861819 2.04656 6.1154 1.22107 3.01071 
4.32895 0.773903 1.04648 3.75263 0.736153 -0.664504 3.85764 1.05975 0.337142 
4.61527 1.40194 1.66094 3.43573 1.85096 -0.688267 3.42931 1.91619 -0.0995724 
3.62039 1.8998 0.488476 3.97351 1.82162 1.08505 5.12201 1.56899 2.26952 
2.81565 2.91917 -0.551828 2.94742 2.90727 0.305232 3.28194 2.79012 0.856217 
1.82707 3.91304 -0.677975 2.24222 3.60156 0.129275 4.05097 2.37655 1.60976 
2.39521 3.77209 0.907664 4.64539 2.32061 2.25406 3.12375 3.3789 1.40641 
5.28368 2.11749 2.76279 5.71069 2.1186 3.17362 3.83462 3.10188 2.02486 
6.15225 2.27461 3.71813 4.65019 2.9646 2.78689 4.20046 3.42541 2.75971 
5.22742 3.05229 3.44292 2.48253 4.16015 1.72547 3.62192 3.71737 2.46327 
3.05262 3.97068 2.12565 5.96557 3.08864 4.1994 6.57496 3.28799 4.98094 
4.53637 3.90095 3.62998 3.63276 4.1916 3.07599 5.70531 3.72845 4.56043 
2.53185 4.56894 2.46632 5.93419 4.16147 5.11509 2.91325 4.68914 3.06483 
4.8436 4.34598 4.42222 3.48348 4.80751 3.79755 5.10195 4.904 5.1367 
5.79497 5.14775 5.62023 4.10783 4.89895 4.44815 6.08273 6.34703 5.8912 
5.32738 6.26682 5.8214 4.1824 5.5212 5.136 4.66273 6.06283 5.63833 
5.70934 7.43773 5.73576 4.72422 6.98127 5.84187 5.05876 8.15484 5.67131 
3.35161 5.44476 4.50262 4.24973 7.91348 5.96161 3.69081 7.04301 5.92503 
3.12307 5.91471 4.96161 3.30613 6.55814 5.60096 3.39943 7.82703 6.12937 
2.55955 7.4577 6.02723 2.44156 6.25084 4.98707 2.3795 5.61503 4.07517 
2.1461 6.91888 5.56703 2.35792 5.1506 3.28719 1.52478 7.86368 6.15108 
1.50502 7.12009 5.54353 1.65742 6.434 4.80994 0.691086 8.05591 6.1214 
0.92567 7.28951 5.51253 0.943238 6.70699 4.84137 0.128868 7.73876 5.72836 
1.3193 6.14061 4.17586 1.64519 5.72476 3.68287 0.224774 7.11159 5.11729 
0.453926 6.36413 4.15762 -0.640141 6.97154 4.95904 -0.21723 6.55066 4.35239 
1.69089 5.24169 2.8575 1.02725 5.728 3.29149 0.376833 5.99111 3.51798 
-0.923002 6.35525 4.36653 -0.60196 6.06614 3.7899 1.66762 4.95353 2.29704 
0.873257 5.41828 2.63018 0.0821217 5.56653 2.73349 1.7543 4.61591 1.73141 
-1.4022 5.70046 4.05657 -0.731267 5.62888 3.16722 0.707643 5.18838 2.1241 
0.660579 5.00944 1.72921 1.52426 4.43139 1.08073 -0.569194 5.24484 2.31143 
-1.48348 5.1705 3.35031 0.578372 4.74745 1.047 -0.236487 4.95674 1.44471 
1.3259 4.23594 0.216439 -1.40476 4.87665 2.5382 -1.19439 4.78322 1.85587 
-0.155035 4.64719 0.411673 0.350429 4.50904 -0.266512 -1.24486 4.5913 1.32997 
-1.17032 4.48151 0.669431 -0.686486 4.61467 -0.69687 -1.99892 4.35935 2.98333 
-1.35751 4.37613 -0.0242741 -2.04423 4.11953 2.26912 -2.01158 3.97825 1.00355 
-1.98513 4.19378 -0.726447 -2.21303 3.83361 1.66881 -2.35438 3.70714 0.265837 
-2.90722 3.3705 -0.447067 -2.65177 3.26902 1.20715 -3.04793 2.78744 0.658751 
-3.50274 2.49435 -0.330945 -2.45626 3.58636 2.66192 -3.47968 2.11401 0.318537 
-3.91292 1.11784 -0.0115445 -2.99374 2.62064 1.79429 -3.31428 2.07732 1.24106 
-2.74395 3.05521 2.31455 -3.63742 1.36307 0.824007 -3.9032 0.254159 0.578223 
-3.72942 0.608032 1.32263 -3.52785 1.19026 1.82444 -3.2959 1.78853 2.25851 
-3.73356 0.0636553 2.07688 -3.54024 0.808068 2.6274 -3.05966 2.31231 2.82853 
-3.67976 0.0492243 2.9827 -3.39886 1.22577 3.07622 -3.55001 0.476011 3.72108 
-2.88153 2.72701 3.40399 -3.24246 1.65271 3.60931 -2.54487 3.49389 3.356 
-3.11459 2.0126 4.15232 -3.33028 1.22154 4.49503 -3.51152 0.489078 4.69447 
-1.95965 4.69224 3.73168 -2.39434 3.90047 3.83677 -2.84247 2.85203 4.23309 
-3.24582 1.52005 5.12354 -3.01074 2.37941 4.94604 -3.39778 0.917233 5.67051 
-2.67122 3.38417 4.57285 -3.08753 2.18019 5.62078 -3.46458 0.861179 6.43907 
-3.2355 1.78121 6.22744 -2.55962 3.81209 4.90752 -2.87643 2.99257 5.56367 
-2.12867 4.71609 4.46248 -3.32031 1.93226 6.88495 -2.71993 3.66369 5.66627 
-3.02314 2.88284 6.3802 -2.42419 4.32882 5.11994 -1.81388 5.35716 4.43635 
-2.27269 4.92299 5.27894 -3.49845 2.29942 7.5724 -3.16291 3.23609 7.08479 
-2.89055 3.85044 6.55667 -2.6203 4.40885 6.00012 -2.00013 5.55818 5.13753 
-1.49511 6.19026 4.78034 -2.37017 5.31793 5.84727 -2.77766 4.78399 6.60207 
-1.85126 6.45219 5.46522 -2.27729 5.9162 5.91121 -1.34861 6.98464 5.31412 
-0.706179 7.61193 5.54742 -2.58621 5.77637 6.42166 -2.15609 6.69615 5.96971 
-0.428666 8.15859 5.98902 -0.297023 8.7355 6.39242 -1.37196 7.85152 5.88645 
-1.96847 7.66654 6.04653 -1.25992 8.90882 6.3203 -2.60159 6.8449 6.4732 
-2.0716 8.64616 6.29163 -2.00489 9.61522 6.5541 -2.7056 7.73762 6.47572 
-2.7402 9.20595 6.44254 -2.86114 8.53722 6.46981 -2.83154 10.0859 6.53191 
-3.60391 10.4068 6.45475 -3.53322 9.42307 6.45221 -2.9233 5.73905 6.9154 
-3.32162 7.89417 6.73941 -3.74624 8.81555 6.58424 -3.27515 6.99173 6.96763 
-4.4502 10.1468 6.30775 -4.24704 8.37772 6.79232 -4.6726 9.4261 6.42013 
-3.92246 7.3082 7.16185 -3.19315 4.86088 7.35129 -3.40086 5.71516 7.43858 
-3.22441 4.05271 7.38539 -3.65201 6.3383 7.42963 -3.48751 3.51529 7.75532 
-3.69111 5.2496 7.79097 -3.76838 4.36797 8.02164 -3.77777 2.89442 8.11719 
-4.14952 4.89596 8.16673 -4.35218 5.61993 8.0171 -4.19237 3.62728 8.45369 
-4.47258 6.42591 7.70286 -4.62848 7.38233 7.28708 -4.60365 4.16621 8.54602 
-4.84099 5.02053 8.35749 -5.07288 8.77212 6.64384 -5.28871 8.08066 6.96629 
-5.31607 7.14649 7.43458 -5.3197 6.06436 7.96128 -5.55117 9.94172 6.15239 
-5.89751 8.03435 6.9154 -6.0131 8.9382 6.44448 -5.9549 7.08683 7.40216 
-6.36817 9.77321 6.03284 -5.73388 5.49197 8.19602 -6.56155 8.35835 6.60612 
-7.11982 9.9139 5.80757 -7.12676 8.92302 6.17594 -6.72883 7.60218 6.94991 
-7.82474 9.83644 5.63099 -6.30284 6.23045 7.75614 -8.1197 9.00329 5.83188 
-8.78389 9.63663 5.43259 -7.86116 8.30062 6.20891 -7.46578 7.72191 6.63335 
-7.08099 6.82939 7.21567 -9.05143 8.77047 5.61263 -8.67281 7.91133 6.06047 
-8.07833 7.10821 6.66424 -9.50846 7.71682 5.80175 -7.03095 6.06919 7.60262 
-9.05163 6.90558 6.28592 -7.84868 6.00747 7.26552 -8.31096 6.17288 6.96042 
-7.30438 5.59645 7.6992 -8.83632 6.31987 6.62285 -9.86674 6.70271 5.98354 
-6.02635 4.89212 8.39487 -6.6543 5.06076 8.17361 -9.36381 5.75992 6.54557 
-8.04474 5.0904 7.53593 -5.36066 4.29632 8.6507 -7.31785 4.76676 8.02145 
-8.76766 5.21923 7.07694 -10.0654 5.53313 6.24802 -9.48418 4.83534 6.77715 
-6.22635 3.79084 8.71468 -6.95854 3.91325 8.45527 -8.76288 4.3729 7.35983 
-7.84116 4.0208 8.00227 -4.93782 3.28258 8.84441 -5.63733 3.18094 8.95289 
-4.43679 2.50822 8.71214 -4.13891 1.94982 8.45061 -5.13851 2.21784 9.0333 
-6.88752 2.99365 8.71889 -3.89496 1.41938 8.0576 -6.00662 2.38254 9.05949 
-4.75283 1.34128 8.86923 -7.69304 3.05007 8.33619 -6.66336 2.26422 8.93529 
-8.26249 3.49603 7.91437 -5.57157 1.42595 9.12798 -6.27451 1.37846 9.10057 
-7.35191 2.07281 8.68777 -6.27888 0.690057 9.08699 -8.8471 3.26928 7.61261 
-6.94966 0.93651 8.93611 -8.19715 2.23753 8.22066 -9.52635 3.96413 7.0027 
-7.59548 1.28081 8.65032 -10.2484 4.51421 6.43462 -11.0158 5.1125 5.92636 
-9.6107 3.08888 7.16477 -11.0927 4.32694 6.07339 -10.3145 3.61571 6.61728 
-8.97334 2.31447 7.72955 -11.3644 3.5479 6.11819 -8.51107 1.4714 8.13912 
-10.5931 2.89239 6.61922 -9.81654 2.24673 7.19927 -10.6733 2.15883 6.70563 
-11.399 2.37455 6.30766 -7.85043 0.555105 8.56137 -9.51356 1.29865 7.52091 
-10.5841 1.54017 6.83796 -9.09565 0.709608 7.83423 -11.8558 1.43548 6.25207 
-10.1319 0.967599 7.16902 -8.4417 0.413629 8.24124 -11.0496 1.0199 6.65624 
-10.4123 0.269733 7.05182 -11.9005 0.379648 6.33925 -11.0815 0.223131 6.70502 
-9.60602 0.028285 7.53958 -12.135 -0.2865 6.30737 -10.0411 -0.43778 7.28732 
-11.0504 -0.645615 6.75443 -8.69319 -0.378763 8.09085 -10.1737 -1.08413 7.20332 
-11.7526 -1.34788 6.47576 -9.47787 -0.924466 7.60865 -10.5473 -1.79713 6.98516 
-9.37545 -1.70427 7.6202 -8.61663 -1.44567 8.05694 -7.9988 -0.963525 8.41479 
-7.05455 0.0726017 8.8774 -7.29939 -0.697815 8.72194 -7.60903 -1.80155 8.42922 
-6.05784 -0.0985904 9.00341 -5.28897 0.453025 8.98176 -6.64822 -1.00178 8.8079 
-4.40855 0.599262 8.4793 -5.90105 -0.968393 8.79587 -5.24474 -0.540987 8.7215 
-6.48224 -1.79318 8.59618 -3.6491 0.961112 7.34067 -4.65477 -0.522976 8.32282 
-4.01354 0.230097 7.79979 -4.14248 -0.456346 7.59683 -3.70942 0.207245 6.91081 
-5.5255 -1.79868 8.37117 -4.92599 -1.46941 8.11603 -4.48301 -1.29389 7.63162 
-3.59558 0.172138 5.97048 -3.83583 -0.47114 6.47619 -4.0917 -1.07048 6.79698 
-5.97889 -2.39753 8.28993 -4.69113 -1.93813 7.45131 -3.6965 -0.252854 5.24557 
-4.12408 -1.41321 6.31388 -3.90235 -0.916113 5.74024 -5.24054 -2.58424 7.72569 
-4.63407 -2.26304 6.99789 -3.71054 -0.30905 4.32888 -3.89529 -1.01959 5.04541 
-4.1911 -1.78074 5.87331 -4.48338 -2.33074 6.3903 -3.78334 -0.617256 3.74414 
-4.12585 -1.80646 5.24844 -3.94039 -1.32566 4.37945 -4.34786 -2.4143 5.50915 
-4.08029 -2.06129 4.32836 -4.66989 -2.93545 6.15319 -4.36312 -2.80859 4.98784 
-5.06899 -3.06334 7.08141 -4.78773 -3.46697 5.84444 -4.6659 -3.67018 5.29157 
-5.14367 -3.72091 6.54867 -6.22219 -3.02988 8.08571 -6.98439 -2.46183 8.37332 
-5.76806 -3.64231 7.49284 -5.10432 -4.40995 5.85625 -5.52386 -4.25935 6.7666 
-7.64333 -2.69297 8.19962 -7.36711 -3.46174 8.01355 -5.96713 -4.75784 6.97439 
-6.98383 -3.96486 7.83373 -6.64088 -4.3319 7.61557 -5.62498 -5.16707 6.34646 
-8.77016 -2.31309 7.86153 -8.26112 -2.97595 7.94723 -6.76169 -4.9731 7.3965 
-8.03495 -4.09503 7.72017 -6.56798 -5.57305 7.03957 -7.52669 -5.06206 7.48079 
-8.96001 -3.47047 7.57697 -9.95651 -2.20552 7.26143 -8.41753 -4.4469 7.56598 
-9.64053 -2.83304 7.36008 -11.2328 -2.09571 6.66735 -10.4416 -2.93768 6.96712 
-9.72966 -3.8531 7.19047 -11.2629 -2.97935 6.63269 -12.0273 -2.89209 6.40279 
-10.4926 -3.83491 6.87642 -11.243 -3.70808 6.60918 -9.25408 -4.75509 7.23387 
-12.0302 -3.84014 6.38943 -11.1969 -4.45964 6.58625 -8.5552 -5.3512 7.3012 
-10.2635 -4.949 6.85022 -12.1488 -4.81876 6.34643 -11.1689 -5.20754 6.54879 
-9.56558 -5.69204 6.98121 -11.583 -5.85166 6.40566 -10.4076 -5.87275 6.70428 
-10.9243 -6.52036 6.50699 -7.81176 -6.07685 7.19293 -8.8759 -6.39307 7.0185 
-9.84688 -6.76691 6.74136 -6.69485 -6.28984 6.84525 -10.321 -7.37056 6.55325 
-11.2852 -7.61992 6.34243 -8.85061 -7.20128 6.85693 -7.81025 -6.874 6.97672 
-5.96643 -5.98677 6.4148 -9.45745 -7.8161 6.66209 -10.3057 -8.35415 6.43969 
-7.15867 -7.25034 6.82269 -8.17215 -7.79602 6.78426 -11.0075 -9.15884 6.25037 
-8.80708 -8.48304 6.63291 -9.6969 -8.9211 6.46269 -10.0032 -9.91688 6.29515 
-7.61792 -8.29705 6.68664 -9.04517 -9.52163 6.46337 -10.7218 -10.6807 6.13282 
-8.40651 -9.5352 6.52221 -9.1563 -10.4477 6.32153 -7.84955 -8.97313 6.61684 
-9.72068 -11.1811 6.16335 -10.078 -11.6292 6.07905 -8.76217 -11.1529 6.28109 
-8.22205 -10.6135 6.43121 -8.46626 -11.8027 6.25194 -7.60631 -9.91865 6.57698 
-7.69717 -11.2972 6.51066 -7.0048 -11.6142 6.85217 -6.96063 -10.651 6.80892 
-6.76764 -8.33224 6.61716 -6.73637 -9.23453 6.64262 -6.56651 -7.52021 6.58212 
-6.26431 -9.96061 6.97153 -6.03487 -6.84837 6.33201 -5.68474 -9.51324 6.9633 
-5.88914 -8.72547 6.5461 -5.04279 -9.59206 7.45899 -5.72656 -8.19008 6.30107 
-5.15859 -9.10132 6.8017 -5.46097 -7.5641 5.9597 -5.0465 -8.37235 6.15489 
-4.35116 -9.01065 7.00232 -5.56025 -6.71737 5.90415 -4.42413 -8.62773 6.27925 
-3.69702 -8.68172 6.53273 -4.46159 -8.12775 5.73155 -4.76492 -7.5356 5.43715 
-3.58354 -8.39139 5.82049 -5.38586 -5.78262 5.77757 -5.05781 -6.48736 5.34354 
-3.82255 -7.94815 5.19535 -4.48106 -6.99443 4.88901 -4.98645 -5.07504 5.33401 
-3.77052 -7.35262 4.51425 -4.74534 -5.46937 4.87172 -4.37352 -6.17646 4.45802 
-3.83964 -6.66896 4.08926 -4.66169 -4.37091 4.9258 -4.32776 -5.28506 4.23864 
-3.78004 -5.74073 3.60265 -4.3755 -3.40694 4.57755 -4.19719 -4.48788 3.9833 
-3.93829 -5.1255 3.63809 -3.44493 -6.21618 3.43685 -4.2036 -3.8898 4.01353 
-4.12878 -2.82766 4.00722 -3.42227 -5.18988 2.95901 -3.92102 -3.37653 3.29971 
-3.64932 -4.25318 2.93316 -3.94153 -2.55122 3.28353 -3.89586 -1.44741 3.38308 
-3.79687 -0.664353 2.85531 -3.87092 -1.89365 2.76641 -3.70771 -3.28276 2.64448 
-3.82524 -1.03613 2.24619 -3.8411 -0.411192 1.35077 -3.71425 -2.37893 2.03238 
-3.78204 -1.66781 1.66779 -3.82402 -1.1974 1.22946 -3.9123 -0.853288 0.516974 
-3.49066 -3.38542 2.08043 -3.72544 -1.84021 0.624284 -3.46749 -2.79662 1.29374 
-3.4263 -2.62219 0.132836 -3.1698 -4.42077 2.19538 -3.18959 -3.23609 0.928889 
-3.12903 -3.76427 1.56104 -2.80728 -3.60068 0.415294 -2.90135 -3.34701 -0.325762 
-2.73105 -4.26655 1.35305 -2.90324 -5.12574 2.30214 -2.19156 -3.9733 -0.247103 
-2.1252 -4.24199 0.384242 -2.38345 -4.8342 1.51901 -1.89274 -4.83272 1.01359 
-1.21302 -4.33412 -0.546305 -2.48957 -5.58268 2.18844 -1.15846 -4.76109 0.434006 
-1.5524 -5.5616 1.54479 -2.7758 -6.27161 2.89214 -0.977247 -5.35352 1.0919 
-3.03624 -6.86831 3.52207 -1.69359 -6.13139 2.0953 -2.11158 -6.42185 2.55269 
-2.7943 -7.3778 3.84037 -3.02123 -7.74924 4.45731 -3.02675 -8.25912 5.38825 
-2.11612 -7.23631 3.32281 -2.17042 -7.84702 4.20243 -1.46114 -6.74479 2.54045 
-2.24104 -8.10705 4.8249 -2.36164 -8.36429 5.76318 -1.79382 -8.248 5.24211 
-1.48368 -7.78127 3.85675 -1.00955 -7.42586 3.17904 -0.883677 -6.94113 2.57985 
-1.07283 -8.16174 4.89203 -0.799487 -6.41316 2.04854 -0.569337 -7.88777 3.90413 
-0.247021 -7.46305 3.09177 -0.335246 -5.80018 1.41001 -0.264407 -5.17429 0.781545 
-0.282076 -4.58502 -0.0926583 0.0781239 -6.31631 1.85576 0.180801 -6.97025 2.48567 
0.68397 -4.26 -0.517446 0.650677 -4.75224 0.418307 0.605511 -5.60762 1.26962 
1.70299 -3.77376 -0.498493 2.67335 -2.97642 -0.392054 1.63146 -4.41186 0.469111 
2.55383 -3.51729 0.239663 1.48704 -5.13491 1.07751 2.45069 -4.32451 0.867813 
1.0346 -6.32554 1.93122 3.31157 -3.94871 1.10618 1.61714 -5.81636 1.64464 
2.48412 -5.07268 1.39281 3.17571 -4.73 1.46389 2.2406 -5.5576 1.62614 
1.46186 -6.62795 2.25319 3.36811 -5.50031 1.94453 4.18538 -4.88852 1.94488 
2.47616 -6.25983 2.17538 1.76466 -6.95903 2.60317 1.06732 -7.40276 3.0065 
4.31388 -5.77635 2.42687 3.51406 -6.26148 2.45878 0.493279 -7.71223 3.45704 
2.84099 -6.87913 2.76891 2.16415 -7.33638 3.08447 0.287307 -8.00033 4.22376 
3.67132 -6.94412 3.06387 1.11319 -7.93976 4.1132 -0.238595 -8.10895 4.70845 
1.99569 -7.80467 3.88306 2.98019 -7.54367 3.59735 4.74262 -6.52895 3.07849 
0.49428 -8.08711 5.00594 3.65452 -7.54721 3.86634 1.77996 -7.98076 4.76316 
1.11045 -8.03245 5.03105 4.44966 -7.26376 3.7356 2.72219 -7.87796 4.54916 
-0.512099 -8.1621 5.66575 3.63956 -7.75414 4.52599 0.358725 -8.04542 5.75116 
1.49825 -7.92839 5.60502 2.47739 -7.88148 5.32258 5.27451 -7.2644 4.24245 
4.60274 -7.6201 4.93148 3.52794 -7.7756 5.26454 0.975755 -7.87416 6.10622 
5.98659 -7.26345 5.13824 4.07553 -7.65432 5.63932 3.04816 -7.70128 5.8642 
5.32435 -7.46214 5.60817 2.4058 -7.70571 6.06275 6.1115 -7.23499 6.21043 
4.44737 -7.46328 6.25955 5.08009 -7.36951 6.37525 3.67499 -7.42497 6.53449 
5.44847 -7.1711 6.90667 3.01553 -7.48727 6.52314 6.11345 -6.99421 7.25842 
4.13287 -7.17727 7.0701 4.79988 -6.93926 7.55314 1.52118 -7.69387 6.41613 
3.10217 -7.18482 7.15005 2.0707 -7.47566 6.76593 3.74085 -6.77905 7.85092 
2.31411 -7.02053 7.57779 2.80141 -6.66749 8.09238 1.49313 -7.37441 7.14789 
1.33514 -7.08275 7.73699 1.7363 -6.616 8.39009 0.396386 -7.79299 6.67118 
0.634866 -7.49787 7.23943 0.518997 -7.13192 7.99229 0.845158 -6.70098 8.57771 
-0.0910384 -7.51255 7.6088 -0.628884 -8.06649 6.47193 -0.379384 -7.85535 7.00642 
-1.44886 -8.28171 5.98365 -1.00613 -8.01975 7.03444 -0.19365 -7.05453 8.5444 
-0.921553 -7.8311 7.50418 -1.74204 -8.29133 6.55962 -0.67828 -7.49337 8.07313 
-1.63068 -8.13302 7.36801 -2.78189 -8.51802 6.43063 -2.20601 -8.37895 7.03608 
-1.62751 -7.87221 8.13831 -1.28003 -7.5326 8.54461 -3.02363 -8.65502 7.14266 
-2.23473 -8.20237 7.96969 -0.948365 -7.15447 9.01011 -2.94759 -8.55579 7.90409 
-1.89186 -7.70076 8.94248 -3.78587 -8.9341 7.46376 -2.47197 -8.01424 9.04404 
-2.85053 -8.35045 8.69597 -3.78806 -8.97718 8.09473 -2.31856 -7.71177 9.71832 
-3.3924 -8.68472 8.81909 -3.04353 -8.26344 9.69938 -3.76907 -8.93453 9.25433 
-4.60975 -9.4932 7.93985 -3.59737 -8.74368 9.83664 -4.17414 -9.28382 8.71776 
-2.84451 -7.95078 10.6476 -3.59743 -8.76022 10.5228 -4.21852 -9.46836 9.71971 
-3.93359 -9.37242 10.8002 -4.63247 -9.83221 8.98813 -5.03064 -10.0543 8.34582 
-4.36269 -9.97826 10.2596 -4.69939 -10.3302 9.65354 -5.02356 -10.5358 9.00509 
-5.78174 -10.4299 7.56438 -5.48037 -10.8906 8.37634 -5.8533 -11.0548 7.88725 
-5.192 -11.2755 9.15879 -4.50163 -10.7209 10.5059 -4.85265 -11.1239 9.83967 
-5.66229 -11.6298 8.37998 -6.29738 -11.6391 7.50403 -5.40163 -12.0372 8.88645 
-4.88831 -11.9829 9.88349 -2.22997 -7.46441 10.4146 -1.52918 -7.18833 9.70324 
-1.51029 -6.89647 10.5738 -0.47282 -6.7359 9.38081 -0.770097 -6.63493 9.98054 
0.0868939 -6.60262 9.16267 -0.993728 -6.52783 10.722 -0.456695 -6.18255 10.8534 
0.211234 -6.15722 10.0032 0.897638 -6.36211 9.11145 0.402642 -5.74643 10.9321 
1.10066 -5.93665 9.80862 1.95712 -6.11855 9.15393 1.28888 -5.54807 10.5808 
2.12831 -5.53875 10.1564 2.69171 -5.96263 9.26435 3.44012 -6.34662 8.57389 
3.03281 -5.63042 9.81528 4.49978 -6.52264 8.32448 3.8949 -6.01718 9.12106 
2.70827 -5.19644 10.7042 5.45777 -6.62811 8.20112 4.93278 -6.13971 9.03376 
6.50344 -6.66823 8.07778 3.92513 -5.48659 10.0497 4.59629 -5.74597 9.65945 
6.07123 -6.32805 8.83773 5.77877 -5.9063 9.59774 6.88343 -6.2132 9.10356 
3.74206 -5.11711 10.8191 5.29336 -5.48072 10.2652 7.37402 -5.95042 9.59543 
4.70245 -5.14878 10.7843 6.44659 -5.60184 10.2533 7.35842 -5.58682 10.3021 
5.48968 -5.08072 11.0535 7.59097 -5.15343 11.0531 6.77939 -5.15529 11.0821 
6.28527 -5.02333 11.2776 7.5089 -4.69042 11.8382 5.54211 -4.73308 11.7597 
6.8713 -4.58672 12.0893 6.37576 -4.50054 12.2524 5.70965 -4.45504 12.3535 
7.594 -4.04042 12.8789 4.44578 -4.7007 11.7462 6.7711 -4.04601 13.0903 
7.62009 -3.40979 13.8988 5.4908 -4.20652 12.9866 6.22134 -3.87493 13.6287 
6.57975 -3.6485 14.0933 6.99468 -3.28414 14.5178 5.36298 -4.00677 13.6956 
4.53583 -4.43304 12.4894 5.68503 -3.73375 14.6496 4.6511 -4.12512 13.9609 
4.22204 -4.31206 13.1455 3.47596 -4.65917 11.9894 3.46816 -4.49072 12.7743 
2.88003 -4.87225 11.5036 3.80027 -4.44738 14.3584 3.36846 -4.49227 13.6175 
1.92827 -5.10908 11.3595 2.27589 -4.85306 12.0543 2.50026 -4.73351 12.6528 
2.67768 -4.70657 13.4777 3.12468 -4.92592 14.6684 1.29978 -5.21453 11.7748 
1.60907 -5.02946 12.4441 1.99374 -5.04908 13.6979 1.54701 -5.10732 13.1206 
0.690064 -5.47068 11.6535 0.744862 -5.40193 12.4485 2.04723 -5.3622 14.326 
1.0031 -5.51834 13.5458 0.541222 -5.57702 12.9457 -0.164446 -5.87913 11.7543 
0.84607 -5.86689 13.9768 1.83019 -6.02678 14.866 1.121 -6.12626 14.4792 
-0.257267 -5.96396 12.4966 0.0416744 -6.09569 13.4632 0.688891 -6.6918 14.6267 
0.0656846 -6.63577 14.1553 -1.09095 -6.45997 11.5844 -0.669041 -6.45098 13.1056 
-1.02531 -6.48231 12.4436 -1.55268 -6.87674 12.2939 -0.770996 -7.13293 13.8798 
-1.93566 -7.09727 11.3773 -1.29588 -7.06325 13.2072 -1.99293 -7.36338 12.4978 
-2.48552 -7.61687 11.6164 -2.00625 -7.72991 13.0621 -2.63052 -7.9805 12.2446 
-3.13556 -8.32186 11.3438 -1.27073 -7.85537 13.9868 -2.90016 -8.41035 12.289 
-2.12593 -8.31817 13.4478 -3.48735 -8.97161 11.586 -2.84913 -8.88319 12.8746 
-3.36046 -9.35184 12.2784 -4.07216 -10.014 11.1544 -3.77628 -9.77035 11.7018 
-1.84771 -8.73572 13.9567 -2.52687 -9.22138 13.4601 -3.16654 -9.75901 12.8241 
-3.80798 -10.4895 11.9503 -4.17818 -10.9484 11.3146 -4.42854 -11.5898 10.8326 
-4.52369 -12.3119 10.5638 -3.24041 -10.4122 12.8751 -3.73367 -11.1303 12.1538 
-4.00996 -11.9567 11.5826 -2.60356 -9.92913 13.5588 -3.61849 -11.64 12.3029 
-3.18032 -10.995 12.9635 -3.56883 -12.3605 12.1985 -3.25149 -11.5383 12.8308 
-2.0137 -9.49131 14.0314 -2.49161 -10.4616 13.724 -3.0461 -12.151 12.956 
-2.56564 -11.3286 13.6186 -2.9252 -12.9591 12.8501 -2.34629 -12.0436 13.7095 
-1.69956 -10.1148 14.338 -2.23384 -12.8822 13.5863 -1.83468 -10.9882 14.2491 
-1.0453 -8.39532 14.4173 -1.27603 -9.20613 14.4956 -1.76904 -12.2353 14.1343 
-1.41317 -12.9703 14.2264 -1.1725 -11.2623 14.6587 -1.05054 -10.4254 14.7486 
-1.0606 -11.8974 14.6577 -0.630774 -12.6206 14.8109 -0.645025 -13.461 14.6691 
-0.174356 -14.0622 14.8908 -0.0620949 -13.3413 15.0602 -0.170402 -11.9725 15.117 
0.319351 -12.581 15.3251 -0.358785 -11.0043 15.0866 0.234658 -11.2812 15.3331 
0.777772 -11.9718 15.5504 -0.630884 -9.5489 14.9045 -0.224706 -10.191 15.1401 
0.941788 -11.1266 15.6056 0.505652 -10.4648 15.4351 1.46267 -11.3821 15.8072 
-0.505808 -8.61794 14.8062 -0.0303161 -8.99314 15.1029 0.462814 -9.57239 15.3659 
-0.190705 -7.57144 14.6 1.07408 -10.0047 15.6086 0.0439709 -8.07842 14.9199 
0.738221 -8.86476 15.3861 0.663504 -8.34339 15.2629 1.97157 -10.4225 15.9243 
0.572154 -7.25318 14.8735 1.68673 -9.75389 15.786 1.46498 -9.18262 15.6695 
1.10827 -7.74104 15.2887 1.73088 -8.65652 15.6892 2.34186 -9.53485 15.9716 
1.89566 -8.05719 15.6608 2.72612 -8.8987 16.0476 1.61544 -6.91925 15.2406 
2.60323 -8.34115 15.9532 2.26505 -7.23126 15.6329 2.86598 -7.58353 15.9721 
3.47177 -8.07877 16.3015 2.55707 -6.37419 15.4968 2.54996 -5.71679 15.1048 
3.05462 -6.48096 15.8178 3.45115 -6.93839 16.1728 3.97383 -7.20225 16.5414 
3.32842 -5.65574 15.604 3.86076 -6.06192 16.2376 3.68009 -5.16016 15.5268 
4.04109 -4.74476 15.3684 4.40067 -6.73099 16.8529 4.40065 -5.92777 16.6921 
4.41281 -5.30191 16.3982 4.60758 -4.24918 15.0843 4.82352 -4.43451 15.9372 
5.48695 -3.76969 15.3143 4.92132 -4.69705 16.6083 4.87297 -5.615 17.1403 
5.4049 -3.89615 16.1715 6.47607 -3.22283 15.2763 7.41918 -2.7195 15.2209 
6.12626 -3.26052 16.0325 6.9583 -2.64962 15.9477 7.65044 -1.87471 16.2789 
5.4782 -4.00377 16.9398 5.95418 -3.34968 16.7132 6.78917 -2.44932 16.7118 
7.21286 -1.76684 17.1187 6.19138 -3.00695 17.3427 6.66144 -2.28459 17.5611 
7.10984 -1.55507 17.6935 5.23627 -4.84908 17.3837 5.61293 -4.05951 17.5498 
6.22588 -2.94108 18.0039 6.619 -2.17612 18.3011 6.77762 -1.77842 18.8587 
5.96442 -3.67344 18.2375 6.41377 -2.8688 18.9239 6.62674 -2.41016 19.2889 
5.72507 -4.38806 18.1741 5.45773 -5.16111 17.9043 6.23685 -3.82711 19.0357 
6.68513 -3.3461 19.7327 5.86927 -4.80021 18.5344 6.28562 -4.48233 19.1749 
5.42306 -5.95784 17.9046 6.87966 -4.13116 19.9074 4.87369 -6.57489 17.3127 
5.94933 -5.5685 18.583 6.43348 -4.94382 19.263 5.42245 -6.75843 17.7798 
7.36956 -4.27386 20.248 6.92892 -5.19296 19.586 6.36241 -6.00234 18.833 
4.27741 -7.83992 16.7493 4.9531 -7.47083 17.2538 6.00289 -6.67985 18.2752 
5.6453 -7.45171 17.7425 7.84611 -4.69022 20.3292 6.77049 -6.39673 18.9375 
7.13827 -5.9013 19.3948 7.66167 -5.6189 19.8001 8.1776 -5.27907 20.1871 
6.66731 -6.98716 18.5721 8.63127 -4.70728 20.617 7.39113 -6.51838 19.1972 
7.99724 -6.16855 19.656 8.84355 -5.4629 20.3341 9.36105 -4.94826 20.7574 
8.64253 -5.94848 20.0366 8.63126 -6.66964 19.7112 7.6422 -7.11473 19.0019 
8.04022 -7.05635 19.2238 7.02026 -7.51598 18.5022 6.29123 -7.64112 18.0658 
8.36953 -7.44938 19.2575 7.57723 -7.94042 18.6186 6.97118 -8.46872 18.1189 
5.94985 -8.34198 17.6308 5.30492 -8.20472 17.3187 6.43024 -8.91955 17.7262 
4.7599 -8.49218 16.9562 3.64415 -8.8028 16.4026 4.2556 -8.87708 16.6684 
5.16695 -9.26993 17.0706 6.04063 -9.42358 17.4643 3.12732 -9.57245 16.2353 
4.16056 -9.64346 16.6209 5.38685 -9.98633 17.1396 4.47352 -10.1567 16.7623 
3.60939 -10.2947 16.4528 2.85408 -10.4177 16.2097 4.16537 -10.836 16.7067 
2.14478 -11.2117 16.0433 3.07156 -11.191 16.3669 2.50552 -11.7046 16.2267 
3.6359 -11.5006 16.6178 1.67416 -12.2516 15.9487 1.09641 -12.9736 15.7132 
0.605063 -13.561 15.4389 0.433776 -14.4595 15.2746 2.35159 -12.4459 16.2639 
1.30291 -14.0951 15.8635 1.782 -13.4076 16.0939 1.03297 -14.8393 15.6889 
3.07619 -12.3519 16.554 1.87495 -14.4209 16.2402 2.64444 -13.1927 16.5092 
2.51494 -13.9845 16.5657 2.24147 -14.9416 16.5398 3.50749 -12.902 16.8573 
3.90806 -12.1472 16.8509 3.37349 -13.8532 16.9971 2.92588 -15.038 16.9778 
4.50676 -11.5128 16.9492 4.18284 -12.7914 17.1151 4.9761 -10.9011 17.0201 
3.49669 -14.987 17.2837 4.06649 -13.5371 17.2534 4.74165 -12.2803 17.2132 
4.08453 -14.5758 17.4902 3.74333 -15.7625 17.5158 4.60385 -13.5875 17.4965 
5.70669 -10.2924 17.2842 5.39749 -11.5377 17.3157 5.20647 -12.7129 17.532 
6.01204 -10.8244 17.4767 6.63728 -9.90126 17.7392 7.1484 -9.25406 18.0738 
8.20152 -8.12247 18.9634 6.07145 -11.6076 17.6662 7.79871 -8.87514 18.5478 
6.71462 -10.688 17.8643 8.40308 -8.63137 19.0282 7.65263 -9.70845 18.4157 
7.36549 -10.2536 18.2586 6.89725 -11.1823 18.1014 8.34302 -9.65127 19.0204 
6.09564 -12.2394 17.8714 8.16723 -10.343 18.9496 7.02221 -11.6504 18.3243 
7.80096 -10.9619 18.7708 6.46669 -12.5481 18.2123 5.61517 -13.2818 17.9149 
4.86201 -14.1977 17.7693 7.22051 -12.2864 18.6878 7.68743 -11.854 18.9355 
5.99228 -13.5754 18.2185 5.43332 -14.1544 18.0566 4.34141 -15.683 17.7827 
4.75947 -15.0893 17.8992 6.70037 -13.2118 18.575 5.36501 -15.0411 18.1882 
4.85051 -16.2817 18.0627 6.31033 -14.3473 18.5836 5.42676 -16.4325 18.3147 
5.8763 -15.5224 18.4926 6.06253 -16.8703 18.5143 6.61488 -15.2613 18.8176 
6.56876 -16.2002 18.7657 6.89811 -17.3649 18.5992 7.004 -14.3387 18.9844 
7.28179 -13.3217 19.0109 7.39167 -16.4565 18.9597 7.36127 -15.5879 19.1275 
7.62664 -14.1906 19.3189 7.69514 -14.9386 19.3235 7.78232 -12.5992 19.2239 
8.18912 -15.9568 19.2761 7.89963 -13.5148 19.4495 8.26328 -14.6206 19.6054 
8.33156 -13.1704 19.7078 8.80128 -15.5633 19.5275 8.36412 -11.404 19.424 
8.39302 -12.0909 19.6145 8.96873 -14.6112 19.8694 8.82936 -13.5371 19.9998 
9.44136 -15.2195 19.7596 8.87849 -12.5044 20.0543 8.73311 -10.5965 19.584 
8.90893 -11.6015 19.9917 9.61579 -14.2065 20.182 10.2956 -15.3881 19.6438 
10.3792 -14.8785 19.9507 9.77855 -13.3575 20.4684 10.4446 -14.1319 20.3415 
9.54993 -12.6357 20.4876 11.3268 -14.6483 19.8817 11.3982 -13.893 20.3914 
10.7769 -13.2678 20.7583 9.38999 -11.4308 20.4028 10.1211 -12.2764 20.8549 
12.4052 -13.7969 19.9996 11.8553 -13.3111 20.6433 11.1907 -12.6555 21.0466 
12.4427 -12.862 20.7211 10.7288 -11.7659 21.2444 11.7083 -12.1111 21.3237 
9.97045 -11.1493 20.868 9.32999 -10.5694 20.2257 11.2809 -11.1844 21.5904 
10.4931 -10.6802 21.282 9.11643 -9.76828 19.819 9.68551 -9.91196 20.5053 
10.1005 -9.93901 20.9506 8.88217 -8.96787 19.456 9.50165 -9.04348 20.1484 
9.24356 -8.22067 19.8167 8.92964 -7.57006 19.6153 10.6692 -9.74509 21.4696 
10.1236 -9.00524 20.8884 9.8641 -8.35102 20.499 9.54795 -7.64266 20.1459 
9.39215 -6.86533 20.1268 9.37121 -6.1382 20.3261 10.1033 -7.57781 20.7383 
9.99574 -6.82363 20.6539 9.77945 -5.33191 20.8177 10.4987 -8.00011 21.2289 
10.1051 -5.69484 20.9159 10.4039 -6.16404 21.0872 10.6483 -6.89079 21.3336 
10.7746 -8.77367 21.5738 10.7568 -5.4817 21.4614 10.9783 -6.47346 21.6863 
11.2171 -5.20618 21.9015 11.3294 -5.88107 22.0379 11.0829 -7.61114 21.8616 
11.4159 -6.65322 22.1651 11.837 -5.60613 22.5413 11.1669 -9.92335 21.8065 
11.5371 -7.78374 22.2835 11.3378 -8.80986 22.0608 11.8908 -6.67799 22.6117 
12.5482 -6.08903 23.1037 12.0514 -8.07884 22.591 12.3696 -7.24155 22.8914 
11.647 -10.566 21.8787 11.9282 -9.41711 22.2722 13.1939 -6.80541 23.2879 
12.909 -7.65088 23.0181 12.6332 -8.79027 22.6396 13.8197 -7.26079 23.2177 
13.4606 -8.17755 22.9087 12.5105 -10.1211 22.1637 13.0434 -9.6896 22.3238 
12.2684 -11.3062 21.6649 13.4754 -9.23175 22.4654 14.6544 -7.18624 23.049 
14.1902 -8.29505 22.7033 13.6031 -10.0848 21.9811 13.1863 -10.8578 21.6978 
12.8607 -12.0778 21.0804 14.3747 -9.26066 22.0644 14.9872 -7.96307 22.4162 
13.4047 -11.3652 21.268 14.2492 -10.3274 21.4038 15.6573 -7.12567 22.3249 
15.0194 -8.8624 21.7527 13.4393 -12.2893 20.504 15.5409 -8.04315 21.7239 
14.9343 -9.63035 21.2039 14.2368 -11.1015 20.7305 16.0191 -7.18529 21.6533 
15.5741 -8.61021 21.0384 14.9548 -10.1771 20.5286 14.2248 -11.7103 20.0373 
16.3689 -6.67873 21.0585 16.0971 -7.48505 20.8347 14.7516 -10.8847 19.9587 
15.5342 -9.11085 20.3507 15.9693 -7.97776 20.1716 16.3829 -6.5899 20.2699 
15.4506 -9.41749 19.6538 15.1371 -10.2075 19.5345 16.4548 -5.78123 19.7122 
16.1525 -7.03144 19.596 15.7769 -8.42279 19.5033 15.9268 -7.45632 19.1088 
16.0784 -6.0361 18.9281 15.8938 -5.20719 18.4801 15.7692 -6.61922 18.4436 
15.5063 -8.93486 18.8667 15.5975 -8.29763 18.6562 15.6339 -7.46747 18.3754 
15.3267 -5.14251 17.7235 15.389 -6.51554 17.818 15.0317 -6.12077 17.3452 
15.2997 -7.75092 17.7925 15.0113 -7.23864 17.2921 15.2887 -9.45744 18.5806 
15.1887 -8.70407 17.8251 14.7564 -8.11543 16.9706 15.0006 -9.75031 17.8956 
14.9558 -10.6354 18.8706 14.8215 -9.21348 17.247 14.4424 -8.96958 16.5686 
14.8961 -10.4994 18.1911 14.6702 -11.3229 19.19 14.5671 -10.1225 17.0286 
14.292 -9.76561 16.4425 14.6412 -11.1852 18.0734 14.4941 -11.0475 17.3724 
14.1914 -12.1926 19.249 14.4179 -11.8795 18.4093 13.4251 -12.9362 19.8356 
13.9765 -10.482 16.0827 14.2094 -11.3646 16.8556 14.1605 -12.2732 17.6829 
13.7623 -13.0599 18.8469 13.8817 -11.6776 16.3443 13.8782 -12.9832 18.1575 
13.5406 -11.3385 15.6338 13.8311 -12.3671 16.6699 13.0606 -13.7918 19.2881 
13.7097 -13.1346 17.2714 13.399 -13.7983 18.1885 13.2889 -12.1971 15.516 
13.4981 -13.196 16.5898 13.277 -12.8911 15.8159 13.2112 -14.1459 17.3431 
12.6405 -14.5739 18.838 12.0637 -14.6671 19.4154 12.773 -12.682 14.9174 
12.7522 -14.7153 18.2228 12.9167 -13.6653 15.6061 13.0264 -14.0891 16.2993 
12.6583 -13.8413 15.2292 12.7903 -14.8132 17.0158 12.5458 -15.1432 17.6399 
11.8905 -15.3525 18.7688 12.5458 -15.0722 16.3856 12.4392 -14.7776 15.5584 
12.2251 -14.4167 14.8444 11.8825 -15.7798 18.0599 11.1017 -15.5917 19.182 
12.0872 -15.8421 16.9826 12.0614 -15.6003 15.6982 11.8652 -15.4435 15.0167 
11.8946 -16.0072 16.0029 11.4359 -16.4714 17.523 11.0033 -16.398 18.3528 
11.5271 -16.5667 16.4452 10.357 -16.2426 18.9661 9.59926 -16.0147 19.3413 
11.3764 -16.5001 15.297 9.64786 -16.7123 18.8266 10.4042 -17.0212 18.0821 
8.76086 -16.5622 19.0663 10.8675 -17.2032 17.0221 11.0582 -17.0932 15.7382 
10.2344 -17.5617 17.444 9.11952 -17.3681 18.4604 9.7506 -17.72 17.7595 
7.99626 -17.2582 18.7154 10.6205 -17.6175 16.1757 9.12756 -17.9607 17.9057 
10.0864 -18.0899 16.5915 8.15274 -18.2098 18.0924 7.14671 -18.1502 18.2851 
9.40144 -18.4996 16.9916 8.59002 -18.8442 17.3156 7.44243 -19.0407 17.6798 
8.2506 -19.3664 16.9812 9.31638 -18.9917 16.1187 10.0129 -18.3309 15.5807 
8.42278 -19.8214 16.1519 10.5192 -17.584 15.0062 7.49231 -20.6444 16.1109 
8.40129 -20.1547 15.4823 9.12224 -19.3793 15.2216 9.74555 -18.5742 14.9061 
7.96798 -20.78 15.0131 8.44982 -20.2389 14.6667 8.81253 -19.6878 14.2949 
8.05725 -20.6893 13.8166 9.41294 -18.7906 14.2195 8.39825 -19.903 13.3684 
10.0307 -17.892 14.2342 8.88144 -19.0462 13.3453 10.873 -16.7358 14.4558 
8.28489 -19.1806 12.4801 9.36924 -18.0148 13.2029 8.74614 -18.402 12.5968 
9.90139 -17.3709 13.4544 8.07684 -18.4091 11.8359 10.3812 -16.7503 13.661 
8.59407 -17.5802 12.0415 9.12829 -17.3143 12.4779 7.72716 -17.4412 11.2047 
9.65385 -16.6612 12.7332 8.5084 -16.9447 11.7558 11.3739 -15.7223 14.3741 
8.14684 -16.2637 11.2961 9.00086 -16.1217 11.9516 9.75776 -15.8855 12.5313 
7.5633 -16.0182 10.7576 10.3448 -15.7252 13.0543 10.8409 -15.6287 13.5684 
8.64101 -15.3536 11.5055 7.99919 -15.2288 10.9643 9.5036 -15.1401 12.1209 
10.3289 -14.9254 12.7713 8.69231 -14.3859 11.348 11.7248 -14.7679 14.2815 
9.34076 -14.3775 11.8565 11.3377 -14.6779 13.7333 10.0735 -14.2358 12.4056 
10.8698 -14.3015 13.1254 9.48976 -13.5074 11.8186 11.7549 -13.8367 13.9496 
10.5556 -13.4236 12.6864 11.0878 -13.3708 13.1515 10.1092 -13.0898 12.2633 
11.5511 -12.9909 13.5367 12.2602 -13.1386 14.3658 10.0613 -12.3777 12.1065 
10.8992 -12.4404 12.861 11.7889 -12.2115 13.6734 10.8843 -11.772 12.7654 
11.5686 -11.4059 13.3759 12.4411 -11.9048 14.3366 11.1631 -10.8398 12.8818 
13.0324 -11.4431 14.9721 12.0563 -10.8308 13.8279 12.5681 -10.9223 14.3864 
12.9661 -10.5439 14.8055 13.3663 -10.3837 15.2553 11.8714 -9.8452 13.5249 
12.4883 -9.87252 14.2456 13.8752 -9.46351 15.8288 12.9679 -9.36378 14.7818 
13.3978 -9.30356 15.264 12.7891 -8.74088 14.5795 13.8008 -8.54629 15.7552 
12.2077 -8.88952 13.8135 13.3648 -8.14623 15.2796 14.0841 -7.96987 16.1157 
12.4147 -8.21216 14.0024 12.6973 -7.97125 14.4301 13.2015 -7.67949 15.11 
14.5399 -7.12209 16.6908 13.8653 -7.26941 15.9103 14.2696 -6.49917 16.4303 
14.6292 -6.08404 16.8698 13.5483 -6.70231 15.5866 13.0273 -7.16399 14.875 
14.7261 -4.95217 17.0466 13.9297 -5.9924 16.0892 14.2465 -5.32766 16.4955 
14.1715 -4.50043 16.4234 13.561 -5.77925 15.6426 13.7941 -4.86574 15.9269 
13.9483 -3.82756 16.0089 13.1487 -6.19282 15.0156 13.3943 -5.21666 15.3278 
12.7083 -7.06784 14.3001 13.5855 -4.07841 15.2802 13.2564 -4.868 14.7275 
12.9542 -5.71185 14.3007 12.7148 -6.37295 13.9389 13.1137 -4.8966 13.8579 
13.3744 -4.10178 13.9694 12.3435 -7.36016 13.5472 12.879 -5.44362 13.234 
13.2037 -4.54007 12.8438 13.5323 -3.64951 12.9477 12.4271 -6.68365 13.1268 
12.0295 -8.07196 13.2706 12.6146 -5.95846 12.3531 12.034 -7.44197 12.6428 
11.6679 -9.05454 13.0351 11.6227 -8.34675 12.4363 11.2552 -9.81782 12.7032 
7.35841 -15.176 10.3793 6.93164 -14.694 9.7512 8.08429 -14.3777 10.8412 
6.60506 -14.2183 8.90617 7.55633 -14.302 10.3095 7.18787 -13.7255 9.55217 
7.75157 -13.4708 10.1485 8.3378 -13.4864 10.8082 7.48695 -13.0554 9.42903 
9.0177 -13.1005 11.3268 8.31011 -12.6525 10.36 8.08767 -12.2668 9.60072 
8.93292 -12.2258 10.877 9.65089 -12.0833 11.6374 8.72488 -11.6884 10.1294 
10.2244 -11.4697 12.0275 9.44596 -11.568 11.1624 10.8129 -10.2376 12.2723 
10.3565 -10.6633 11.8353 9.40349 -10.8598 10.4697 8.94463 -11.0075 9.50402 
9.93503 -10.4883 11.0795 9.45169 -10.3893 9.68984 11.0187 -9.21978 11.9268 
10.4282 -9.60468 11.052 10.1744 -9.60059 10.2984 10.7147 -9.09473 11.0131 
10.0825 -9.5218 9.5334 11.1651 -8.40885 11.1042 11.6162 -7.88662 11.7428 
10.8069 -8.63537 10.0262 11.3292 -7.9488 10.3643 10.6459 -8.75171 8.8873 
11.7861 -7.35906 11.0479 11.0789 -8.1845 9.35692 12.2206 -6.74135 11.8959 
11.7465 -7.2518 9.82486 12.1632 -6.66539 10.7587 12.5296 -6.01659 11.1801 
11.5361 -7.54915 8.94106 13.2081 -4.56057 12.0467 12.8841 -5.29453 11.4004 
12.3023 -6.36359 9.83688 12.6901 -5.66987 10.3531 12.0116 -6.8434 8.86638 
13.2499 -4.49545 10.8742 13.5995 -3.64373 11.3284 13.0614 -4.92446 9.97045 
11.8998 -7.08136 8.23826 12.7304 -5.58972 9.24867 13.7311 -3.36107 10.3703 
12.3739 -6.28737 8.57459 13.4578 -4.04674 9.8845 13.3022 -4.46764 8.99808 
12.697 -5.7906 8.26022 13.9663 -2.81347 9.51747 13.0268 -5.15079 8.33368 
13.7594 -3.43855 8.86083 13.3438 -4.67537 7.8956 13.6321 -4.03045 8.01524 
14.1855 -2.61963 8.25573 14.0335 -3.44928 7.5828 13.2092 -5.28305 7.33032 
14.6477 -2.42131 7.29784 13.9554 -4.268 6.98385 14.5035 -3.2625 6.94446 
15.4234 -1.76299 6.80617 15.3629 -3.02144 6.43092 14.7278 -3.89511 6.46079 
16.2838 -2.45917 6.20805 17.0954 -2.6732 5.95617 17.7489 -2.19394 5.87468 
16.0893 -3.62734 6.01862 17.2776 -3.54452 5.76113 15.615 -4.29165 5.98763 
13.987 -4.92248 6.52437 16.5616 -5.05959 5.62109 14.8903 -5.1009 5.99569 
16.042 -5.66818 5.59422 15.3062 -5.98038 5.6555 13.3017 -5.78542 6.67128 
12.536 -6.37555 7.40671 14.5497 -6.3097 5.73737 13.8482 -6.27647 5.99559 
15.6153 -7.273 5.30821 14.8201 -7.2251 5.42772 12.8558 -6.71525 6.43914 
14.064 -7.25555 5.56646 13.4361 -7.16388 5.80893 11.8575 -7.32274 7.56786 
12.2855 -7.29366 6.61828 14.9743 -8.32562 5.13758 13.8167 -7.98685 5.38821 
12.7875 -7.67197 5.88978 14.2302 -8.40037 5.20006 15.3203 -9.06954 4.94981 
13.0093 -8.15378 5.55563 11.1998 -8.07197 8.19076 11.5365 -7.98602 7.04909 
14.4762 -9.30236 4.95226 12.0045 -8.32137 6.01558 13.7619 -9.20947 5.03437 
12.8461 -8.8282 5.3275 10.7704 -8.69518 7.83451 11.085 -8.62773 6.89343 
14.2624 -10.1111 4.78722 12.041 -9.25306 5.41822 13.0741 -9.73635 4.96433 
11.1907 -9.16269 6.06539 10.0622 -9.49051 8.3331 10.3797 -9.293 7.32206 
9.46621 -10.2072 8.7713 10.2494 -9.72299 6.66665 12.1864 -10.0672 5.00434 
13.2865 -10.5078 4.73461 9.56815 -10.1167 7.90421 11.3275 -9.98105 5.34597 
13.8656 -11.0086 4.61833 10.4971 -10.0006 5.94108 12.4147 -10.6916 4.74965 
9.48426 -10.3728 7.12765 12.9932 -11.2293 4.57556 13.0431 -12.0018 4.41545 
10.6541 -10.6827 5.24692 11.4237 -11.0516 4.77499 12.1517 -11.7319 4.47197 
13.765 -12.7854 4.31808 12.3533 -12.7862 4.24404 9.674 -10.72 6.07244 
12.6494 -13.6704 4.11752 11.1762 -12.1247 4.4297 10.5957 -11.6208 4.72916 
11.295 -13.1995 4.13237 11.7346 -14.2867 3.95363 9.8833 -11.4835 5.12311 
10.1087 -12.1132 4.63637 10.5685 -14.108 3.92559 10.2382 -13.205 4.1822 
9.27395 -11.3279 5.79654 9.53578 -12.6478 4.5618 9.12021 -13.4365 4.31546 
8.88126 -11.9938 5.45342 8.66443 -11.4297 6.61606 8.30715 -13.5762 4.56669 
8.90192 -10.8669 8.47882 8.29107 -13.033 4.97993 8.72443 -11.1199 7.63608 
8.13189 -12.5163 5.70271 8.43174 -11.5018 8.92257 8.03857 -12.008 7.03613 
8.01017 -11.9149 8.04482 7.58219 -12.5927 6.77152 7.6043 -12.5109 8.73378 
7.16902 -13.2256 6.27079 7.30604 -12.7579 7.8718 6.78118 -13.4457 7.25024 
6.92418 -13.3422 8.42136 6.3335 -14.0826 7.74565 7.27523 -20.032 16.9299 
6.48824 -21.0099 16.4219 6.36251 -20.2917 17.0538 6.57176 -19.3033 17.6801 
5.39535 -21.3313 16.5295 5.81329 -20.4116 17.0837 6.31594 -18.4604 18.1184 
5.85134 -19.4581 17.6265 5.05007 -20.5438 17.0526 5.28943 -19.5356 17.5599 
5.70167 -17.7393 18.2503 4.29134 -20.8964 16.8024 5.21308 -18.3522 17.9638 
4.64742 -19.6948 17.3919 4.58908 -18.7648 17.6815 4.74302 -17.3004 17.9953 
4.31556 -18.0656 17.7363 3.82562 -19.6911 17.1699 3.36667 -20.2839 16.793 
3.60587 -18.8122 17.3097 3.80847 -17.85 17.5529 4.02238 -16.7358 17.7086 
3.07644 -19.3398 16.9374 3.39744 -17.4894 17.3836 2.49424 -20.5237 16.295 
2.74123 -18.3867 16.9258 2.43428 -19.7249 16.4823 2.8902 -17.3987 17.1061 
3.18322 -16.3294 17.2688 2.39398 -18.9293 16.6227 2.31784 -17.3029 16.7345 
1.93857 -18.2767 16.3847 2.52373 -16.0614 16.8402 1.57402 -19.8731 15.8474 
1.56419 -19.1009 15.9772 1.57812 -18.0007 16.1142 1.87986 -16.4051 16.3927 
1.50286 -17.1927 16.0845 1.70348 -15.5363 16.207 0.784927 -20.0682 15.1226 
0.720084 -19.3296 15.1685 0.846473 -18.6952 15.3667 1.01685 -17.6399 15.6198 
1.03112 -16.5284 15.6688 1.12106 -15.7233 15.7536 0.546646 -18.044 15.1137 
0.552155 -17.2077 15.1805 0.101947 -18.7666 14.5775 -0.125423 -19.2501 14.2827 
0.493606 -15.8522 15.2139 -0.0260641 -18.0187 14.4997 0.252523 -16.6128 14.926 
-0.205405 -17.256 14.3881 0.178973 -15.246 14.9979 -0.67297 -18.8931 13.6947 
-0.329942 -16.6285 14.3434 -0.605089 -18.0179 13.854 -0.265649 -15.9299 14.5141 
-1.01209 -18.3175 13.3568 -0.941791 -17.4251 13.5648 -0.860545 -16.8262 13.7598 
-1.36441 -18.9493 12.8774 -0.638388 -15.4525 14.2605 -1.44248 -18.1928 12.8775 
-0.414416 -14.6989 14.6068 -1.61181 -17.4695 12.7959 -1.20939 -16.1077 13.5552 
-1.96105 -18.772 12.1796 -1.52566 -16.885 13.0234 -2.04577 -17.8621 12.203 
-1.04477 -14.453 14.1533 -1.36826 -15.0027 13.7065 -1.67332 -15.6187 13.2192 
-1.29786 -13.8039 14.1087 -2.15991 -16.956 12.2468 -2.10021 -16.2801 12.5203 
-2.01528 -14.4888 13.2482 -2.19499 -15.6396 12.6286 -1.97632 -13.677 13.5677 
-2.55715 -18.2702 11.4648 -2.42322 -14.8264 12.6629 -2.67164 -17.3608 11.4515 
-2.55776 -13.7691 12.9494 -2.67773 -15.5732 12.0322 -2.77149 -16.4346 11.5608 
-3.01297 -17.5924 10.8752 -3.03196 -14.7408 11.929 -3.1584 -13.7627 12.2295 
-3.2167 -16.4856 10.852 -3.26243 -15.7199 11.0999 -3.29247 -17.8314 10.3742 
-3.44665 -16.8051 10.3429 -3.52013 -15.2618 10.9185 -3.54293 -13.843 11.6481 
-3.58549 -14.5651 11.2041 -3.67688 -13.0693 11.7819 -3.66527 -16.0538 10.2661 
-3.64681 -17.1658 9.89058 -3.91257 -14.828 10.5073 -4.04527 -13.8691 10.8072 
-3.89829 -15.6142 10.0812 -4.09246 -12.8853 11.1633 -4.21879 -15.0308 9.84642 
-4.44013 -12.941 10.5243 -4.04521 -16.206 9.52336 -4.47679 -14.1297 9.91389 
-4.38607 -15.2268 9.43371 -4.67681 -13.5602 9.84491 -4.03594 -16.8368 9.29678 
-4.88335 -12.905 9.72781 -4.50922 -15.5187 9.04918 -4.80952 -14.5283 9.08884 
-4.35384 -16.6919 8.78883 -4.6114 -16.141 8.57899 -5.15306 -13.6762 8.93696 
-4.84122 -15.6471 8.40332 -5.35025 -12.7121 8.92715 -5.1249 -15.125 8.20817 
-5.28603 -14.5377 8.25597 -5.4649 -13.9684 8.26175 -5.59708 -13.1546 8.37854 
-5.92034 -13.5138 7.75734 -5.46397 -15.2969 7.60273 -6.08029 -12.4612 7.79142 
-5.78313 -14.466 7.52864 -6.52602 -13.0797 7.12378 -6.37102 -13.9348 7.02493 
-6.94591 -12.2297 6.85339 -7.5223 -12.988 6.39416 -7.91159 -12.4194 6.31244 
-7.22689 -13.539 6.44187 -6.40404 -14.5533 6.78171 -9.11213 -12.2935 6.09366 
-7.13125 -14.3061 6.34939 -8.45002 -13.1361 6.09811 -7.97145 -13.8971 6.12172 
-10.108 -12.8776 5.95058 -9.48028 -13.4202 5.94496 -8.77503 -14.1113 5.96534 
-10.0873 -14.0648 5.86449 -7.8186 -14.741 6.06845 -9.2428 -14.6359 5.87859 
-8.43848 -14.9681 5.95536 -7.10454 -15.0721 6.24193 -9.67325 -15.2495 5.82366 
-9.06756 -15.7493 5.85519 -8.05614 -15.6622 5.9875 -6.03453 -15.2683 6.93042 
-10.5252 -16.0024 5.7825 -7.57984 -15.6563 6.07605 -8.53085 -16.2987 5.90673 
-9.60114 -16.5943 5.78768 -6.56161 -15.5824 6.44933 -7.05498 -16.1042 6.20478 
-7.73443 -16.5775 6.0465 -8.47218 -16.9694 5.91067 -10.0778 -17.7179 5.73832 
-9.11919 -17.3417 5.8161 -9.81007 -18.2973 5.7307 -8.80817 -17.9989 5.85983 
-7.97688 -17.5243 6.01974 -6.9062 -16.7107 6.2745 -9.23721 -19.0951 5.77321 
-7.27377 -17.2093 6.18565 -8.36795 -18.528 5.95537 -5.60503 -15.8148 7.23915 
-6.3905 -16.5727 6.51044 -5.89661 -16.2796 6.8711 -5.15245 -16.0743 7.73616 
-7.45863 -18.171 6.20979 -6.60933 -17.5135 6.47062 -6.88383 -17.9832 6.41395 
-5.34005 -16.6881 7.37055 -5.89956 -17.2022 6.87523 -4.8336 -16.5568 8.05081 
-7.72057 -19.1139 6.1925 -8.38229 -19.73 5.98697 -6.18178 -18.1053 6.81109 
-4.94969 -17.2628 7.79142 -6.9562 -18.8161 6.49265 -4.54788 -17.1379 8.3505 
-5.29483 -17.6999 7.43363 -6.3871 -18.5665 6.77696 -5.67385 -18.1166 7.17554 
-5.20329 -18.4619 7.6523 -4.56154 -18.0085 8.30368 -4.15506 -17.5592 8.92401 
-5.79231 -18.9767 7.28341 -6.43357 -19.3886 6.91417 -7.34185 -19.8711 6.43431 
-7.8253 -20.6152 6.25866 -6.78928 -19.9421 6.78143 -6.749 -20.5821 6.91541 
-7.04108 -20.9531 6.74606 -7.50641 -21.49 6.47978 -5.8117 -19.7396 7.45646 
-6.11274 -20.277 7.34493 -6.70986 -21.4964 7.03295 -7.03409 -22.1271 6.79994 
-6.12172 -21.3493 7.50892 -4.81062 -18.9144 8.13956 -5.28948 -19.5448 7.83285 
-6.37905 -22.1338 7.32552 -5.68516 -21.0895 7.85525 -5.39848 -20.4305 7.96291 
-4.18854 -18.4227 8.84905 -4.91845 -20.0042 8.27849 -4.43812 -19.4162 8.64981 
-3.72338 -17.8402 9.62592 -3.8282 -18.4087 9.39815 -3.8235 -18.9067 9.42294 
-3.96888 -19.3824 9.23738 -4.34838 -20.0806 8.86742 -4.69111 -20.6957 8.64193 
-3.43676 -18.742 10.0386 -3.49552 -19.5993 9.96074 -5.08924 -21.2474 8.39613 
-3.09377 -18.5232 10.6217 -3.73715 -20.2787 9.65746 -3.12122 -19.3575 10.5379 
-2.71644 -18.9166 11.1623 -3.05221 -20.1609 10.6263 -2.62778 -19.6773 11.241 
-2.22493 -19.4662 11.7853 -4.09183 -21.146 9.31684 -3.30976 -20.8213 10.2739 
-2.91523 -21.0556 10.8138 -3.4824 -21.4433 10.0613 -4.58825 -21.7027 8.89946 
-5.41625 -21.8886 8.18697 -5.91585 -22.5935 7.72261 -4.94112 -22.2648 8.63995 
-6.53219 -23.0618 7.10381 -5.4133 -22.7317 8.20069 -3.97 -22.2405 9.52756 
-5.84819 -23.2567 7.69049 -5.7802 -23.8527 7.56658 -4.99149 -23.1313 8.55972 
-4.50681 -22.82 9.01937 -5.11629 -23.7817 8.29558 -5.37481 -24.5613 7.67134 
-4.52798 -23.6568 8.88569 -4.84496 -24.6403 8.2038 -4.4843 -24.3445 8.71119 
-3.88839 -23.2281 9.54266 -4.72638 -25.4016 7.81069 -3.29771 -22.4439 10.2722 
-4.24328 -25.2395 8.41622 -3.98833 -24.2655 9.18538 -3.90953 -24.9276 8.93684 
-3.60946 -23.7786 9.70409 -3.90646 -25.9425 8.13278 -3.90007 -26.4941 7.51412 
-3.4725 -25.7989 8.66939 -3.2645 -24.4097 9.82464 -3.16094 -23.3733 10.2855 
-3.17965 -25.265 9.40927 -2.8049 -26.0322 9.07897 -2.71068 -24.9402 10.1159 
-2.36595 -25.6259 9.95531 -2.68233 -24.1046 10.5873 -2.65567 -23.1861 10.9194 
-2.10185 -24.9071 10.8007 -2.80053 -22.0982 10.9161 -2.00064 -24.0162 11.3858 
-2.14233 -23.2374 11.4918 -2.43012 -20.5416 11.4684 -2.19178 -22.3921 11.6137 
-2.35298 -21.4535 11.5186 -1.96509 -20.9484 12.0297 -1.68986 -19.6347 12.4455 
-1.80993 -20.2741 12.2528 -1.77541 -21.7454 12.173 -1.10021 -19.5832 13.1375 
-1.29655 -20.8698 12.8239 -1.1114 -20.2354 13.0814 -1.54878 -22.4922 12.3152 
-1.59777 -23.2359 12.0848 -1.24255 -21.8451 12.7687 -0.405931 -19.7753 13.9196 
-0.569411 -20.8908 13.6269 -0.31908 -20.3902 13.9558 -0.789891 -21.5344 13.3026 
0.191198 -20.2278 14.5158 -0.846315 -22.6178 13.0205 0.0314386 -21.2168 14.1856 
-0.358364 -22.1344 13.6195 -0.963822 -23.3778 12.6763 0.196502 -21.8758 14.1853 
-1.39634 -24.1111 11.9621 0.811682 -21.0588 14.9332 -1.57581 -25.4531 10.9341 
-0.192347 -23.1767 13.4433 -1.30177 -24.9755 11.5677 -1.51128 -25.9704 10.4849 
-0.77657 -24.2565 12.4737 -0.181344 -24.0049 13.1029 0.424439 -22.7798 14.0853 
-0.682191 -25.866 11.3632 -0.434524 -25.168 12.1805 0.118041 -24.7288 12.8972 
0.0546826 -25.7373 12.0312 0.514746 -23.8656 13.6716 0.954346 -22.2883 14.6646 
0.614205 -25.2513 12.8076 0.866812 -25.9114 12.29 1.04252 -23.3391 14.2714 
1.05174 -24.7098 13.4535 1.29861 -21.5054 15.1899 1.64317 -20.6799 15.6981 
1.46587 -24.1271 14.042 1.53488 -25.3817 13.0774 1.70891 -22.3301 15.1395 
1.92144 -23.2783 14.7747 2.2184 -21.531 15.7758 2.19007 -24.3678 14.1326 
2.30688 -25.5441 13.0532 2.59252 -24.978 13.6682 3.01291 -21.1742 16.2944 
2.72742 -22.6373 15.4672 3.05217 -22.1637 15.8495 2.86372 -23.8614 14.6726 
2.91873 -23.2519 15.1231 3.62346 -21.5603 16.3264 3.175 -24.6451 14.0035 
3.65421 -22.9291 15.4653 4.00962 -22.3265 15.9234 3.7188 -23.578 14.9388 
3.8045 -24.2518 14.3134 4.62222 -21.8439 16.2606 4.52709 -22.9182 15.4228 
3.58558 -25.1051 13.427 4.61968 -23.7153 14.6127 5.38258 -22.0696 15.9478 
5.42585 -22.6713 15.3466 6.22001 -21.5739 16.0353 5.55164 -23.1768 14.6782 
6.1616 -22.2219 15.3744 4.69604 -24.319 13.8634 6.20115 -22.8065 14.4878 
7.13464 -21.426 15.4181 6.79532 -22.1463 14.6743 5.67922 -23.6213 13.8633 
6.73951 -22.5359 13.8172 7.52578 -21.4553 14.259 6.23506 -23.1978 13.5445 
5.22674 -24.3173 13.3017 5.93921 -23.7328 12.8093 4.44606 -24.9417 13.1616 
5.32712 -24.5107 12.6181 4.76513 -25.2019 12.1513 3.92765 -25.6256 12.4517 
2.96776 -25.8393 12.629 1.81596 -26.1489 12.2729 3.84008 -26.0399 11.627 
2.80807 -26.335 11.8646 3.00407 -26.5626 11.2076 1.71905 -26.6274 11.5052 
0.574762 -26.4623 11.4444 1.93912 -26.9099 10.8821 2.53797 -26.9713 10.3032 
0.89334 -27.0237 10.5184 0.126315 -26.8048 10.6274 -0.672839 -26.4056 10.6964 
1.38223 -27.2051 10.0086 0.228875 -27.169 9.84034 -0.773404 -26.8406 9.892 
-1.6753 -26.3491 9.83364 1.09837 -27.3663 9.2389 -0.681931 -27.1362 9.31102 
0.270111 -27.3627 9.21358 -2.28719 -26.3849 9.18332 -1.60026 -26.8995 8.99839 
-2.36625 -26.8845 8.30998 -3.13283 -26.7029 7.90675 -0.440551 -27.4625 8.45538 
-1.40164 -27.3151 8.24603 -3.37028 -27.2156 6.81536 -2.6602 -27.315 7.22161 
-1.69728 -27.4789 7.56236 -2.68686 -27.6679 6.30779 -1.8925 -27.655 6.92747 
-0.686216 -27.6643 7.47533 0.480719 -27.5298 8.22657 -2.04745 -27.9079 5.87588 
-1.22223 -27.841 6.49786 -2.21655 -28.1162 5.0082 -1.60579 -27.9792 5.61075 
-0.211833 -27.7612 6.65107 -0.560229 -27.8693 6.06169 0.332799 -27.631 7.39089 
-0.897241 -27.9715 5.34423 1.42008 -27.386 8.56084 -0.171316 -27.8197 5.26916 
-0.67167 -28.0883 4.23379 0.761531 -27.5349 6.6917 0.436572 -27.6057 5.84165 
-0.0612332 -27.7569 4.17809 1.27692 -27.4077 7.44812 0.488813 -27.3805 4.90506 
1.24248 -27.2009 6.22869 1.12519 -27.0371 5.54372 0.622248 -27.2229 3.99848 
1.554 -27.1701 6.83221 1.09557 -26.7038 4.72309 1.40455 -26.1645 4.41722 
1.87464 -26.6037 6.2241 1.65779 -26.2315 5.35476 1.91915 -26.5332 3.29002 
2.05919 -27.197 8.32807 2.23873 -26.8584 7.36954 1.88329 -25.4183 4.65392 
2.19414 -27.1808 9.46331 2.42149 -25.7651 6.19562 2.37427 -25.1747 5.72611 
2.68036 -26.2549 7.03428 2.72174 -26.8257 8.16624 2.83779 -26.9392 9.07131 
2.98606 -25.5671 6.82016 3.35159 -26.2207 8.07613 3.30491 -26.5802 8.75685 
3.03301 -24.8389 6.48853 3.39773 -25.7946 7.62077 3.33454 -26.6826 9.63086 
2.77285 -24.3735 6.00222 3.24309 -26.6967 10.3657 3.41392 -25.0889 7.12949 
3.71229 -26.2564 9.00787 3.9517 -25.8919 8.802 3.85354 -25.1168 7.8046 
3.94187 -26.235 9.98674 4.13281 -25.3468 8.52391 3.90773 -26.2252 10.7345 
3.71826 -24.3418 7.28374 4.43719 -25.6242 9.74933 4.48148 -25.152 9.0923 
4.44794 -25.7146 11.2249 4.65539 -25.506 10.4582 3.31622 -23.8062 6.63014 
4.36113 -24.3941 8.30217 4.92994 -24.6677 9.66331 4.01794 -23.7096 7.59379 
5.00223 -25.1176 11.3398 5.1931 -24.7338 10.6527 4.87033 -23.91 9.02668 
4.32638 -23.3357 7.99714 3.84177 -23.0317 7.29327 5.41535 -24.5648 11.614 
5.37596 -23.9933 10.162 5.68138 -24.0214 11.1908 5.04631 -23.0526 9.05797 
4.67521 -22.7782 8.44995 5.94219 -23.7547 11.9237 5.85001 -23.3882 10.8253 
5.64617 -22.742 10.0222 5.18276 -22.3788 9.17734 6.21132 -22.88 11.3212 
6.41317 -22.9717 12.2164 6.74001 -22.5749 12.983 6.60261 -22.3311 11.8222 
6.21573 -21.8484 10.6944 7.33013 -21.6723 13.2198 7.04928 -21.7097 12.3132 
6.70548 -21.3134 11.32 7.70367 -20.7994 12.8601 5.47894 -21.6072 9.54708 
7.16244 -20.6446 11.7142 6.16469 -20.934 10.405 7.93138 -20.0531 12.5716 
6.47962 -20.3738 10.6954 7.58389 -19.6252 11.8005 6.88552 -19.5961 10.9692 
5.53162 -20.7369 9.55249 4.8333 -21.69 8.63969 4.32705 -22.1437 7.9422 
4.83118 -20.8025 8.64014 4.26858 -20.9283 7.88362 3.73663 -22.3162 7.1409 
3.84987 -21.4667 7.30122 3.27809 -22.7841 6.52054 3.17449 -21.9705 6.361 
2.82548 -23.3825 5.92209 2.33663 -24.2889 5.34848 1.90763 -25.2226 3.90552 
2.10998 -24.2175 4.8182 2.31129 -23.3946 5.06619 2.08043 -24.3597 3.97601 
2.61425 -22.6561 5.52048 2.88896 -25.186 3.03482 2.40475 -24.3491 3.36947 
2.22196 -23.4523 3.99816 3.80291 -24.4568 2.77469 2.90841 -24.011 3.05108 
2.27971 -22.8837 4.48297 2.81282 -23.2354 3.21053 4.00558 -23.3966 2.77092 
2.55269 -22.4989 3.80468 3.2323 -22.6016 3.12402 2.4749 -22.1195 4.57142 
5.06627 -23.0792 2.66932 4.31333 -22.2833 2.85354 3.19515 -21.6925 3.44694 
2.73876 -21.6946 5.5406 2.70692 -21.3788 4.58153 4.19057 -21.2307 3.11147 
3.23097 -20.8786 3.85275 5.60036 -21.841 2.76852 5.08594 -20.9771 2.95004 
2.93741 -20.5581 4.94238 3.8365 -20.1218 3.7167 3.09286 -20.9039 6.08924 
3.39599 -21.0275 6.64844 3.2631 -19.6799 4.94387 3.36049 -19.7289 6.19507 
3.73007 -20.3046 7.0856 7.31807 -18.7304 11.1736 5.801 -19.9206 9.80664 
6.25229 -19.3644 10.2245 6.60568 -18.8002 10.4781 4.84995 -19.9356 8.65858 
7.00912 -17.911 10.6645 4.30387 -19.665 7.89113 5.23488 -19.3882 9.10325 
5.69884 -18.767 9.53822 6.40124 -17.7387 10.0459 5.81481 -18.1098 9.52189 
7.11475 -16.866 10.5297 4.75255 -18.7972 8.47483 6.22581 -17.2098 9.74094 
5.12682 -18.2671 8.78623 6.94509 -15.9139 10.1556 6.49002 -16.2864 9.78093 
5.36931 -17.4474 8.79356 5.86594 -16.7709 9.18996 4.36257 -18.5091 7.80893 
3.8737 -19.1142 7.05062 4.70043 -17.7053 7.94888 5.99534 -15.7864 8.95267 
6.36664 -15.186 9.19082 5.48538 -16.2241 8.33744 5.12917 -16.6301 7.95888 
4.17366 -18.0865 7.10019 4.748 -16.9532 7.43177 5.96609 -14.9556 8.21655 
5.42611 -15.6056 7.56233 4.44897 -17.1115 6.6409 5.87858 -14.7139 7.29298 
3.89913 -18.1845 6.29205 5.02765 -16.0521 6.61976 5.68752 -15.0564 6.32445 
3.57584 -18.7977 5.52082 4.26087 -17.4044 5.68294 6.42138 -14.168 6.14821 
5.05155 -16.3306 5.30952 5.69231 -15.5304 5.26776 4.25969 -18.0181 4.67572 
4.05596 -18.9747 4.15086 5.13191 -17.1266 4.41125 4.69719 -19.7902 3.35507 
4.96598 -18.1951 3.88879 5.29895 -19.2542 3.32037 6.09284 -21.0215 2.84699 
5.82829 -20.0083 3.03551 5.88526 -18.7958 3.29471 5.97695 -17.7591 3.60361 
5.91662 -16.8324 4.02647 6.85058 -20.1502 2.95294 6.65161 -18.501 3.22909 
6.99329 -19.4551 3.03649 7.74067 -19.9186 3.00827 7.08155 -17.6485 3.36864 
7.66182 -18.8046 3.12862 6.83299 -16.4803 3.78082 6.45257 -15.6161 4.36908 
8.53285 -19.4856 3.12106 6.46363 -14.7385 5.1077 8.29747 -18.3293 3.21517 
8.03485 -17.1796 3.3829 9.40072 -19.0543 3.24742 7.24284 -13.6881 5.37685 
7.35294 -14.5013 4.51323 7.55348 -15.4839 3.92801 9.04429 -17.853 3.31148 
8.35459 -16.5032 3.50253 9.9538 -18.2493 3.37561 9.4692 -17.2038 3.4181 
8.75018 -16.0438 3.56642 10.5123 -17.5533 3.48274 9.73145 -16.5913 3.4994 
8.3002 -14.4329 4.12297 8.89485 -15.1339 3.76653 9.7397 -15.708 3.61665 
10.6755 -16.4854 3.59515 10.0287 -15.0334 3.73854 9.28947 -14.2773 3.95939 
10.9092 -15.2516 3.75016 
POLYGONS 11382 45528
3 5486 5490 5488 
3 5487 5490 5486 
3 5486 5488 5482 
3 5486 5482 5484 
3 5484 5487 5486 
3 1249 1754 1759 
3 1244 1754 1249 
3 1249 1250 1248 
3 1248 1244 1249 
3 4300 4301 4311 
3 4300 4311 4304 
3 4569 4565 4566 
3 4430 4393 4427 
3 4427 4426 4428 
3 4427 4428 4430 
3 2884 2882 2887 
3 2887 2890 2884 
3 3434 3433 3440 
3 3441 3435 3434 
3 3434 3440 3441 
3 2691 3534 2688 
3 2688 3466 2684 
3 2688 2684 2686 
3 2688 2686 2691 
3 429 426 430 
3 429 430 436 
3 436 431 429 
3 2729 2736 2732 
3 2732 2724 2729 
3 2540 2537 2535 
3 2535 2530 2532 
3 2535 2532 2534 
3 2535 2534 2540 
3 2971 2977 2976 
3 2637 1213 1211 
3 2637 1211 1208 
3 2642 2639 2637 
3 1208 2642 2637 
3 3026 3021 3029 
3 3029 3035 3026 
3 3029 3040 3035 
3 3039 3040 3029 
3 4509 4508 4505 
3 4509 4505 4503 
3 4507 4511 4509 
3 4503 4507 4509 
3 1863 1858 1860 
3 1860 1921 1916 
3 1860 1916 1863 
3 3121 3157 3090 
3 3090 3086 3092 
3 3090 3092 3121 
3 63 59 60 
3 63 60 64 
3 3274 3278 3268 
3 3268 3243 3274 
3 3813 3817 3821 
3 3359 3358 3389 
3 3355 3358 3359 
3 3389 3392 3359 
3 5350 5375 5393 
3 5393 5396 5350 
3 3106 3104 3110 
3 3110 3115 3106 
3 5492 5488 5490 
3 5490 5487 5522 
3 5490 5522 5519 
3 5490 5519 5521 
3 5521 5492 5490 
3 4301 4322 4317 
3 4317 4311 4301 
3 4429 4382 4393 
3 4430 4429 4393 
3 3965 3966 3967 
3 3433 3432 3436 
3 3436 3437 3433 
3 3433 3437 3440 
3 3534 2691 2697 
3 2697 3537 3534 
3 2536 2537 2541 
3 2968 2816 2822 
3 2976 2816 2968 
3 352 355 354 
3 354 357 353 
3 351 352 354 
3 354 353 351 
3 2352 2356 2355 
3 3772 3766 3773 
3 3777 3774 3772 
3 3773 3777 3772 
3 3278 3274 3281 
3 3385 3389 3358 
3 3358 3355 3357 
3 3358 3357 3385 
3 5352 5359 5375 
3 5375 5350 5352 
3 5483 5482 5488 
3 5488 5492 5489 
3 5488 5489 5483 
3 4274 4271 4277 
3 4277 4298 4274 
3 4426 4515 4428 
3 3972 3967 3966 
3 3966 1726 1713 
3 1713 3972 3966 
3 3435 3441 3443 
3 3443 3438 3435 
3 2681 3466 3462 
3 3462 3458 2681 
3 1284 1329 1324 
3 1284 1324 1285 
3 2537 2540 2543 
3 2543 2541 2537 
3 1348 1350 1352 
3 1348 1352 1351 
3 1348 1351 1347 
3 1207 1208 1211 
3 1210 1207 1211 
3 3013 3009 3021 
3 3021 3026 3013 
3 488 486 355 
3 352 488 355 
3 602 610 609 
3 583 585 602 
3 602 609 583 
3 4499 4503 4505 
3 4505 4504 4499 
3 2352 2353 2356 
3 3763 3762 3766 
3 3759 3762 3763 
3 3763 3758 3759 
3 1371 1370 1036 
3 1036 1033 1371 
3 3276 3274 3243 
3 3243 3238 3236 
3 3243 3241 3276 
3 3236 3241 3243 
3 3398 3395 3401 
3 2158 2162 2164 
3 2163 2158 2164 
3 5476 5484 5482 
3 5482 5483 5478 
3 5482 5478 5476 
3 5443 5446 5449 
3 5447 5443 5449 
3 5449 5494 5450 
3 5449 5450 5447 
3 4266 4270 4271 
3 4271 4274 4269 
3 4271 4269 4266 
3 4510 4428 4515 
3 4513 4510 4515 
3 2615 3425 3421 
3 3421 3384 3381 
3 2612 2615 3421 
3 3381 2612 3421 
3 2681 2684 3466 
3 1329 1328 1324 
3 1329 1332 1328 
3 535 531 533 
3 3337 3363 3333 
3 3333 3332 3337 
3 2573 2596 2556 
3 2558 2573 2556 
3 2639 2642 2643 
3 2639 2643 2638 
3 486 488 489 
3 610 616 615 
3 610 615 609 
3 4118 4135 4137 
3 4137 4131 4118 
3 3765 3766 3762 
3 3762 3759 3757 
3 3757 3765 3762 
3 165 184 174 
3 1370 1371 1374 
3 1374 1372 1370 
3 3274 3276 3281 
3 3820 3815 3812 
3 3392 3389 3395 
3 5352 5354 5359 
3 5487 5484 5485 
3 5487 5595 5522 
3 5599 5595 5487 
3 5485 5599 5487 
3 5446 5443 5439 
3 5439 5440 5446 
3 4270 4266 4267 
3 4428 4510 4432 
3 4428 4432 4430 
3 4198 5360 4197 
3 2615 2618 3425 
3 5216 5218 5220 
3 3108 3107 3105 
3 2232 2239 3108 
3 3103 2232 3108 
3 3108 3105 3101 
3 3108 3101 3103 
3 3363 3366 3360 
3 3363 3360 3333 
3 1494 1487 1485 
3 2392 2393 2390 
3 2364 2392 2390 
3 2363 2364 2390 
3 357 359 353 
3 1560 1552 1559 
3 1560 1559 1566 
3 1567 1563 1560 
3 1566 1567 1560 
3 3766 3765 3771 
3 3771 3773 3766 
3 182 174 184 
3 193 182 184 
3 1703 1687 1696 
3 3393 3395 3389 
3 3389 3385 3393 
3 5484 5477 5481 
3 5476 5477 5484 
3 5481 5485 5484 
3 5438 5439 5443 
3 5443 5447 5442 
3 5443 5442 5438 
3 4298 4304 4303 
3 4298 4303 4299 
3 4298 4299 4274 
3 4510 4513 4512 
3 4433 4432 4510 
3 4510 4512 4506 
3 4510 4506 4502 
3 4502 4433 4510 
3 5147 5144 5138 
3 5138 5145 5147 
3 5218 5216 5214 
3 3107 3109 3102 
3 3102 3105 3107 
3 2528 2532 2530 
3 2530 3332 2527 
3 2527 2528 2530 
3 2596 2573 2593 
3 1899 1898 1897 
3 359 363 356 
3 359 356 353 
3 4511 4512 4513 
3 1552 789 784 
3 1552 784 1559 
3 3755 3759 3758 
3 3758 3756 3755 
3 3395 3393 3399 
3 3395 3399 3401 
3 5591 5522 5595 
3 5599 5600 5595 
3 5600 5594 5595 
3 5595 5594 5591 
3 4433 4430 4432 
3 5618 5626 5620 
3 5626 5637 5620 
3 2241 2250 2248 
3 2248 2250 2253 
3 2248 2239 2241 
3 2735 2766 2736 
3 2736 2729 2735 
3 2531 2534 2532 
3 2532 2528 2529 
3 2532 2529 2531 
3 2575 2593 2573 
3 2573 2558 2575 
3 1898 1903 1420 
3 1420 1897 1898 
3 363 368 365 
3 363 365 360 
3 360 356 363 
3 4512 4511 4506 
3 4135 4113 4136 
3 4118 4113 4135 
3 4136 4141 4135 
3 3752 3757 3759 
3 3755 3752 3759 
3 1031 1033 1030 
3 1030 1028 1031 
3 3239 3232 3238 
3 5526 5519 5522 
3 5522 5591 5526 
3 1694 1690 1691 
3 5370 5366 5369 
3 5369 5373 5370 
3 2683 2686 2684 
3 2684 2681 2680 
3 2684 2680 2683 
3 2250 2241 2247 
3 2256 2253 2250 
3 2250 2251 2256 
3 2247 2251 2250 
3 2763 2767 2766 
3 2766 2735 2742 
3 2766 2742 2763 
3 2542 2540 2534 
3 2539 2542 2534 
3 2534 2531 2539 
3 2593 2575 2585 
3 2585 2595 2593 
3 1963 1968 1404 
3 1408 1903 1963 
3 1404 1408 1963 
3 368 371 365 
3 4101 4136 4113 
3 4113 4118 4107 
3 4113 4107 4101 
3 3774 3777 3779 
3 3493 3494 3492 
3 3496 3494 3493 
3 3493 3492 3490 
3 3493 3490 3491 
3 3493 3491 3496 
3 1031 1371 1033 
3 3234 3238 3232 
3 3815 3820 3816 
3 5526 5521 5519 
3 1690 1694 1692 
3 1685 1686 1690 
3 1690 1692 1689 
3 1689 1685 1690 
3 5363 5362 5366 
3 5370 5363 5366 
3 2689 2691 2686 
3 2686 2683 2689 
3 2239 2232 2234 
3 2239 2234 2241 
3 3325 2527 3332 
3 3332 3333 3325 
3 2558 2561 2575 
3 3094 3073 3064 
3 3096 3073 3094 
3 3094 3099 3096 
3 574 567 572 
3 571 567 574 
3 574 572 577 
3 574 577 578 
3 578 571 574 
3 372 371 374 
3 374 379 378 
3 374 378 372 
3 4136 4140 4141 
3 4141 4140 4147 
3 778 776 783 
3 4473 3492 3494 
3 3494 3496 3500 
3 3494 3500 3682 
3 3682 3495 3494 
3 3494 3495 4473 
3 1029 1031 1028 
3 1028 1024 1029 
3 3238 3234 3236 
3 3822 3816 3820 
3 3355 3351 3357 
3 2118 2122 2114 
3 2114 2113 2118 
3 5521 5517 5492 
3 5492 5517 5505 
3 5492 5493 5489 
3 5505 5493 5492 
3 5310 4549 5315 
3 4552 4549 5310 
3 5310 5315 5314 
3 1698 1692 1694 
3 4197 4195 4190 
3 4197 4190 4193 
3 3380 3381 3384 
3 3384 3382 3379 
3 3379 3380 3384 
3 2695 2697 2691 
3 2691 2689 2692 
3 2691 2692 2695 
3 2227 2234 2232 
3 2232 3103 2224 
3 2224 2227 2232 
3 2546 2543 2540 
3 2540 2542 2546 
3 2561 2565 2571 
3 2571 2572 2561 
3 2572 2575 2561 
3 2561 2557 2565 
3 1358 1968 1971 
3 1971 1974 1358 
3 3065 3064 3073 
3 3079 3074 3073 
3 3073 3074 3065 
3 3093 3079 3073 
3 3096 3093 3073 
3 565 572 567 
3 567 571 566 
3 567 566 562 
3 567 562 560 
3 567 560 565 
3 366 365 371 
3 371 372 366 
3 4507 4506 4511 
3 4140 4136 4094 
3 4146 4147 4140 
3 4094 4146 4140 
3 1857 1858 1854 
3 3777 3773 3780 
3 3781 3779 3777 
3 3780 3781 3777 
3 4616 3490 3492 
3 3492 4473 4477 
3 3492 4477 4616 
3 1371 1031 1373 
3 1373 1374 1371 
3 3233 3236 3234 
3 3234 3230 3233 
3 3816 3822 3814 
3 3351 3347 3354 
3 3351 3354 3357 
3 2158 2163 2154 
3 2119 2114 2122 
3 2120 2119 2122 
3 5517 5521 5523 
3 5515 5505 5517 
3 5523 5515 5517 
3 5323 5315 4549 
3 4549 4552 4550 
3 4549 4550 4547 
3 4543 5323 4549 
3 4549 4547 4543 
3 5319 5316 5324 
3 5324 5332 5319 
3 3537 2697 2776 
3 2776 3539 3537 
3 2237 2241 2234 
3 2234 2227 2229 
3 2234 2229 2237 
3 2541 2543 2548 
3 3374 3371 2541 
3 2541 2548 3374 
3 1487 1480 1485 
3 1466 1480 1487 
3 1361 1404 1968 
3 1968 1358 1361 
3 3045 3037 3064 
3 3064 3065 3053 
3 3064 3053 3045 
3 579 577 572 
3 572 565 568 
3 572 568 573 
3 573 579 572 
3 364 360 365 
3 365 366 364 
3 4506 4507 4501 
3 4498 4502 4506 
3 4506 4501 4498 
3 4136 4101 4094 
3 1856 1854 1858 
3 1861 1856 1858 
3 1858 1863 1861 
3 3769 3771 3765 
3 3765 3757 3764 
3 3765 3764 3769 
3 3487 3491 3490 
3 4616 3487 3490 
3 3240 3276 3241 
3 3241 3236 3237 
3 3241 3237 3240 
3 3822 3869 3814 
3 3866 3869 3822 
3 3861 3866 3822 
3 3346 3354 3347 
3 3347 3341 3346 
3 3154 3180 3174 
3 3154 3150 3180 
3 3174 3170 3154 
3 5495 5489 5493 
3 5493 5505 5495 
3 5321 5314 5315 
3 5315 5323 5321 
3 5317 5324 5316 
3 5316 5312 5317 
3 4192 4190 4195 
3 4194 4192 4195 
3 2697 2695 2700 
3 2697 2700 2776 
3 2243 2247 2241 
3 2237 2243 2241 
3 2543 2546 2549 
3 2543 2549 2551 
3 2551 2548 2543 
3 1459 1485 1480 
3 1460 1459 1480 
3 1480 1466 1460 
3 2572 2571 2579 
3 3037 3045 3039 
3 581 578 577 
3 579 581 577 
3 382 378 379 
3 386 382 379 
3 588 589 591 
3 4507 4503 4500 
3 4500 4501 4507 
3 796 795 790 
3 3255 3259 3253 
3 3773 3771 3776 
3 3776 3780 3773 
3 3491 3487 3486 
3 3498 3496 3491 
3 3489 3498 3491 
3 3491 3486 3489 
3 3280 3281 3276 
3 3279 3280 3276 
3 3240 3279 3276 
3 3817 3818 3821 
3 3362 3357 3354 
3 3354 3346 3361 
3 3361 3362 3354 
3 5474 5483 5489 
3 5491 5474 5489 
3 5495 5491 5489 
3 4552 4556 4550 
3 4376 4375 4382 
3 4382 4429 4431 
3 4382 4431 4376 
3 4190 4192 4189 
3 4190 4189 4184 
3 4190 4184 4187 
3 2776 3540 3539 
3 3110 3104 3109 
3 3104 3102 3109 
3 3372 3368 3371 
3 3371 3374 3372 
3 1485 1459 1352 
3 1352 1350 1485 
3 460 566 571 
3 571 578 576 
3 571 576 460 
3 425 421 408 
3 408 404 402 
3 402 425 408 
3 2743 1113 903 
3 787 784 789 
3 789 790 787 
3 3255 3263 3259 
3 3771 3769 3776 
3 3487 4616 4619 
3 3482 3486 3487 
3 3487 4619 3482 
3 3235 3237 3236 
3 3236 3233 3235 
3 3823 3821 3818 
3 3818 3638 3633 
3 3633 3823 3818 
3 3362 3385 3357 
3 5527 5523 5521 
3 5521 5526 5527 
3 5317 5311 5314 
3 5314 5321 5322 
3 5320 5317 5314 
3 5322 5320 5314 
3 4371 4374 4375 
3 4376 4371 4375 
3 2667 3436 3432 
3 3432 3430 2667 
3 3544 3545 3540 
3 2781 3544 3540 
3 2776 2781 3540 
3 410 413 406 
3 407 414 410 
3 410 406 407 
3 3369 3366 3368 
3 3368 3372 3369 
3 1354 1352 1459 
3 1459 1460 1455 
3 1459 1455 1354 
3 1903 1408 1412 
3 1412 1420 1903 
3 1272 1275 1266 
3 467 562 566 
3 462 467 566 
3 460 462 566 
3 421 425 428 
3 4119 4118 4131 
3 4131 4123 4119 
3 1848 1851 1845 
3 1821 2402 1848 
3 1848 1822 1821 
3 1845 1822 1848 
3 3496 3498 3501 
3 3496 3501 3500 
3 3235 3240 3237 
3 3336 3346 3341 
3 3341 3334 3336 
3 4254 4258 4255 
3 4255 4251 4254 
3 4982 4986 4993 
3 5472 5478 5483 
3 5483 5474 5472 
3 5317 5312 5311 
3 4374 4371 4370 
3 4374 4370 4364 
3 3437 3436 3446 
3 3442 3440 3437 
3 3446 3442 3437 
3 5185 5214 5216 
3 5216 5190 5185 
3 409 406 413 
3 413 411 409 
3 3364 3360 3366 
3 3369 3364 3366 
3 1408 1404 1405 
3 1408 1405 1412 
3 3012 3006 3007 
3 3007 3015 3012 
3 583 576 578 
3 578 581 585 
3 578 585 583 
3 404 403 401 
3 401 402 404 
3 4118 4119 4114 
3 4118 4114 4108 
3 4108 4107 4118 
3 1847 1845 1851 
3 1854 1847 1851 
3 3503 3501 3498 
3 3497 3503 3498 
3 3489 3497 3498 
3 147 1373 1031 
3 148 147 1031 
3 1031 1029 148 
3 3634 3633 3638 
3 3638 3639 3637 
3 3638 3637 3634 
3 3360 3361 3346 
3 3346 3336 3360 
3 4258 4256 4255 
3 5478 5472 5476 
3 5514 5512 5520 
3 5520 5524 5530 
3 5525 5514 5520 
3 5530 5525 5520 
3 4553 4550 4556 
3 4556 4560 4558 
3 4556 4558 4553 
3 4429 4430 4434 
3 4434 4431 4429 
3 4895 4898 4903 
3 2668 2674 3436 
3 3436 2674 3446 
3 3436 2667 2668 
3 5185 5181 5214 
3 421 426 422 
3 422 414 421 
3 1585 1592 1589 
3 1589 1578 1585 
3 1352 1354 1351 
3 1404 1361 1365 
3 1404 1365 1405 
3 2990 2992 2993 
3 2993 2800 2991 
3 2993 2991 2990 
3 3006 3009 3003 
3 2999 3007 3006 
3 3003 2999 3006 
3 457 460 576 
3 582 457 576 
3 576 583 582 
3 234 403 405 
3 231 234 405 
3 405 229 231 
3 579 584 587 
3 4116 4119 4123 
3 3504 3500 3501 
3 3505 3504 3501 
3 3503 3505 3501 
3 3385 3362 3386 
3 3390 3393 3385 
3 3386 3390 3385 
3 4986 4984 4990 
3 4991 4993 4986 
3 4990 4991 4986 
3 5474 5491 5455 
3 5462 5472 5474 
3 5455 5462 5474 
3 5506 5504 5512 
3 5510 5506 5512 
3 5512 5514 5510 
3 4548 4547 4550 
3 4553 4548 4550 
3 4893 4897 4898 
3 3450 3441 3440 
3 3440 3442 3450 
3 5076 5074 5075 
3 426 421 428 
3 426 428 430 
3 2550 2546 2542 
3 2542 2539 2544 
3 2542 2544 2550 
3 2572 2585 2575 
3 1976 1980 1974 
3 3009 3013 3005 
3 3005 3003 3009 
3 555 560 562 
3 474 555 562 
3 467 474 562 
3 234 401 403 
3 588 584 580 
3 4499 4500 4503 
3 3681 3682 3500 
3 3500 3504 3677 
3 3500 3677 3681 
3 1372 1374 1377 
3 3633 3634 3627 
3 3633 3627 3628 
3 3362 3361 3365 
3 3362 3365 3377 
3 3377 3386 3362 
3 4983 4984 4979 
3 4977 4981 4979 
3 4979 4981 4983 
3 5454 5455 5491 
3 5491 5495 5496 
3 5491 5496 5454 
3 5506 5500 5504 
3 4560 4565 4567 
3 4560 4567 4558 
3 1274 1271 1269 
3 3441 3450 3451 
3 3451 3443 3441 
3 414 408 421 
3 414 407 408 
3 2552 2549 2546 
3 2556 2552 2546 
3 2546 2550 2556 
3 1980 1982 1984 
3 1357 1974 1980 
3 1980 1355 1357 
3 1984 1355 1980 
3 2804 2991 2800 
3 2798 2804 2800 
3 1955 1952 1979 
3 1979 1977 1955 
3 3011 3018 3015 
3 3015 3007 3011 
3 556 565 560 
3 560 555 556 
3 433 428 425 
3 575 580 584 
3 584 579 575 
3 847 845 841 
3 4109 4108 4114 
3 3495 3682 3686 
3 4470 4473 3495 
3 3686 4470 3495 
3 1376 1377 1374 
3 1374 1373 1376 
3 3393 3390 3400 
3 3393 3400 3399 
3 2498 2501 2497 
3 2497 2493 2495 
3 2497 2495 2498 
3 4984 4983 4987 
3 4987 4990 4984 
3 5524 5528 5530 
3 4430 4433 4434 
3 4897 4893 4890 
3 3442 3446 3452 
3 3442 3452 3450 
3 229 405 406 
3 405 407 406 
3 406 409 226 
3 406 226 229 
3 2552 2551 2549 
3 5187 5191 5192 
3 1982 1985 1986 
3 1986 1984 1982 
3 1952 1953 1979 
3 1947 1953 1952 
3 3018 3011 2206 
3 2206 2219 3018 
3 561 568 565 
3 565 556 561 
3 402 401 399 
3 4099 4101 4107 
3 4100 4099 4107 
3 4107 4108 4100 
3 3748 3754 3757 
3 3757 3754 3764 
3 3752 3748 3757 
3 3682 3681 3684 
3 3682 3684 3687 
3 3687 3686 3682 
3 1377 1376 1381 
3 5129 5131 5127 
3 3396 3400 3390 
3 3390 3386 3396 
3 3 8 9 
3 9 8 12 
3 2501 2498 1773 
3 1773 2506 2501 
3 4933 4935 4941 
3 5500 5506 5502 
3 5502 5497 5500 
3 4436 4434 4433 
3 4502 4436 4433 
3 2880 1735 2882 
3 2882 2884 2881 
3 2882 2881 2880 
3 3430 2618 2619 
3 2619 2667 3430 
3 1019 1025 1026 
3 1026 1021 1019 
3 1019 1021 1014 
3 404 408 407 
3 403 404 407 
3 407 405 403 
3 5475 5481 5477 
3 5477 5476 5471 
3 5477 5471 5475 
3 2603 3374 2548 
3 2548 2551 2602 
3 2602 2603 2548 
3 1837 1831 1832 
3 1837 1832 1835 
3 1843 1842 1837 
3 1837 1835 1843 
3 1985 1983 1991 
3 1988 1986 1985 
3 1991 1988 1985 
3 2987 2990 2991 
3 2991 2804 2807 
3 2989 2987 2991 
3 2807 2989 2991 
3 2202 3011 3007 
3 2999 2201 3007 
3 3007 2201 2202 
3 555 474 480 
3 551 556 555 
3 480 551 555 
3 434 430 428 
3 433 434 428 
3 4101 4099 4097 
3 4101 4097 4094 
3 2405 2403 2402 
3 2402 1821 1815 
3 1815 2405 2402 
3 4473 4476 4477 
3 4472 4476 4473 
3 4470 4472 4473 
3 1330 1333 1339 
3 1339 1342 1330 
3 5131 5135 5133 
3 5131 5133 5130 
3 5130 5127 5131 
3 3405 3399 3400 
3 8 3 7 
3 7 12 8 
3 5701 5703 5693 
3 5506 5510 5502 
3 4431 4434 4435 
3 4435 4376 4431 
3 1733 1731 1735 
3 1735 2880 1738 
3 1735 1738 1733 
3 4892 4895 4896 
3 4896 5026 4892 
3 5217 5221 5223 
3 1025 1023 1027 
3 1025 1027 1032 
3 1032 1026 1025 
3 664 415 662 
3 667 664 662 
3 5481 5479 5602 
3 5475 5479 5481 
3 3375 3372 3374 
3 3378 3375 3374 
3 3374 2603 3378 
3 1826 1832 1831 
3 1827 1826 1831 
3 1974 1357 1358 
3 2990 2987 2984 
3 2990 2984 2986 
3 2202 2206 3011 
3 474 467 473 
3 478 480 474 
3 474 473 478 
3 430 434 436 
3 4095 4097 4099 
3 4099 4100 4095 
3 2403 2405 2406 
3 2406 2404 2403 
3 4480 4477 4476 
3 4476 4478 4480 
3 4475 4478 4476 
3 4472 4475 4476 
3 1325 1326 1333 
3 1330 1325 1333 
3 3403 3401 3399 
3 3405 3403 3399 
3 5 7 3 
3 2 5 3 
3 3 1 2 
3 4434 4436 4439 
3 4437 4435 4434 
3 4439 4437 4434 
3 1713 1726 1727 
3 1727 1731 1723 
3 1712 1713 1727 
3 1723 1712 1727 
3 5219 5224 5221 
3 5221 5217 5219 
3 1024 1028 1023 
3 1028 1027 1023 
3 1023 986 1024 
3 415 664 412 
3 412 411 415 
3 5469 5471 5476 
3 2601 2602 2551 
3 2551 2552 2598 
3 2598 2601 2551 
3 1832 1826 1835 
3 2805 2807 2804 
3 2799 2805 2804 
3 2804 2798 2799 
3 568 561 564 
3 570 573 568 
3 564 570 568 
3 434 433 437 
3 434 437 441 
3 441 436 434 
3 902 903 1113 
3 1112 902 1113 
3 1113 1115 1112 
3 4502 4498 4497 
3 4093 4094 4097 
3 4092 4093 4097 
3 4097 4095 4092 
3 3211 3214 3218 
3 3218 3212 3211 
3 1820 1818 1823 
3 4615 4616 4477 
3 4477 4480 4615 
3 1342 32 37 
3 37 1330 1342 
3 147 1376 1373 
3 1116 1119 1114 
3 1116 1114 1111 
3 12 7 11 
3 11 15 12 
3 3984 3985 3990 
3 3990 3989 3984 
3 2888 2883 2881 
3 2891 2883 2888 
3 2881 2884 2888 
3 2618 2615 2617 
3 2617 2619 2618 
3 1028 1030 1027 
3 1030 1032 1027 
3 666 412 664 
3 664 667 666 
3 3372 3375 3373 
3 3373 3369 3372 
3 1850 1844 1842 
3 1843 1850 1842 
3 581 587 586 
3 579 587 581 
3 581 586 585 
3 4496 4498 4501 
3 4501 4500 4496 
3 4108 4109 4103 
3 4103 4100 4108 
3 3214 3211 3207 
3 3214 3207 3208 
3 1813 1814 1818 
3 1820 1813 1818 
3 4616 4615 4618 
3 4616 4618 4619 
3 34 37 32 
3 32 29 31 
3 31 34 32 
3 7 5 11 
3 4436 4502 4497 
3 4436 4497 4493 
3 4436 4493 4439 
3 1731 1733 1730 
3 1731 1730 1724 
3 1731 1724 1723 
3 2879 2881 2883 
3 2883 2891 2876 
3 2878 2879 2883 
3 2876 2878 2883 
3 2615 2612 2613 
3 2613 2617 2615 
3 986 982 984 
3 986 984 1024 
3 3375 3378 3380 
3 3379 3373 3375 
3 3375 3380 3379 
3 1491 1867 1486 
3 1486 1489 1491 
3 467 462 464 
3 469 473 467 
3 467 464 469 
3 4493 4497 4498 
3 4498 4494 4493 
3 4496 4494 4498 
3 4105 4103 4109 
3 3234 3232 3228 
3 3230 3234 3228 
3 1846 1841 1840 
3 1326 1325 1321 
3 3364 3365 3361 
3 3361 3360 3364 
3 6 11 5 
3 5 2 6 
3 4321 4317 4322 
3 4325 4330 4322 
3 4322 4330 4332 
3 4322 4332 4327 
3 4322 4327 4321 
3 5440 5439 5435 
3 5249 4745 4717 
3 4749 4745 5249 
3 5244 5243 5249 
3 5249 5243 4749 
3 5249 5251 5248 
3 5249 5248 5244 
3 5074 5072 5070 
3 5071 5075 5074 
3 5070 5071 5074 
3 907 910 905 
3 905 910 908 
3 518 907 905 
3 522 518 905 
3 905 908 904 
3 905 904 522 
3 1077 1071 1074 
3 1074 1071 1070 
3 1483 1486 1867 
3 1867 1868 1872 
3 1867 1872 1483 
3 2594 2597 2592 
3 462 460 455 
3 458 464 462 
3 455 458 462 
3 4100 4103 4098 
3 4096 4095 4100 
3 4098 4096 4100 
3 1822 1823 1818 
3 1818 1821 1822 
3 1822 1845 1823 
3 39 1323 1325 
3 1325 1323 1321 
3 1325 1330 39 
3 3365 3370 3377 
3 3364 3370 3365 
3 15 11 14 
3 14 18 15 
3 5700 5693 5703 
3 4311 4317 4313 
3 4313 4304 4311 
3 5323 4543 4539 
3 5327 5321 5323 
3 4539 5329 5323 
3 5323 5329 5327 
3 4716 4717 4745 
3 4746 4716 4745 
3 4749 4746 4745 
3 2881 2879 2880 
3 4996 5070 5072 
3 910 907 930 
3 910 913 908 
3 923 913 910 
3 910 930 923 
3 1071 1077 1073 
3 1067 1070 1071 
3 1071 1073 1068 
3 1071 1068 1067 
3 1489 1486 1481 
3 1479 1484 1489 
3 1489 1481 1479 
3 2628 2625 2597 
3 2594 2628 2597 
3 460 457 455 
3 4489 4493 4494 
3 4494 4496 4490 
3 4494 4490 4489 
3 4103 4105 4104 
3 4103 4104 4098 
3 1821 1818 1814 
3 1814 1815 1821 
3 1323 39 45 
3 1319 1321 1323 
3 47 1319 1323 
3 1323 45 47 
3 3386 3377 3383 
3 3386 3388 3396 
3 3383 3388 3386 
3 11 6 109 
3 109 14 11 
3 4317 4321 4320 
3 4317 4320 4313 
3 4547 4548 4544 
3 4547 4544 4541 
3 4547 4541 4543 
3 4717 4716 4713 
3 3837 3829 3832 
3 3832 3829 3827 
3 3840 3837 3832 
3 3841 3840 3832 
3 3833 3841 3832 
3 3827 3833 3832 
3 5600 5601 5604 
3 5600 5599 5601 
3 907 518 514 
3 952 930 907 
3 514 952 907 
3 1079 1073 1077 
3 1077 1081 1079 
3 1486 1483 1481 
3 1356 1357 1355 
3 1044 1356 1355 
3 1355 1984 1044 
3 4493 4489 4488 
3 4488 4439 4493 
3 1840 1823 1845 
3 1845 1847 1840 
3 37 39 1330 
3 3067 5130 5133 
3 3376 3377 3370 
3 3370 3364 3369 
3 3370 3369 3376 
3 2 1 0 
3 1786 1792 1793 
3 4990 4997 4991 
3 4309 4303 4304 
3 4313 4309 4304 
3 4542 4544 4548 
3 4553 4546 4548 
3 4548 4546 4542 
3 5243 5244 5240 
3 4751 4749 5243 
3 5238 4751 5243 
3 5243 5240 5238 
3 3829 3837 3826 
3 3819 3825 3829 
3 3829 3825 3827 
3 3826 3819 3829 
3 5795 5799 5798 
3 5804 5805 5798 
3 5799 5804 5798 
3 911 908 913 
3 913 923 921 
3 913 921 915 
3 913 915 911 
3 1070 1067 687 
3 1484 1479 1477 
3 1484 1477 1482 
3 1357 1356 1359 
3 1359 1358 1357 
3 552 561 556 
3 556 551 552 
3 4500 4499 4495 
3 4495 4496 4500 
3 4146 4094 4090 
3 4146 4090 4089 
3 1846 1840 1847 
3 1847 1854 1849 
3 1847 1849 1846 
3 5131 5129 5134 
3 5135 5131 5134 
3 44 45 39 
3 39 37 38 
3 38 44 39 
3 1376 147 142 
3 1376 142 1378 
3 1379 1381 1376 
3 1378 1379 1376 
3 5130 5125 5127 
3 3376 3383 3377 
3 1792 1795 1793 
3 3031 3010 3016 
3 3026 3035 3031 
3 3031 3016 3026 
3 5309 5313 5307 
3 5297 5309 5307 
3 4542 4541 4544 
3 5247 5248 5251 
3 5253 5247 5251 
3 5817 5808 5809 
3 5818 5817 5809 
3 5814 5818 5809 
3 5809 5811 5814 
3 411 412 219 
3 221 409 411 
3 411 219 221 
3 518 522 519 
3 518 519 517 
3 517 514 518 
3 1073 1079 1076 
3 1069 1068 1073 
3 1073 1076 1069 
3 1866 1872 1868 
3 1360 1359 1356 
3 1046 1360 1356 
3 1044 1046 1356 
3 561 552 559 
3 561 559 564 
3 234 398 401 
3 401 398 399 
3 4598 4499 4504 
3 1682 1683 1679 
3 1685 1683 1682 
3 2405 1815 2410 
3 2405 2408 2406 
3 2410 2408 2405 
3 3781 3780 3785 
3 3785 3786 3781 
3 5410 5405 5398 
3 5398 5399 5410 
3 147 148 146 
3 146 142 147 
3 2435 2437 3240 
3 3240 3235 2435 
3 5125 5130 3072 
3 5125 3072 3077 
3 2 119 116 
3 116 6 2 
3 4302 4299 4303 
3 4303 4309 4307 
3 4303 4307 4302 
3 4539 4543 4541 
3 4538 4539 4541 
3 4541 4542 4538 
3 5247 5244 5248 
3 3841 3844 3840 
3 5807 5780 5803 
3 5803 5808 5807 
3 5097 5092 5181 
3 5181 5185 5179 
3 5181 5179 5097 
3 666 219 412 
3 906 904 908 
3 908 911 909 
3 1085 1079 1081 
3 1090 1085 1081 
3 1081 1083 1088 
3 1081 1088 1090 
3 1872 1866 1875 
3 1872 1876 1483 
3 1875 1876 1872 
3 1045 1044 1984 
3 1984 1986 1987 
3 1984 1987 1045 
3 480 548 551 
3 551 548 549 
3 549 552 551 
3 398 234 240 
3 394 399 398 
3 398 392 394 
3 240 392 398 
3 4492 4495 4499 
3 4499 4598 4492 
3 1815 1814 1810 
3 1815 1810 2410 
3 5652 5709 5666 
3 5652 5666 5649 
3 5649 5642 5652 
3 1024 987 150 
3 150 1029 1024 
3 3069 3072 5130 
3 5130 3067 3069 
3 118 116 119 
3 4272 4274 4299 
3 5242 5240 5244 
3 5247 5242 5244 
3 2854 2859 2870 
3 2857 2849 2854 
3 2854 2870 2857 
3 409 221 226 
3 524 522 904 
3 1084 1076 1079 
3 1085 1084 1079 
3 1866 1844 1870 
3 1870 1875 1866 
3 1358 1359 1361 
3 1277 1275 1283 
3 1283 1280 1277 
3 548 480 484 
3 236 240 234 
3 233 236 234 
3 234 231 233 
3 901 903 898 
3 898 899 901 
3 4496 4495 4491 
3 4491 4490 4496 
3 1814 1813 1812 
3 1814 1812 1810 
3 5707 5666 5709 
3 5709 5715 5707 
3 320 150 987 
3 987 323 320 
3 3072 3069 3071 
3 3076 3077 3072 
3 3071 3076 3072 
3 6 116 109 
3 4310 4307 4309 
3 4309 4313 4316 
3 4309 4316 4314 
3 4309 4314 4310 
3 5321 5327 5322 
3 4716 4746 4740 
3 4718 4714 4716 
3 4716 4740 4718 
3 3833 3839 3841 
3 3841 3839 3843 
3 2859 2858 2861 
3 2868 2870 2859 
3 2865 2868 2859 
3 2861 2865 2859 
3 5180 5185 5190 
3 5190 5182 5180 
3 218 221 219 
3 666 217 219 
3 219 217 218 
3 525 519 522 
3 526 525 522 
3 1065 1067 1068 
3 1064 1065 1068 
3 1068 1069 1064 
3 1850 1870 1844 
3 1359 1360 1362 
3 1359 1362 1364 
3 1364 1361 1359 
3 480 478 484 
3 394 395 399 
3 903 902 898 
3 4495 4492 4491 
3 1809 1812 1813 
3 5707 5674 5666 
3 1029 150 148 
3 3444 3413 3412 
3 3412 3417 3439 
3 3439 3444 3412 
3 116 118 113 
3 113 109 116 
3 4272 4269 4274 
3 4565 4568 4567 
3 4569 4568 4565 
3 4746 4749 4748 
3 4748 4740 4746 
3 3839 3833 3835 
3 3842 3843 3839 
3 3839 3835 3838 
3 3838 3842 3839 
3 2858 2860 2861 
3 5180 5179 5185 
3 221 218 222 
3 222 226 221 
3 520 517 519 
3 525 520 519 
3 1067 1065 686 
3 686 687 1067 
3 1882 1483 1876 
3 1880 1882 1876 
3 1876 1875 1880 
3 746 750 757 
3 58 54 53 
3 166 54 58 
3 58 53 57 
3 57 62 58 
3 58 62 164 
3 58 164 167 
3 167 166 58 
3 4091 4090 4094 
3 4093 4091 4094 
3 5642 5649 5641 
3 5641 5635 5642 
3 149 148 150 
3 150 320 149 
3 3066 3069 3067 
3 3067 3062 3066 
3 3444 4631 3413 
3 115 113 118 
3 4573 4567 4568 
3 4568 4569 4572 
3 4568 4572 4573 
3 4751 4748 4749 
3 3833 3827 3828 
3 3831 3835 3833 
3 3828 3831 3833 
3 5179 5180 5173 
3 5102 5097 5179 
3 5173 5102 5179 
3 2948 2955 2956 
3 930 928 923 
3 938 928 930 
3 930 952 951 
3 951 938 930 
3 1065 1064 1059 
3 1065 1059 683 
3 683 686 1065 
3 1483 1882 1474 
3 1476 1481 1483 
3 1483 1474 1476 
3 760 759 750 
3 759 757 750 
3 752 760 750 
3 49 53 54 
3 54 166 169 
3 51 49 54 
3 169 51 54 
3 476 478 473 
3 472 476 473 
3 473 469 472 
3 2825 2760 836 
3 836 833 2825 
3 897 898 902 
3 902 1109 897 
3 902 1112 1109 
3 4087 4089 4090 
3 5649 5646 5641 
3 321 320 323 
3 323 325 321 
3 3069 3066 3071 
3 3008 3016 3010 
3 4559 4558 4567 
3 4567 4573 4571 
3 4567 4571 4559 
3 3825 3819 3821 
3 3821 3827 3825 
3 5182 5178 5174 
3 5174 5180 5182 
3 2959 2955 2951 
3 2952 2959 2951 
3 929 923 928 
3 932 929 928 
3 938 932 928 
3 2603 2602 2605 
3 1470 1474 1882 
3 1888 1470 1882 
3 1882 1880 1888 
3 4125 4122 4127 
3 4121 4122 4125 
3 4125 4127 4128 
3 4125 4128 4126 
3 4125 4126 4121 
3 52 57 53 
3 53 49 46 
3 53 46 52 
3 478 476 482 
3 482 484 478 
3 3780 3782 3785 
3 3776 3782 3780 
3 5715 5726 5730 
3 5715 5730 5708 
3 5708 5707 5715 
3 3193 3205 3202 
3 3187 3193 3202 
3 3061 3066 3062 
3 3057 3061 3062 
3 4269 4272 4268 
3 4269 4268 4264 
3 4264 4266 4269 
3 4559 4553 4558 
3 4714 4718 4711 
3 4711 4706 4714 
3 3811 3813 3819 
3 3819 3813 3821 
3 3812 3811 3819 
3 3820 3812 3819 
3 3819 3826 3820 
3 5176 5178 5186 
3 5183 5176 5186 
3 929 921 923 
3 2602 2601 2605 
3 1475 1479 1481 
3 1481 1476 1475 
3 4116 4123 4122 
3 4123 4127 4122 
3 4122 4121 4117 
3 4117 4116 4122 
3 59 63 62 
3 62 57 59 
3 161 164 62 
3 157 161 62 
3 63 154 62 
3 62 154 157 
3 476 472 477 
3 476 477 482 
3 2454 2452 2455 
3 2449 2452 2454 
3 2454 2455 2458 
3 2454 2458 3308 
3 2454 3306 3283 
3 3308 3306 2454 
3 2454 3283 2449 
3 4598 4602 4604 
3 4598 4604 4492 
3 3789 3785 3782 
3 3776 3775 3782 
3 3782 3775 3784 
3 3782 3784 3789 
3 1920 1926 1923 
3 1920 1923 1915 
3 3066 3061 3063 
3 3068 3071 3066 
3 3063 3068 3066 
3 3388 3383 3382 
3 5499 5494 5497 
3 5497 5502 5499 
3 1758 1759 1754 
3 1754 1244 1751 
3 1754 1751 1755 
3 1754 1755 1758 
3 4721 4718 4740 
3 4740 4748 4744 
3 4740 4744 4739 
3 4740 4739 4721 
3 3826 3824 3820 
3 3847 3824 3826 
3 5178 5176 5170 
3 5178 5170 5174 
3 815 809 810 
3 810 813 815 
3 807 813 810 
3 952 514 512 
3 952 512 958 
3 955 951 952 
3 958 955 952 
3 1878 1880 1875 
3 1870 1878 1875 
3 4130 4128 4127 
3 4127 4132 4130 
3 4129 4132 4127 
3 4123 4129 4127 
3 57 52 59 
3 2219 2206 2207 
3 2219 2207 2216 
3 2823 2819 2824 
3 2824 2828 2823 
3 395 394 388 
3 395 388 390 
3 2448 2455 2452 
3 2452 2449 2448 
3 3786 3785 3791 
3 3786 3791 3790 
3 1926 1928 1930 
3 3061 3057 3058 
3 3061 3058 3063 
3 14 20 18 
3 5494 5499 5451 
3 5451 5450 5494 
3 5318 5313 5319 
3 5325 5436 5318 
3 5319 5325 5318 
3 4715 4711 4718 
3 4718 4721 4715 
3 3827 3821 3823 
3 3823 3828 3827 
3 816 777 809 
3 809 815 816 
3 514 517 513 
3 514 513 512 
3 1066 1069 1076 
3 1076 1084 1082 
3 1076 1082 1066 
3 1471 1477 1479 
3 1479 1475 1471 
3 4247 4126 4128 
3 4128 4246 4247 
3 4242 4246 4128 
3 4130 4242 4128 
3 164 161 162 
3 164 162 168 
3 168 167 164 
3 2765 2819 2768 
3 1639 1631 1638 
3 1633 1631 1639 
3 1639 1643 1648 
3 1639 1636 1633 
3 1644 1636 1639 
3 1646 1644 1639 
3 1648 1646 1639 
3 2460 2458 2455 
3 2455 2448 2451 
3 2455 2451 2459 
3 2455 2459 2460 
3 4604 4608 4610 
3 4605 4492 4604 
3 4610 4605 4604 
3 771 1559 784 
3 784 776 771 
3 784 787 776 
3 3789 3791 3785 
3 1918 1915 1923 
3 1122 1119 1125 
3 5316 5319 5313 
3 5313 5309 5316 
3 1251 1248 1250 
3 1254 1251 1250 
3 4750 4744 4748 
3 4748 4751 4752 
3 4748 4752 4750 
3 3822 3820 3824 
3 3824 3847 3822 
3 5168 5174 5170 
3 5170 5160 5168 
3 5163 5160 5170 
3 751 754 777 
3 777 816 751 
3 921 925 918 
3 929 925 921 
3 921 918 915 
3 1062 1064 1069 
3 1069 1066 1062 
3 1473 1482 1477 
3 1471 1473 1477 
3 4120 4121 4126 
3 4124 4120 4126 
3 4126 4247 4124 
3 159 162 161 
3 157 159 161 
3 2821 2824 2819 
3 2819 2765 2762 
3 2819 2762 2821 
3 1631 1633 1627 
3 1631 1627 1628 
3 2458 2460 2461 
3 3312 3308 2458 
3 2458 2461 3312 
3 4608 4612 4610 
3 4089 4087 4085 
3 3204 3211 3212 
3 3205 3204 3212 
3 3672 3675 3676 
3 3676 3675 3680 
3 3673 3672 3676 
3 3676 3680 3679 
3 3677 3673 3676 
3 3676 3679 3677 
3 5312 5316 5309 
3 5309 5297 5302 
3 5309 5302 5312 
3 1244 1248 1243 
3 1749 1751 1244 
3 1244 1241 1749 
3 1243 1241 1244 
3 4744 4743 4739 
3 4750 4743 4744 
3 3861 3822 3847 
3 5174 5173 5180 
3 2961 2956 2955 
3 2955 2959 2965 
3 2955 2965 2961 
3 924 918 925 
3 925 929 926 
3 925 926 924 
3 1084 1085 1093 
3 1092 1082 1084 
3 1093 1092 1084 
3 2595 2588 2592 
3 2595 2592 2597 
3 2597 2604 2595 
3 2595 2585 2588 
3 4115 4117 4121 
3 4120 4115 4121 
3 165 168 162 
3 162 163 165 
3 159 163 162 
3 2830 2833 2828 
3 2828 2824 2830 
3 3306 3305 3284 
3 3308 3305 3306 
3 3284 3283 3306 
3 2072 2080 2071 
3 2068 2072 2071 
3 4082 4085 4087 
3 4080 4082 4087 
3 3211 3204 3201 
3 3211 3201 3207 
3 1928 1927 1931 
3 1933 1930 1928 
3 1931 1933 1928 
3 148 149 145 
3 145 146 148 
3 3675 3672 3671 
3 3685 3680 3675 
3 3675 3671 3669 
3 3678 3685 3675 
3 3675 3670 3678 
3 3669 3670 3675 
3 3013 3026 3016 
3 3016 3008 3013 
3 5514 5525 5516 
3 5513 5510 5514 
3 5516 5513 5514 
3 4307 4308 4305 
3 4310 4308 4307 
3 4305 4302 4307 
3 1248 1251 1246 
3 1248 1246 1243 
3 4753 4752 4751 
3 4751 5238 4753 
3 3843 3842 2905 
3 2956 2961 2962 
3 920 915 918 
3 918 924 920 
3 1064 1058 1059 
3 1062 1058 1064 
3 2604 2597 2625 
3 5714 5716 5717 
3 5718 5714 5717 
3 166 167 171 
3 171 169 166 
3 2830 2838 2833 
3 3287 3284 3305 
3 3305 3308 3309 
3 3304 3292 3305 
3 3305 3292 3287 
3 3309 3304 3305 
3 2095 2083 2080 
3 2080 2072 2082 
3 2080 2082 2091 
3 2080 2091 2095 
3 4085 4082 4083 
3 1927 2352 1931 
3 317 149 320 
3 320 321 317 
3 5553 5548 5547 
3 3672 3673 3668 
3 3668 3671 3672 
3 3229 3233 3230 
3 5531 5516 5525 
3 5534 5531 5525 
3 5525 5530 5534 
3 4308 3774 3779 
3 4308 3779 4306 
3 4306 4305 4308 
3 4308 4310 4312 
3 4308 4312 3774 
3 1752 1755 1751 
3 1751 1749 1748 
3 1751 1748 1752 
3 4754 4750 4752 
3 4752 4753 4755 
3 4752 4755 4754 
3 4192 4194 4188 
3 4188 4189 4192 
3 2874 2875 2879 
3 2879 2875 2880 
3 2879 2878 2874 
3 3581 3580 3585 
3 3586 3583 3581 
3 3581 3585 3586 
3 929 932 934 
3 929 931 926 
3 934 931 929 
3 1094 1093 1085 
3 1090 1094 1085 
3 2585 2572 2579 
3 2585 2579 2588 
3 5716 5714 5711 
3 167 168 171 
3 2122 2118 2125 
3 2125 2126 2122 
3 2824 2821 2829 
3 2829 2830 2824 
3 1632 1633 1636 
3 1636 1644 1642 
3 1636 1642 1632 
3 3283 3280 3279 
3 3283 3284 3280 
3 3279 2449 3283 
3 2095 2089 2083 
3 2083 2089 2084 
3 4082 4080 4077 
3 4077 4083 4082 
3 1854 1856 1849 
3 144 145 149 
3 317 144 149 
3 5548 5553 5554 
3 5548 5554 5551 
3 5548 5551 5546 
3 3683 3679 3680 
3 3680 3685 3690 
3 3680 3690 3688 
3 3680 3688 3683 
3 3002 3008 3004 
3 3891 3893 3894 
3 5508 5502 5510 
3 5510 5513 5508 
3 1760 1758 1755 
3 1752 1757 1755 
3 1757 1760 1755 
3 5700 5703 5747 
3 5750 5700 5747 
3 772 780 774 
3 774 780 782 
3 768 772 774 
3 774 782 775 
3 774 775 761 
3 761 768 774 
3 2875 2874 2872 
3 1738 2880 2875 
3 2872 1738 2875 
3 3577 3583 3578 
3 916 914 915 
3 912 911 915 
3 915 920 916 
3 2552 2556 2596 
3 2596 2598 2552 
3 1472 1478 1482 
3 1473 1472 1482 
3 168 165 174 
3 174 171 168 
3 2763 2764 2767 
3 1630 1627 1633 
3 1633 1632 1630 
3 3284 3281 3280 
3 3284 3287 3281 
3 2072 2068 2069 
3 2072 2069 2160 
3 2153 2082 2072 
3 2160 2153 2072 
3 5459 5466 5456 
3 1853 1849 1856 
3 1856 1861 1853 
3 1841 1846 1843 
3 142 146 139 
3 135 1378 142 
3 139 135 142 
3 5553 5558 5554 
3 3513 3668 3673 
3 3677 3510 3673 
3 3673 3510 3513 
3 3801 3798 3802 
3 3802 3804 3879 
3 3802 3879 3801 
3 3005 3013 3008 
3 3002 3005 3008 
3 1758 1760 1764 
3 4701 4703 4706 
3 4707 4701 4706 
3 4706 4711 4707 
3 780 772 779 
3 803 782 780 
3 780 786 799 
3 779 786 780 
3 780 799 803 
3 2873 2874 2878 
3 2878 2876 2873 
3 3458 2679 2681 
3 754 751 745 
3 754 745 749 
3 1054 1059 1058 
3 1058 1062 1056 
3 1058 1056 1054 
3 5672 5667 5673 
3 5682 5676 5672 
3 5672 5673 5679 
3 5672 5679 5678 
3 5672 5678 5682 
3 1157 1188 1158 
3 1154 1153 1157 
3 1157 1158 1154 
3 49 51 47 
3 45 46 49 
3 47 45 49 
3 2758 2765 2764 
3 2764 2763 2749 
3 2764 2749 2752 
3 2752 2758 2764 
3 1624 1628 1627 
3 1623 1624 1627 
3 1627 1630 1625 
3 1627 1625 1623 
3 2445 2448 2449 
3 3279 2445 2449 
3 1846 1850 1843 
3 5726 5731 5730 
3 146 145 139 
3 5557 5554 5558 
3 5558 5562 5561 
3 5558 5561 5557 
3 3681 3677 3679 
3 3683 3681 3679 
3 2407 2404 2406 
3 1251 1254 1257 
3 1251 1257 1261 
3 1247 1246 1251 
3 1261 1256 1251 
3 1251 1256 1247 
3 4703 4701 4697 
3 770 779 772 
3 768 765 772 
3 772 765 770 
3 2869 2872 2874 
3 2867 2869 2874 
3 2874 2873 2871 
3 2874 2871 2867 
3 817 815 813 
3 814 817 813 
3 813 807 814 
3 932 938 942 
3 942 934 932 
3 1059 1054 681 
3 681 683 1059 
3 5667 5657 5661 
3 5669 5673 5667 
3 5661 5669 5667 
3 1186 1158 1188 
3 51 169 50 
3 50 47 51 
3 2758 2762 2765 
3 1644 1646 1651 
3 1651 1642 1644 
3 2444 2451 2448 
3 2448 2445 2443 
3 2443 2444 2448 
3 2069 2218 2213 
3 2069 2213 2160 
3 4074 4077 4080 
3 5736 5730 5731 
3 5731 5733 5736 
3 5557 5551 5554 
3 3667 3669 3671 
3 3671 3668 3667 
3 5048 5049 5046 
3 5046 5045 5048 
3 5071 5070 5758 
3 5071 5758 5766 
3 4561 4566 4565 
3 4565 4560 4561 
3 1259 1257 1254 
3 4691 4697 4701 
3 4690 4691 4701 
3 4701 4707 4692 
3 4701 4692 4690 
3 782 810 809 
3 809 775 782 
3 782 803 810 
3 5026 5028 5030 
3 5030 4892 5026 
3 815 817 819 
3 815 819 816 
3 949 942 938 
3 951 949 938 
3 1086 1082 1087 
3 1087 1082 1092 
3 1089 1086 1087 
3 1087 1095 1089 
3 1096 1095 1087 
3 1087 1092 1096 
3 5681 5677 5676 
3 5676 5682 5681 
3 1148 1147 1153 
3 1154 1148 1153 
3 170 50 169 
3 172 170 169 
3 171 172 169 
3 466 469 464 
3 464 458 461 
3 464 461 466 
3 1646 1648 1653 
3 1654 1651 1646 
3 1653 1654 1646 
3 2451 2450 2457 
3 2444 2450 2451 
3 2457 2459 2451 
3 2153 2091 2082 
3 690 693 695 
3 322 321 325 
3 324 322 325 
3 3685 3678 3693 
3 3685 3693 3694 
3 3694 3690 3685 
3 2431 3235 3233 
3 3233 3229 2431 
3 3002 3000 2997 
3 5070 4996 4992 
3 5070 4992 5758 
3 4781 4779 4783 
3 4783 4779 4778 
3 4783 4784 4781 
3 4788 4784 4783 
3 4918 4788 4783 
3 4931 4918 4783 
3 4778 4931 4783 
3 1257 1259 1263 
3 1263 1261 1257 
3 4691 4693 4697 
3 775 809 777 
3 775 777 754 
3 754 761 775 
3 5028 5027 5032 
3 5028 5032 5030 
3 817 814 820 
3 817 820 822 
3 824 819 817 
3 826 824 817 
3 817 822 826 
3 511 513 517 
3 517 520 516 
3 517 516 511 
3 1080 1066 1082 
3 1082 1086 1080 
3 1894 1895 1892 
3 1892 1893 1894 
3 48 52 46 
3 46 45 44 
3 46 44 38 
3 46 38 43 
3 46 43 48 
3 469 466 472 
3 1648 1650 1653 
3 2456 2457 2450 
3 2450 2444 2446 
3 2446 2456 2450 
3 2089 2095 2098 
3 2092 2084 2089 
3 2098 2092 2089 
3 3674 3678 3670 
3 3670 3669 3663 
3 3663 3662 3670 
3 3670 3662 3674 
3 3235 2431 2433 
3 2433 2435 3235 
3 4996 4995 4989 
3 4989 4992 4996 
3 4779 4781 4777 
3 4773 4778 4779 
3 4779 4777 4773 
3 3987 3988 3993 
3 3975 3988 3987 
3 3987 3985 3979 
3 3987 3979 3975 
3 793 799 786 
3 786 779 781 
3 785 793 786 
3 781 785 786 
3 4892 5030 5033 
3 5097 5102 5100 
3 808 814 807 
3 804 808 807 
3 510 512 513 
3 513 511 510 
3 1066 1080 1063 
3 1066 1060 1062 
3 1063 1060 1066 
3 1895 1899 1897 
3 1897 1892 1895 
3 1360 1046 1043 
3 1360 1043 1363 
3 1363 1362 1360 
3 60 59 52 
3 52 48 55 
3 52 55 60 
3 2464 2460 2459 
3 2459 2457 2463 
3 2463 2464 2459 
3 2091 2153 2152 
3 5736 5738 5730 
3 5730 5738 5708 
3 321 322 317 
3 3699 3693 3678 
3 3678 3674 3699 
3 4785 4781 4784 
3 4784 4788 4789 
3 4784 4789 4785 
3 3992 3993 3988 
3 3991 3992 3988 
3 3988 3973 3991 
3 3975 3973 3988 
3 804 807 799 
3 807 803 799 
3 793 804 799 
3 5102 5173 5167 
3 5102 5104 5100 
3 5167 5104 5102 
3 821 820 814 
3 808 812 814 
3 814 812 821 
3 1086 1089 1161 
3 1161 1080 1086 
3 1889 1890 1893 
3 1893 1892 1889 
3 1044 1042 1046 
3 1046 1042 1043 
3 1624 1623 1620 
3 1624 1620 1621 
3 1621 1622 1624 
3 2460 2464 2462 
3 2460 2462 2461 
3 692 697 693 
3 693 690 689 
3 693 689 688 
3 693 688 692 
3 315 317 322 
3 318 315 322 
3 322 324 318 
3 3699 3697 3693 
3 3693 3697 3694 
3 5049 3165 3169 
3 5049 3169 3173 
3 5049 3173 5046 
3 2431 2428 2433 
3 4997 4990 4995 
3 4992 4989 5754 
3 5754 5758 4992 
3 4781 4785 4780 
3 4780 4777 4781 
3 779 770 773 
3 773 781 779 
3 5173 5174 5168 
3 5173 5168 5167 
3 829 822 820 
3 828 829 820 
3 820 821 828 
3 1162 1089 1095 
3 1095 1096 1156 
3 1095 1156 1160 
3 1095 1160 1162 
3 1887 1886 1890 
3 1890 1889 1887 
3 1042 1044 1039 
3 1041 1043 1042 
3 1039 1038 1042 
3 2457 2456 2468 
3 2468 2463 2457 
3 2153 2162 2158 
3 2158 2152 2153 
3 2153 2160 2162 
3 4095 4096 4051 
3 4095 4051 4092 
3 696 700 697 
3 697 692 696 
3 3692 3688 3690 
3 3690 3694 3692 
3 3165 3167 3169 
3 3162 3167 3165 
3 3165 3161 3162 
3 2383 2428 2379 
3 4788 4918 4910 
3 4791 4789 4788 
3 4901 4791 4788 
3 4788 4910 4901 
3 4546 4553 4551 
3 4537 4542 4546 
3 4540 4537 4546 
3 4545 4540 4546 
3 4546 4551 4545 
3 3981 3979 3985 
3 3985 3984 3981 
3 807 810 803 
3 2842 2846 2849 
3 2844 2842 2849 
3 2916 2844 2849 
3 2849 2857 2916 
3 5101 5100 5104 
3 5104 5167 5109 
3 5104 5109 5106 
3 5106 5101 5104 
3 823 816 819 
3 819 824 823 
3 1089 1162 1161 
3 1478 1472 1466 
3 1044 1045 1039 
3 2202 2207 2206 
3 3308 3312 3311 
3 3311 3309 3308 
3 4486 4491 4492 
3 4605 4486 4492 
3 4048 4051 4096 
3 4098 4044 4096 
3 4096 4044 4048 
3 1849 1853 1846 
3 700 696 701 
3 145 144 139 
3 3669 3667 3664 
3 3669 3664 3663 
3 3168 3169 3167 
3 3167 3162 3166 
3 3167 3166 3168 
3 2430 2433 2428 
3 2383 2430 2428 
3 4354 4345 4344 
3 5502 5503 5499 
3 5508 5503 5502 
3 4918 4931 4926 
3 4918 4926 4917 
3 4917 4910 4918 
3 4559 4551 4553 
3 4196 4188 4194 
3 2846 2842 2841 
3 2846 2841 2843 
3 3580 2789 2792 
3 3580 2792 3585 
3 1061 1063 1080 
3 1080 1161 1061 
3 1472 1473 1465 
3 1472 1465 1462 
3 1462 1466 1472 
3 1366 1363 1043 
3 1040 1366 1043 
3 1043 1041 1040 
3 2207 2202 2204 
3 2208 2216 2207 
3 2204 2208 2207 
3 1939 1940 1936 
3 1932 1935 1936 
3 1936 1935 1939 
3 4612 4627 4620 
3 4612 4620 4614 
3 4614 4610 4612 
3 4053 4092 4051 
3 4051 4048 4049 
3 4049 4053 4051 
3 690 687 686 
3 686 689 690 
3 1319 1318 1321 
3 144 317 143 
3 144 143 141 
3 141 139 144 
3 3666 3667 3668 
3 3513 3666 3668 
3 3169 3168 3172 
3 3169 3172 3173 
3 5498 5499 5503 
3 5503 5508 5509 
3 5503 5509 5507 
3 5503 5507 5501 
3 5501 5498 5503 
3 4778 4939 4931 
3 4931 4939 4937 
3 4937 4926 4931 
3 4574 4569 4693 
3 4689 4574 4693 
3 4693 4691 4689 
3 765 768 755 
3 763 770 765 
3 765 755 758 
3 765 758 763 
3 2847 2845 2840 
3 2847 2840 801 
3 2847 801 798 
3 2789 2788 2793 
3 2793 2792 2789 
3 1565 1569 1562 
3 1100 1096 1092 
3 1092 1093 1100 
3 1467 1465 1473 
3 1473 1471 1467 
3 1362 1363 1367 
3 1367 1364 1362 
3 1994 1983 1977 
3 1977 1979 1994 
3 1940 1939 1944 
3 4627 4636 4635 
3 4627 4635 4628 
3 4627 4628 4620 
3 1318 1319 1317 
3 1317 1313 1318 
3 317 315 143 
3 3667 3666 3664 
3 5499 5498 5451 
3 4939 4778 4940 
3 4939 4940 4942 
3 4939 4943 4937 
3 4942 4943 4939 
3 5329 4539 4536 
3 5329 4536 5331 
3 5329 5331 5327 
3 5332 5324 5328 
3 5332 5328 5334 
3 5338 5341 5332 
3 5334 5338 5332 
3 768 761 755 
3 2845 2843 2840 
3 5195 5192 5191 
3 5191 5189 5195 
3 5195 5197 5192 
3 816 823 818 
3 816 818 751 
3 520 525 527 
3 520 527 521 
3 520 521 516 
3 1103 1156 1096 
3 1100 1103 1096 
3 1465 1467 1461 
3 1465 1461 1458 
3 1458 1462 1465 
3 1369 1367 1363 
3 1363 1366 1369 
3 1983 1994 1991 
3 1935 1930 1933 
3 1935 1932 1930 
3 1935 1933 1937 
3 1935 1937 1939 
3 4639 4635 4636 
3 4666 4671 4804 
3 4804 4809 4666 
3 5739 5708 5738 
3 1319 47 1315 
3 1314 1317 1319 
3 1315 1314 1319 
3 311 143 315 
3 312 311 315 
3 315 318 312 
3 3661 3664 3666 
3 3518 3661 3666 
3 3666 3513 3515 
3 3666 3515 3518 
3 2174 2170 2177 
3 2177 2170 2171 
3 4920 4917 4926 
3 4930 4920 4926 
3 4926 4937 4930 
3 4534 4535 4539 
3 4539 4535 4536 
3 4539 4538 4534 
3 5320 5328 5324 
3 5324 5317 5320 
3 770 767 773 
3 770 763 767 
3 5027 5029 5032 
3 2784 2782 2786 
3 2780 2782 2784 
3 2786 2788 2784 
3 528 527 525 
3 1056 1062 1060 
3 1060 1063 1057 
3 1053 1056 1060 
3 1060 1057 1053 
3 1884 1883 1886 
3 1886 1887 1884 
3 388 394 392 
3 392 240 252 
3 392 252 258 
3 385 388 392 
3 392 258 385 
3 1923 1926 1932 
3 1932 1926 1930 
3 1932 1929 1923 
3 4632 4628 4635 
3 4635 4639 4637 
3 4635 4637 4632 
3 4666 4668 4671 
3 1806 1810 1812 
3 1812 1809 1806 
3 5737 5736 5733 
3 143 311 140 
3 140 141 143 
3 3658 3663 3664 
3 3655 3658 3664 
3 3664 3661 3655 
3 3161 3157 3162 
3 2161 2171 2170 
3 4773 4940 4778 
3 4542 4537 4538 
3 4569 4574 4572 
3 4183 4184 4189 
3 4189 4188 4183 
3 2783 2786 2782 
3 2782 2780 2779 
3 2782 2779 2783 
3 529 521 527 
3 527 530 531 
3 531 529 527 
3 1878 1879 1883 
3 1883 1884 1878 
3 1364 1365 1361 
3 1918 1923 1929 
3 4624 4620 4628 
3 4628 4629 4624 
3 4628 4632 4629 
3 4810 4666 4809 
3 1806 2413 1810 
3 1810 2413 2410 
3 5737 5740 5736 
3 306 140 311 
3 312 306 311 
3 3674 3660 3665 
3 3665 3705 3674 
3 3156 3162 3157 
3 3157 3121 3156 
3 5043 5045 5046 
3 4940 4773 4768 
3 4944 4942 4940 
3 4768 4944 4940 
3 4533 4538 4537 
3 4532 4533 4537 
3 4540 4532 4537 
3 4583 4572 4574 
3 4574 4689 4583 
3 4184 4183 4178 
3 4184 4178 4179 
3 2788 2786 2790 
3 2788 2790 2793 
3 1061 1057 1063 
3 1474 1470 1468 
3 1474 1468 1476 
3 1208 1140 2642 
3 2642 1140 2646 
3 2642 2646 2643 
3 244 252 240 
3 240 236 244 
3 2441 2443 2445 
3 3279 2441 2445 
3 4621 4614 4620 
3 4624 4621 4620 
3 771 1566 1559 
3 766 771 776 
3 776 778 769 
3 769 766 776 
3 5740 5737 5784 
3 1381 1379 1384 
3 3660 3662 3657 
3 3674 3662 3660 
3 3660 3657 3654 
3 3162 3156 3159 
3 3162 3159 3166 
3 2171 2161 2163 
3 4789 4791 4790 
3 4790 4785 4789 
3 4535 4534 4420 
3 4535 4421 4425 
3 4420 4421 4535 
3 4535 4425 4536 
3 4572 4583 4579 
3 4579 4573 4572 
3 1734 1733 1738 
3 1738 2872 1739 
3 1738 1739 1734 
3 2786 2783 2790 
3 2258 2265 2256 
3 1093 1099 1100 
3 1094 1099 1093 
3 1437 1468 1470 
3 1470 1888 1891 
3 1470 1891 1437 
3 1208 1141 1140 
3 252 244 256 
3 256 258 252 
3 2440 2446 2444 
3 2444 2443 2440 
3 2314 2317 2310 
3 2313 2349 2314 
3 2312 2313 2314 
3 2310 2312 2314 
3 4666 4662 4668 
3 685 688 689 
3 689 686 685 
3 1385 1384 1379 
3 1379 1378 1385 
3 3699 3674 3705 
3 3710 3699 3705 
3 4793 4790 4791 
3 4791 4901 4855 
3 4791 4855 4848 
3 4848 4793 4791 
3 4533 4534 4538 
3 4690 4689 4691 
3 1733 1734 1730 
3 824 826 850 
3 848 823 824 
3 850 848 824 
3 1573 1590 1569 
3 1569 1565 1573 
3 2601 2598 2600 
3 2607 2605 2601 
3 2600 2607 2601 
3 1469 1476 1468 
3 1464 1469 1468 
3 1468 1437 1436 
3 1436 1464 1468 
3 1141 1208 1207 
3 1144 1139 1141 
3 1207 1144 1141 
3 238 244 236 
3 236 233 238 
3 2446 2453 2456 
3 2456 2453 2468 
3 2309 2310 2317 
3 2318 2309 2317 
3 2317 2324 2318 
3 1775 1774 1770 
3 1778 1774 1775 
3 1775 1771 1776 
3 1770 1771 1775 
3 1775 1776 1780 
3 1782 1778 1775 
3 1780 1782 1775 
3 1925 1922 1921 
3 1921 1922 1916 
3 2353 1925 1921 
3 1911 1881 1874 
3 1385 1388 1384 
3 5246 5546 5551 
3 5551 5557 5239 
3 5551 5239 5246 
3 3659 3657 3662 
3 3662 3663 3659 
3 3152 3156 3121 
3 3120 3152 3121 
3 2309 2305 2310 
3 4785 4790 4787 
3 4787 4780 4785 
3 4534 4533 4528 
3 4528 4420 4534 
3 4687 4583 4689 
3 4689 4690 4687 
3 5780 5807 5223 
3 5225 5227 5780 
3 5223 5225 5780 
3 822 829 826 
3 2254 2249 2252 
3 2260 2258 2254 
3 2254 2252 2260 
3 2596 2600 2598 
3 1469 1475 1476 
3 250 256 244 
3 242 250 244 
3 238 242 244 
3 2453 2446 2442 
3 2453 2442 2447 
3 2447 2473 2453 
3 2473 2468 2453 
3 2349 2313 2352 
3 1922 1925 1924 
3 1919 1916 1922 
3 1924 1919 1922 
3 688 685 684 
3 684 692 688 
3 1388 1385 1389 
3 1389 1392 1388 
3 3657 3659 3653 
3 3657 3653 3651 
3 3651 3654 3657 
3 3153 3159 3156 
3 3152 3153 3156 
3 2114 2110 2113 
3 2305 2309 2302 
3 2299 2298 2305 
3 2302 2299 2305 
3 4792 4787 4790 
3 4790 4793 4792 
3 4529 4528 4533 
3 4532 4529 4533 
3 4585 4579 4583 
3 4589 4585 4583 
3 4583 4687 4589 
3 3836 3838 3835 
3 3835 3834 3836 
3 3831 3834 3835 
3 829 841 845 
3 845 826 829 
3 829 828 835 
3 829 835 841 
3 2249 2244 2252 
3 1887 1888 1880 
3 1884 1887 1880 
3 1878 1884 1880 
3 2645 2643 2646 
3 1635 1632 1642 
3 1651 1647 1642 
3 2440 2442 2446 
3 2313 2312 2311 
3 1931 2352 2313 
3 2313 2311 1931 
3 1773 1776 1771 
3 1771 1770 1765 
3 1771 2506 1773 
3 1771 2510 2506 
3 1765 2510 1771 
3 1927 1928 1925 
3 1925 2353 1927 
3 1928 1924 1925 
3 682 685 686 
3 686 683 682 
3 3658 3659 3663 
3 3164 3166 3159 
3 2110 2114 2109 
3 2109 2105 2110 
3 1992 1990 1996 
3 2031 1011 1992 
3 1992 1996 2031 
3 2306 2302 2309 
3 2309 2318 2316 
3 2309 2316 2306 
3 4771 4773 4777 
3 4777 4780 4772 
3 4772 4771 4777 
3 3974 3991 3973 
3 3973 3975 3969 
3 3973 3969 3970 
3 3973 3970 3974 
3 3842 3838 2912 
3 2908 2905 3842 
3 2912 2908 3842 
3 5033 5030 5032 
3 5038 5033 5032 
3 2680 2681 2679 
3 2676 2680 2679 
3 849 850 826 
3 845 849 826 
3 1262 1266 1275 
3 1275 1268 1262 
3 2606 2610 2607 
3 2607 2600 2606 
3 1892 1891 1888 
3 1889 1892 1888 
3 1887 1889 1888 
3 2645 2638 2643 
3 458 455 452 
3 458 454 461 
3 452 454 458 
3 1632 1635 1629 
3 1626 1630 1632 
3 1629 1626 1632 
3 2442 2440 2438 
3 2442 2438 2425 
3 2442 2425 2423 
3 2423 2447 2442 
3 2308 2311 2312 
3 2307 2308 2312 
3 2310 2307 2312 
3 2498 2495 1776 
3 1773 2498 1776 
3 2495 1780 1776 
3 2352 1927 2353 
3 680 684 685 
3 682 680 685 
3 132 1385 1378 
3 135 132 1378 
3 3658 3653 3659 
3 3166 3164 3171 
3 3171 3168 3166 
3 5624 5628 5623 
3 5629 5628 5624 
3 5624 5621 5627 
3 5617 5621 5624 
3 5624 5627 5629 
3 5624 5623 5617 
3 1995 1990 1993 
3 1993 1991 1997 
3 1993 1997 1995 
3 2298 2299 2293 
3 5304 5299 5298 
3 5298 4563 4562 
3 4562 5301 5298 
3 5298 5301 5304 
3 4773 4771 4768 
3 3991 3974 3995 
3 3838 3836 2918 
3 2918 2912 3838 
3 1275 1277 1268 
3 1277 1273 1268 
3 1599 1592 1594 
3 1599 1594 1602 
3 1599 1602 1608 
3 1475 1469 1471 
3 1139 1143 1138 
3 1146 1143 1139 
3 1139 1144 1146 
3 453 455 457 
3 457 582 453 
3 1914 1863 1916 
3 1916 1919 1914 
3 691 696 692 
3 692 684 691 
3 1385 132 127 
3 1390 1389 1385 
3 127 1390 1385 
3 3647 3651 3653 
3 3653 3658 3652 
3 3653 3652 3648 
3 3653 3648 3647 
3 5628 5631 5623 
3 5634 5631 5628 
3 5628 5629 5634 
3 1995 1996 1990 
3 2295 2293 2299 
3 2299 2302 2295 
3 5304 5300 5299 
3 4787 4782 4780 
3 4780 4782 4772 
3 3971 3975 3979 
3 3977 3971 3979 
3 3981 3977 3979 
3 2905 2908 2901 
3 2901 2900 2905 
3 851 818 823 
3 823 848 851 
3 521 523 515 
3 529 523 521 
3 515 516 521 
3 1056 1053 1052 
3 1052 1054 1056 
3 1463 1471 1469 
3 1469 1464 1463 
3 1142 1138 1143 
3 1143 1146 1147 
3 1148 1142 1143 
3 1143 1147 1148 
3 2184 2178 2175 
3 2184 2175 2179 
3 2184 2189 2188 
3 2186 2189 2184 
3 2184 2188 2182 
3 2183 2186 2184 
3 2184 2179 2183 
3 453 452 455 
3 1626 1625 1630 
3 1782 1783 1778 
3 694 701 696 
3 696 691 694 
3 132 135 130 
3 130 127 132 
3 3651 3650 3654 
3 3654 3650 3649 
3 3152 3120 3126 
3 5625 5627 5621 
3 5621 5617 5619 
3 5621 5619 5622 
3 2293 2295 2289 
3 2293 2289 2281 
3 4564 4562 4563 
3 4563 4695 4564 
3 4782 4787 4786 
3 4774 4772 4782 
3 4782 4786 4774 
3 1242 1243 1246 
3 1246 1247 1242 
3 3975 3971 3969 
3 2908 2912 2907 
3 2908 2907 2901 
3 5075 5073 5226 
3 5226 5224 5222 
3 5226 5222 5078 
3 5226 5078 5075 
3 5159 5168 5160 
3 5160 5163 5156 
3 5160 5156 5151 
3 5151 5159 5160 
3 743 751 818 
3 739 743 818 
3 818 851 739 
3 534 515 523 
3 523 529 532 
3 523 532 534 
3 1055 1053 1057 
3 1057 1061 1055 
3 1471 1463 1467 
3 1138 1142 1133 
3 1625 1626 1615 
3 1625 1615 1617 
3 1617 1623 1625 
3 4661 4662 4657 
3 4656 4655 4661 
3 4661 4657 4656 
3 764 767 759 
3 760 764 759 
3 134 130 135 
3 135 139 134 
3 3650 3651 3647 
3 3646 3649 3650 
3 3650 3647 3646 
3 2154 2163 2161 
3 2296 2295 2302 
3 2302 2306 2296 
3 5305 5303 5300 
3 5300 5304 5305 
3 4787 4792 4794 
3 4794 4786 4787 
3 1746 1749 1241 
3 1241 1243 1238 
3 1241 1238 1233 
3 1241 1233 1746 
3 3962 3969 3971 
3 3968 3959 3971 
3 3971 3959 3962 
3 3977 3968 3971 
3 2928 3836 3834 
3 3834 3831 3830 
3 3834 3830 3622 
3 3619 2928 3834 
3 3622 3619 3834 
3 5073 5075 5071 
3 5073 5071 5766 
3 5159 5167 5168 
3 2969 2965 2959 
3 2966 2969 2959 
3 2959 2952 2966 
3 516 515 507 
3 507 511 516 
3 1051 1052 1053 
3 1050 1051 1053 
3 1053 1055 1050 
3 5657 5650 5654 
3 5654 5661 5657 
3 1144 1207 1206 
3 1206 1146 1144 
3 2165 2179 2175 
3 2175 2168 2166 
3 2175 2166 2165 
3 1613 1615 1626 
3 1626 1629 1613 
3 4662 4666 4665 
3 4658 4657 4662 
3 4662 4665 4658 
3 767 764 773 
3 5626 5623 5631 
3 5631 5634 5638 
3 5638 5626 5631 
3 5761 5765 5759 
3 5761 5759 5756 
3 2287 2289 2295 
3 2295 2296 2287 
3 5303 5311 5312 
3 5303 5305 5311 
3 5312 5302 5303 
3 4771 4772 4766 
3 4771 4766 4768 
3 1746 1748 1749 
3 4577 4571 4573 
3 4573 4579 4577 
3 3836 2928 2925 
3 2925 2918 3836 
3 5220 5222 5224 
3 5224 5219 5220 
3 2965 2969 2978 
3 2967 2961 2965 
3 2965 2978 2974 
3 2974 2967 2965 
3 515 534 506 
3 515 506 507 
3 1054 1052 1049 
3 1049 681 1054 
3 5643 5646 5650 
3 5646 5654 5650 
3 1207 1210 1206 
3 2193 2188 2189 
3 2189 2186 2194 
3 2194 2193 2189 
3 1612 1617 1615 
3 1615 1613 1611 
3 1615 1611 1612 
3 1785 1784 1783 
3 1783 1782 1787 
3 1787 1785 1783 
3 5403 5404 5417 
3 5417 5419 5407 
3 5417 5407 5403 
3 778 773 764 
3 769 778 764 
3 760 769 764 
3 1389 1390 1395 
3 5675 5677 5680 
3 5680 5577 5675 
3 5616 5617 5623 
3 5618 5616 5623 
3 5623 5626 5618 
3 5766 5759 5765 
3 2275 2281 2289 
3 2276 2275 2289 
3 2289 2287 2276 
3 5513 5516 5518 
3 5509 5508 5513 
3 5511 5509 5513 
3 5513 5518 5511 
3 1243 1242 1238 
3 4571 4577 4570 
3 4570 4559 4571 
3 3831 3828 3830 
3 5150 5151 5156 
3 2969 2966 2975 
3 2969 2975 2979 
3 2969 2979 2978 
3 2527 2525 2528 
3 2528 2525 2521 
3 2521 2529 2528 
3 2193 2191 2188 
3 2188 2191 2190 
3 1623 1617 1620 
3 2092 2098 2100 
3 2092 2100 2096 
3 1784 1785 1790 
3 2271 2023 2273 
3 2271 2273 2274 
3 121 1395 1390 
3 1390 127 121 
3 5614 5615 5612 
3 5619 5615 5614 
3 3658 3655 3652 
3 2112 2109 2114 
3 2119 2115 2114 
3 2114 2115 2112 
3 5759 5758 5754 
3 5766 5758 5759 
3 5754 5756 5759 
3 5531 5518 5516 
3 3964 3970 3969 
3 3969 3962 3964 
3 3828 3823 3633 
3 3828 3633 3628 
3 3628 3830 3828 
3 5118 5109 5167 
3 5167 5159 5118 
3 2967 2962 2961 
3 2525 2527 2523 
3 2520 2521 2525 
3 2525 2523 2520 
3 2568 2564 2569 
3 1616 1620 1617 
3 1617 1612 1614 
3 1617 1614 1616 
3 569 575 570 
3 569 570 564 
3 2106 2100 2098 
3 1782 1780 1786 
3 1786 1787 1782 
3 701 694 698 
3 698 704 701 
3 50 1315 47 
3 1395 121 0 
3 5643 5638 5634 
3 5634 5641 5643 
3 2300 2306 2316 
3 2316 2323 2320 
3 2320 2300 2316 
3 4204 4205 4203 
3 4416 4205 4204 
3 4204 4203 5357 
3 4204 4423 4416 
3 5355 4423 4204 
3 5357 5355 4204 
3 3967 3974 3970 
3 3970 3964 3967 
3 3628 3624 3830 
3 3624 3622 3830 
3 5109 5118 5114 
3 5114 5106 5109 
3 751 743 745 
3 529 531 535 
3 529 535 532 
3 2526 2531 2529 
3 2529 2521 2522 
3 2529 2522 2526 
3 1365 1364 1368 
3 1365 1368 1398 
3 1365 1398 1405 
3 2186 2183 2187 
3 2187 2194 2186 
3 1618 1621 1620 
3 1620 1616 1618 
3 2443 2441 2439 
3 2436 2440 2443 
3 2439 2436 2443 
3 1780 2495 1786 
3 675 691 684 
3 684 680 673 
3 673 675 684 
3 5681 5680 5677 
3 5617 5616 5613 
3 5613 5615 5617 
3 5617 5615 5619 
3 2300 2296 2306 
3 5301 4562 4557 
3 5306 5304 5301 
3 5301 4557 5306 
3 4202 4203 4205 
3 4205 4416 4209 
3 4205 4209 4207 
3 4207 4202 4205 
3 3974 3967 3972 
3 3972 3995 3974 
3 4180 4183 4188 
3 4188 4196 4186 
3 4188 4186 4180 
3 5151 5118 5159 
3 741 745 743 
3 735 741 743 
3 743 739 735 
3 3325 2523 2527 
3 1367 1368 1364 
3 2180 2183 2179 
3 2179 2165 2173 
3 2179 2173 2180 
3 2760 2755 2757 
3 2757 836 2760 
3 2441 3279 3240 
3 2441 3240 2437 
3 2437 2439 2441 
3 1785 1787 1789 
3 1789 1790 1785 
3 668 694 691 
3 691 675 668 
3 4479 4471 4483 
3 4483 4471 4455 
3 4483 4484 4479 
3 4490 4484 4483 
3 4455 4485 4483 
3 4483 4485 4489 
3 4489 4490 4483 
3 3646 3643 3649 
3 5616 5618 5610 
3 5610 5613 5616 
3 2323 2326 2320 
3 4561 4557 4562 
3 4562 4564 4561 
3 4905 4901 4910 
3 4910 4917 4912 
3 4912 4905 4910 
3 4203 4202 4200 
3 4203 4200 4201 
3 4201 5357 4203 
3 4586 4577 4579 
3 4579 4585 4586 
3 4176 4178 4183 
3 4183 4180 4176 
3 5118 5151 5121 
3 5121 5114 5118 
3 5723 5727 5728 
3 5723 5728 5725 
3 5723 5725 5722 
3 5723 5720 5719 
3 5722 5720 5723 
3 2265 2258 2267 
3 2265 2267 2278 
3 2538 2539 2531 
3 2531 2526 2524 
3 2531 2524 2538 
3 1396 1398 1368 
3 1368 1367 1380 
3 1380 1396 1368 
3 2180 2187 2183 
3 2754 2757 2755 
3 2755 2751 2754 
3 81 83 86 
3 76 83 81 
3 81 86 152 
3 81 152 151 
3 81 74 76 
3 151 74 81 
3 2100 2106 2102 
3 2102 2096 2100 
3 1787 1786 1793 
3 1793 1789 1787 
3 668 698 694 
3 4471 4479 4469 
3 4458 4455 4471 
3 4471 4469 4466 
3 4471 4466 4461 
3 4461 4458 4471 
3 3644 3647 3648 
3 3648 3645 3644 
3 3643 3646 3640 
3 3643 3640 3639 
3 2300 2291 2296 
3 2296 2291 2287 
3 5304 5306 5310 
3 5308 5305 5304 
3 5310 5308 5304 
3 4862 4855 4901 
3 4901 4905 4899 
3 4901 4899 4862 
3 5355 5351 4423 
3 4423 5351 4422 
3 4423 4418 4416 
3 4422 4418 4423 
3 4577 4586 4581 
3 4576 4570 4577 
3 4577 4581 4576 
3 4173 4179 4178 
3 4176 4173 4178 
3 2258 2260 2267 
3 2539 2538 2544 
3 1432 1437 1891 
3 1891 1892 1897 
3 1891 1897 1432 
3 1402 1405 1398 
3 1398 1396 1402 
3 1879 1878 1873 
3 1879 1873 1877 
3 87 86 83 
3 83 76 80 
3 85 87 83 
3 80 85 83 
3 2106 2111 2107 
3 2107 2102 2106 
3 4810 4665 4666 
3 672 673 680 
3 680 682 677 
3 680 677 672 
3 4482 4479 4484 
3 4487 4482 4484 
3 4484 4490 4491 
3 4484 4491 4487 
3 3641 3646 3647 
3 3647 3644 3641 
3 3482 3479 3477 
3 2291 2300 2294 
3 2291 2294 2286 
3 4556 4552 4557 
3 4560 4556 4557 
3 4557 4561 4560 
3 4552 5306 4557 
3 4851 4848 4855 
3 4858 4851 4855 
3 4855 4862 4858 
3 5351 5355 5353 
3 5351 5353 5349 
3 4424 4422 5351 
3 5351 5349 5348 
3 5351 5344 4424 
3 5348 5344 5351 
3 1706 1702 3995 
3 3995 3972 1706 
3 5729 5725 5728 
3 5728 5734 5735 
3 5732 5729 5728 
3 5735 5732 5728 
3 2517 2522 2521 
3 2521 2520 2471 
3 2471 2517 2521 
3 1430 1436 1437 
3 1437 1432 1430 
3 1410 1412 1405 
3 1402 1410 1405 
3 2157 2165 2166 
3 2159 2157 2166 
3 2201 2999 2198 
3 2199 2202 2201 
3 2201 2198 2199 
3 1878 1870 1869 
3 1878 1869 1873 
3 254 152 86 
3 86 87 268 
3 268 254 86 
3 2158 2151 2152 
3 4656 4649 4655 
3 675 673 669 
3 669 668 675 
3 5390 5392 5387 
3 4482 4474 4479 
3 4479 4474 4469 
3 3076 3081 3077 
3 3646 3642 3640 
3 3641 3642 3646 
3 2320 2294 2300 
3 4552 5310 5306 
3 4920 4912 4917 
3 4417 4416 4418 
3 4418 4422 4417 
3 1263 1267 1266 
3 1263 1265 1267 
3 2676 2679 2674 
3 2674 2668 2673 
3 2679 3446 2674 
3 2673 2676 2674 
3 2680 2682 2683 
3 2677 2682 2680 
3 2680 2676 2677 
3 2519 2526 2522 
3 2522 2517 2518 
3 2522 2518 2519 
3 1464 1436 1438 
3 1464 1438 1463 
3 2999 3003 2998 
3 2197 2198 2999 
3 156 151 152 
3 152 254 248 
3 152 248 156 
3 4649 4656 4648 
3 4645 4644 4649 
3 4649 4648 4645 
3 766 762 771 
3 667 669 673 
3 672 667 673 
3 4455 4446 4485 
3 4485 4446 4488 
3 4488 4489 4485 
3 3081 3076 3080 
3 3080 3086 3081 
3 3455 3477 3479 
3 3479 4623 3455 
3 3635 3640 3642 
3 3642 3641 3635 
3 4848 4842 4793 
3 4793 4842 4796 
3 4796 4792 4793 
3 4211 4209 4416 
3 4416 4417 4412 
3 4416 4412 4404 
3 4416 4213 4211 
3 4404 4213 4416 
3 4589 4586 4585 
3 2623 2668 2667 
3 2667 2619 2623 
3 2687 2683 2682 
3 2682 2677 2678 
3 2685 2687 2682 
3 2682 2678 2685 
3 5724 5722 5725 
3 5725 5729 5724 
3 2519 2524 2526 
3 1431 1438 1436 
3 1436 1430 1431 
3 2564 2562 1756 
3 1750 2569 2564 
3 2564 1756 1753 
3 1753 1750 2564 
3 3001 2998 3003 
3 3005 3001 3003 
3 451 461 454 
3 454 452 448 
3 448 451 454 
3 1621 1618 1619 
3 73 76 74 
3 74 151 70 
3 69 73 74 
3 70 69 74 
3 4648 4656 4657 
3 4654 4648 4657 
3 4657 4658 4654 
3 127 130 125 
3 123 121 127 
3 127 125 123 
3 4446 4455 4443 
3 4440 4488 4446 
3 4443 4440 4446 
3 3075 3080 3076 
3 3076 3071 3075 
3 3477 3455 3461 
3 3637 3639 3640 
3 3632 3637 3640 
3 3635 3632 3640 
3 5613 5612 5615 
3 4842 4848 4851 
3 4842 4851 4847 
3 4833 4796 4842 
3 4842 4847 4840 
3 4842 4840 4833 
3 4211 4207 4209 
3 4586 4589 4588 
3 4586 4588 4581 
3 2669 2673 2668 
3 2668 2623 2663 
3 2663 2669 2668 
3 2687 2689 2683 
3 5720 5717 5716 
3 5718 5717 5720 
3 5720 5722 5718 
3 2467 2520 2523 
3 3322 2467 2523 
3 3325 3322 2523 
3 1441 1463 1438 
3 1435 1441 1438 
3 1438 1431 1429 
3 1429 1435 1438 
3 1761 1756 2562 
3 2510 1761 2562 
3 2512 2510 2562 
3 2169 2173 2165 
3 2165 2157 2149 
3 2149 2156 2165 
3 2165 2156 2169 
3 463 466 461 
3 461 451 456 
3 461 456 463 
3 388 385 382 
3 386 390 388 
3 388 382 386 
3 73 80 76 
3 4663 4658 4665 
3 4810 4663 4665 
3 128 125 130 
3 130 134 128 
3 5608 5612 5609 
3 5608 5609 5606 
3 4450 4443 4455 
3 4458 4450 4455 
3 1122 1114 1119 
3 2105 2109 924 
3 5612 5613 5609 
3 5305 5308 5311 
3 5355 5356 5353 
3 5357 5356 5355 
3 4715 4707 4711 
3 2679 3458 3446 
3 3458 3452 3446 
3 2676 2673 2672 
3 2676 2672 2677 
3 2466 2471 2520 
3 2467 2466 2520 
3 1461 1467 1463 
3 1453 1461 1463 
3 1463 1441 1453 
3 1129 1133 1142 
3 1145 1129 1142 
3 1142 1148 1149 
3 1142 1149 1145 
3 2174 2180 2173 
3 2173 2169 2167 
3 2173 2167 2174 
3 446 448 452 
3 452 453 449 
3 452 449 446 
3 264 385 258 
3 258 256 260 
3 260 264 258 
3 151 156 155 
3 153 70 151 
3 151 155 153 
3 5575 5574 5577 
3 5577 5680 5575 
3 1114 1122 1110 
3 1107 1111 1114 
3 1106 1107 1114 
3 1114 1110 1106 
3 5613 5610 5609 
3 5308 5310 5314 
3 5308 5314 5311 
3 4852 4847 4851 
3 4851 4858 4852 
3 5356 5362 5363 
3 5363 5358 5356 
3 5358 5353 5356 
3 5356 5357 5362 
3 1704 1700 1702 
3 1702 1706 1704 
3 3452 3460 3450 
3 3459 3460 3452 
3 3458 3459 3452 
3 2669 2672 2673 
3 1052 1051 1047 
3 1047 1049 1052 
3 2334 2339 2341 
3 2341 2339 2345 
3 2341 2342 2337 
3 2345 2342 2341 
3 2341 2337 2334 
3 2199 2204 2202 
3 468 472 466 
3 463 468 466 
3 385 380 382 
3 264 380 385 
3 87 85 89 
3 89 268 87 
3 4645 4639 4644 
3 2 0 121 
3 119 2 121 
3 121 123 119 
3 5575 5570 5574 
3 1122 1129 1124 
3 1122 1124 1108 
3 1108 1110 1122 
3 3632 3634 3637 
3 2290 2286 2294 
3 2294 2320 2315 
3 2294 2315 2290 
3 4792 4796 4797 
3 4797 4794 4792 
3 5358 5354 5353 
3 5354 5349 5353 
3 4710 4692 4707 
3 4707 4715 4710 
3 2621 2623 2619 
3 2619 2617 2621 
3 2671 2677 2672 
3 2672 2669 2665 
3 2672 2665 2671 
3 5724 5718 5722 
3 197 1047 1051 
3 1051 1050 197 
3 2339 2334 2331 
3 2344 2345 2339 
3 2338 2344 2339 
3 2331 2338 2339 
3 1367 1369 1375 
3 1375 1380 1367 
3 475 477 472 
3 472 468 471 
3 472 471 475 
3 1629 1610 1613 
3 85 80 84 
3 85 84 90 
3 85 90 89 
3 4639 4645 4640 
3 4639 4640 4637 
3 667 672 670 
3 667 670 666 
3 122 123 125 
3 125 128 122 
3 4474 4482 4478 
3 4474 4478 4475 
3 4472 4469 4474 
3 4474 4475 4472 
3 1145 1124 1129 
3 3636 3641 3644 
3 2286 2290 2284 
3 3208 3206 3209 
3 4796 4833 4826 
3 4826 4797 4796 
3 4196 4194 4202 
3 4194 4200 4202 
3 4202 4207 4196 
3 4692 4710 4688 
3 4692 4688 4686 
3 4686 4690 4692 
3 2624 2663 2623 
3 2623 2621 2624 
3 2671 2678 2677 
3 1588 1594 1592 
3 1585 1588 1592 
3 2340 2337 2342 
3 2342 2345 2347 
3 2342 2347 2343 
3 2342 2343 2340 
3 1370 1369 1366 
3 1366 1040 1370 
3 481 482 477 
3 477 475 481 
3 1610 1608 1613 
3 79 84 80 
3 80 73 79 
3 4642 4645 4648 
3 4654 4647 4648 
3 4648 4647 4642 
3 1877 1874 1881 
3 123 122 119 
3 4481 4478 4482 
3 4482 4487 4481 
3 1145 1108 1124 
3 3630 3635 3641 
3 3641 3636 3630 
3 5607 5609 5610 
3 5604 5607 5610 
3 2328 2320 2326 
3 4194 4195 4200 
3 4199 4201 4200 
3 4195 4199 4200 
3 1700 1704 1701 
3 1697 1698 1700 
3 1700 1701 1697 
3 2612 3381 2608 
3 2609 2613 2612 
3 2612 2608 2609 
3 5651 5645 5648 
3 5658 5653 5651 
3 5655 5658 5651 
3 5648 5655 5651 
3 535 536 537 
3 535 537 532 
3 1597 1602 1594 
3 1595 1597 1594 
3 1593 1595 1594 
3 1588 1593 1594 
3 2333 2334 2337 
3 2336 2333 2337 
3 2337 2340 2336 
3 1369 1370 1372 
3 1372 1375 1369 
3 1611 1613 1608 
3 1608 1603 1611 
3 254 268 257 
3 251 248 254 
3 257 251 254 
3 4642 4640 4645 
3 681 682 683 
3 34 38 37 
3 138 134 139 
3 139 141 138 
3 4478 4481 4480 
3 3086 3080 3083 
3 3086 3083 3092 
3 5609 5607 5606 
3 2320 2328 2321 
3 2321 2315 2320 
3 2036 2040 2037 
3 2037 2040 2042 
3 2031 2036 2037 
3 2037 2042 1006 
3 2037 1006 2035 
3 2037 2035 2031 
3 4846 4840 4847 
3 4847 4852 4846 
3 4207 4211 4212 
3 4207 4212 4206 
3 4206 4196 4207 
3 4738 4739 4743 
3 4743 4750 4747 
3 4747 4738 4743 
3 5645 5637 5644 
3 5644 5648 5645 
3 1603 1608 1602 
3 1597 1603 1602 
3 2328 2326 2334 
3 2333 2328 2334 
3 2326 2331 2334 
3 470 471 468 
3 468 463 465 
3 468 465 470 
3 268 89 273 
3 273 272 268 
3 268 272 269 
3 269 257 268 
3 4640 4642 4638 
3 4638 4637 4640 
3 5737 5786 5784 
3 131 128 134 
3 134 138 131 
3 4468 4466 4469 
3 4469 4472 4468 
3 3078 3083 3080 
3 3080 3075 3078 
3 3634 3632 3627 
3 2329 2321 2328 
3 2328 2333 2329 
3 2040 2036 2038 
3 2044 2042 2040 
3 2043 2044 2040 
3 2040 2038 2043 
3 721 726 720 
3 730 726 721 
3 721 720 716 
3 721 716 713 
3 728 730 721 
3 723 728 721 
3 713 723 721 
3 4834 4833 4840 
3 4840 4846 4841 
3 4837 4834 4840 
3 4840 4841 4837 
3 5357 4201 5362 
3 4734 4721 4739 
3 4739 4738 4734 
3 5065 5063 5105 
3 5105 5103 5107 
3 5105 5107 5108 
3 5105 5108 5065 
3 5653 5658 5660 
3 2719 2728 2721 
3 2721 2714 2719 
3 2345 2344 2366 
3 2345 2366 2370 
3 2369 2347 2345 
3 2370 2369 2345 
3 1396 1380 1393 
3 1401 1402 1396 
3 1393 1401 1396 
3 2157 2159 2150 
3 2150 2149 2157 
3 1609 1611 1603 
3 1600 1609 1603 
3 1603 1597 1595 
3 1603 1595 1600 
3 248 251 245 
3 245 156 248 
3 4660 4654 4658 
3 4658 4663 4660 
3 682 681 679 
3 679 677 682 
3 38 34 43 
3 120 122 128 
3 4466 4468 4464 
3 4464 4461 4466 
3 3091 3092 3083 
3 3084 3091 3083 
3 3083 3078 3084 
3 3632 3635 3629 
3 3632 3629 3627 
3 2033 2038 2036 
3 2034 2033 2036 
3 2031 2034 2036 
3 725 720 726 
3 726 730 734 
3 726 734 733 
3 733 725 726 
3 4833 4834 4826 
3 4201 5360 5362 
3 4201 4199 5360 
3 4757 4747 4750 
3 4754 4757 4750 
3 5063 5065 5060 
3 5665 5660 5658 
3 5658 5655 5662 
3 5658 5662 5665 
3 2710 2707 2706 
3 2711 2714 2710 
3 2710 2706 2708 
3 2708 2711 2710 
3 2338 2348 2344 
3 2344 2348 2366 
3 1375 1383 1380 
3 1380 1383 1393 
3 552 549 547 
3 552 554 559 
3 550 554 552 
3 552 547 550 
3 1611 1609 1612 
3 251 246 245 
3 249 246 251 
3 4647 4654 3397 
3 4647 3397 3402 
3 3402 4642 4647 
3 678 679 681 
3 681 1049 678 
3 25 29 1445 
3 1445 1446 25 
3 5404 5403 5392 
3 5570 5575 5573 
3 5570 5573 5567 
3 5567 5564 5570 
3 3120 3121 3092 
3 3092 3091 3098 
3 3098 3120 3092 
3 3630 3629 3635 
3 2315 2321 2319 
3 2315 2319 2290 
3 1002 1006 2042 
3 2042 2044 2076 
3 2042 2076 2074 
3 2042 2074 1001 
3 1001 1002 2042 
3 714 716 720 
3 720 725 719 
3 719 714 720 
3 4197 5360 4199 
3 4195 4197 4199 
3 4720 4715 4721 
3 4721 4734 4726 
3 4721 4726 4720 
3 5664 5582 5660 
3 5660 5665 5664 
3 5790 5735 5789 
3 2703 2706 2707 
3 2702 2703 2707 
3 2348 2338 2346 
3 2362 2366 2348 
3 2346 2362 2348 
3 1383 1375 1382 
3 1387 1393 1383 
3 1382 1387 1383 
3 603 1612 1609 
3 606 603 1609 
3 1609 1600 606 
3 156 245 158 
3 156 158 155 
3 4110 3929 4106 
3 3926 3929 4110 
3 4110 4106 4111 
3 4110 4111 4115 
3 3920 3926 4110 
3 4110 4115 3920 
3 4654 4660 3397 
3 677 679 674 
3 674 672 677 
3 140 138 141 
3 3091 3084 3095 
3 3091 3095 3098 
3 3629 3630 3625 
3 2325 2319 2321 
3 2321 2329 2325 
3 1006 1005 1007 
3 1006 1002 1005 
3 1009 2035 1006 
3 1006 1007 1009 
3 716 714 710 
3 710 713 716 
3 5433 5435 5439 
3 5439 5438 5433 
3 4715 4720 4710 
3 3380 3378 3381 
3 3378 2608 3381 
3 5151 5150 5132 
3 5124 5121 5151 
3 5132 5124 5151 
3 2244 2240 2242 
3 2242 2252 2244 
3 2728 2737 2738 
3 2731 2737 2728 
3 2738 2733 2728 
3 2728 2719 2722 
3 2722 2731 2728 
3 2335 2346 2338 
3 2331 2335 2338 
3 1375 1372 1377 
3 1377 1382 1375 
3 558 559 554 
3 554 550 553 
3 554 553 558 
3 91 90 84 
3 84 79 88 
3 84 88 91 
3 4102 4106 3929 
3 3929 3926 3930 
3 3934 4102 3929 
3 3929 3930 3934 
3 4664 4660 4663 
3 4663 4810 4664 
3 679 678 676 
3 676 674 679 
3 137 131 138 
3 140 137 138 
3 3068 3075 3071 
3 2292 2290 2319 
3 2319 2325 3143 
3 3143 2292 2319 
3 2044 2043 2051 
3 2065 2076 2044 
3 2051 2065 2044 
3 742 734 730 
3 730 728 732 
3 730 732 742 
3 5435 5433 5428 
3 4736 4734 4738 
3 4738 4747 4741 
3 4741 4736 4738 
3 1272 1266 1267 
3 1267 1271 1272 
3 5733 5731 5729 
3 5729 5732 5733 
3 5731 5724 5729 
3 2233 2242 2240 
3 2741 2738 2737 
3 2744 2741 2737 
3 2739 2744 2737 
3 2731 2739 2737 
3 2374 2370 2366 
3 2366 2362 2371 
3 2366 2371 2374 
3 1747 1744 2569 
3 2569 1750 1747 
3 559 558 564 
3 256 250 255 
3 255 259 256 
3 256 259 260 
3 92 89 90 
3 90 91 94 
3 94 93 90 
3 90 93 92 
3 4105 4111 4106 
3 4104 4105 4106 
3 4102 4104 4106 
3 3394 3397 4660 
3 4660 4664 3391 
3 4660 3391 3394 
3 1047 678 1049 
3 118 119 122 
3 122 120 118 
3 4486 4487 4491 
3 3075 3068 3070 
3 3070 3078 3075 
3 2290 2292 2288 
3 2290 2288 2284 
3 2033 2039 2038 
3 2038 2039 2043 
3 750 746 734 
3 748 733 734 
3 746 748 734 
3 734 742 750 
3 5438 5437 5433 
3 4732 4726 4734 
3 4734 4736 4732 
3 5737 5733 5732 
3 5786 5737 5732 
3 5732 5735 5786 
3 2733 2738 2740 
3 2347 2369 2367 
3 2367 2343 2347 
3 2981 2984 2987 
3 2983 2981 2987 
3 2989 2983 2987 
3 5421 5422 5425 
3 5420 5421 5425 
3 484 482 487 
3 2840 2834 805 
3 2840 805 801 
3 92 273 89 
3 4105 4112 4111 
3 4111 4112 4117 
3 4111 4117 4115 
3 3398 3402 3397 
3 3397 3394 3398 
3 678 1047 208 
3 208 676 678 
3 26 31 29 
3 25 26 29 
3 5602 5479 5480 
3 4486 4481 4487 
3 3063 3070 3068 
3 922 924 2109 
3 2109 2112 922 
3 2330 2329 2333 
3 2333 2336 2330 
3 4702 5266 4705 
3 4700 5266 4702 
3 4702 4705 4704 
3 4702 4698 4700 
3 4699 4698 4702 
3 4702 4704 4699 
3 725 733 731 
3 724 719 725 
3 725 731 724 
3 4758 4741 4747 
3 4757 4758 4747 
3 5033 5038 5037 
3 3134 3130 3135 
3 3134 3135 3138 
3 5150 5145 5132 
3 5790 5786 5735 
3 541 537 539 
3 2738 2741 2745 
3 2738 2745 2740 
3 2369 2370 2373 
3 2372 2367 2369 
3 2373 2372 2369 
3 1425 1432 1897 
3 1897 1420 1425 
3 2979 2986 2984 
3 2978 2979 2984 
3 2981 2978 2984 
3 2761 2821 2762 
3 2756 2761 2762 
3 2762 2758 2756 
3 833 831 2834 
3 2834 831 805 
3 272 273 276 
3 272 276 274 
3 274 269 272 
3 4114 4119 4112 
3 4112 4119 4116 
3 4109 4114 4112 
3 4105 4109 4112 
3 4112 4116 4117 
3 4642 3402 4638 
3 202 208 1047 
3 1047 197 202 
3 34 31 33 
3 34 33 43 
3 115 118 120 
3 4481 4486 4609 
3 4481 4609 4480 
3 3078 3070 3074 
3 3079 3084 3078 
3 3078 3074 3079 
3 2329 2330 2325 
3 5260 4705 5266 
3 5266 4700 5272 
3 5266 5272 5271 
3 5266 5264 5260 
3 5271 5264 5266 
3 733 747 738 
3 748 747 733 
3 733 738 731 
3 1521 1519 1525 
3 1525 1527 1521 
3 4419 4417 4422 
3 4422 4424 4419 
3 4722 4720 4726 
3 4726 4732 4728 
3 4726 4728 4722 
3 2872 2869 1739 
3 3117 3123 3122 
3 3113 3117 3122 
3 3116 3113 3122 
3 2716 2719 2714 
3 2711 2716 2714 
3 2375 2373 2370 
3 2370 2374 2377 
3 2370 2377 2375 
3 2979 2980 2986 
3 603 1614 1612 
3 273 92 279 
3 273 279 276 
3 3926 3920 3919 
3 3928 3930 3926 
3 3919 3924 3926 
3 3926 3924 3928 
3 5786 5790 5788 
3 5786 5788 5784 
3 26 28 31 
3 31 28 33 
3 140 136 137 
3 3065 3074 3070 
3 3070 3063 3065 
3 3893 3890 3895 
3 3896 3894 3893 
3 3893 3895 3896 
3 2336 3209 3206 
3 3198 2330 2336 
3 3206 3198 2336 
3 4709 4704 4705 
3 4705 5260 4709 
3 714 719 715 
3 714 715 707 
3 707 710 714 
3 1508 1514 1519 
3 1519 1521 1510 
3 1519 1510 1508 
3 4415 4412 4417 
3 4417 4419 4415 
3 4712 4710 4720 
3 4719 4712 4720 
3 4720 4722 4719 
3 5328 5320 5326 
3 5330 5334 5328 
3 5326 5330 5328 
3 1740 1739 2869 
3 2869 2867 2866 
3 2864 1740 2869 
3 2869 2866 2864 
3 3123 3117 3119 
3 3123 3119 2259 
3 2259 3125 3123 
3 3583 3587 3578 
3 3583 3586 3587 
3 2272 2267 2260 
3 2260 2268 2272 
3 2719 2716 2722 
3 2367 3221 2343 
3 2343 3221 3216 
3 2343 3216 2340 
3 599 1616 1614 
3 600 599 1614 
3 1614 603 600 
3 898 895 899 
3 899 895 893 
3 893 896 899 
3 5791 5788 5790 
3 5790 5794 5796 
3 5790 5796 5791 
3 136 140 306 
3 136 306 299 
3 5685 5575 5680 
3 5680 5681 5684 
3 5680 5684 5685 
3 3084 3079 3093 
3 3084 3093 3095 
3 924 922 920 
3 3892 3895 3890 
3 3198 2325 2330 
3 4696 4700 4698 
3 4698 4699 4694 
3 4694 4695 4698 
3 4695 4696 4698 
3 719 724 715 
3 4912 4907 4905 
3 4905 4907 4900 
3 4900 4899 4905 
3 5349 5354 5352 
3 5347 5348 5349 
3 5349 5352 5347 
3 4710 4712 4688 
3 1736 1734 1739 
3 1739 1740 1736 
3 3114 3119 3117 
3 3117 3112 3111 
3 3113 3112 3117 
3 3117 3111 3114 
3 737 749 745 
3 745 741 737 
3 2235 2245 2242 
3 2230 2235 2242 
3 2233 2230 2242 
3 2657 2708 2706 
3 2706 2703 2659 
3 2706 2659 2657 
3 2362 2346 2357 
3 2362 2368 2371 
3 2357 2368 2362 
3 1616 599 596 
3 596 1618 1616 
3 895 898 894 
3 892 893 895 
3 894 892 895 
3 3402 3398 3401 
3 3404 4638 3402 
3 3401 3404 3402 
3 5106 5103 5101 
3 5602 5605 5606 
3 5606 5601 5602 
3 5686 5573 5575 
3 5575 5685 5686 
3 2663 2665 2669 
3 3896 3897 3894 
3 2325 3198 3143 
3 5277 5272 4700 
3 5281 5277 4700 
3 4696 5281 4700 
3 989 993 956 
3 994 993 989 
3 989 985 991 
3 971 985 989 
3 989 991 994 
3 989 956 971 
3 4907 4912 4911 
3 4911 4904 4907 
3 4907 4904 4900 
3 4425 4424 5344 
3 5344 5348 5342 
3 5337 4425 5344 
3 5342 5337 5344 
3 4685 4688 4712 
3 4684 4685 4712 
3 4719 4684 4712 
3 5322 5326 5320 
3 1734 1728 1729 
3 1734 1729 1730 
3 1734 1736 1728 
3 2253 2259 3119 
3 3119 3114 2253 
3 749 737 738 
3 738 747 749 
3 545 541 542 
3 2545 2538 2524 
3 2524 2519 2515 
3 2524 2515 2516 
3 2516 2545 2524 
3 2346 2335 2332 
3 2350 2357 2346 
3 2332 2350 2346 
3 1148 1154 1149 
3 2198 2197 2194 
3 2194 2199 2198 
3 485 487 482 
3 482 481 485 
3 844 839 896 
3 893 844 896 
3 5643 5641 5646 
3 306 312 305 
3 306 305 301 
3 301 299 306 
3 4441 4438 4440 
3 4443 4441 4440 
3 3198 3206 3199 
3 3198 3199 3195 
3 3195 3143 3198 
3 4703 4699 4704 
3 4704 4709 4708 
3 4704 4708 4703 
3 995 956 993 
3 993 994 996 
3 993 996 998 
3 998 995 993 
3 4894 4862 4899 
3 4899 4900 4894 
3 4425 4419 4424 
3 4685 4686 4688 
3 2914 2907 2912 
3 2912 2918 2914 
3 5038 5039 5037 
3 5044 5039 5038 
3 3125 2259 2277 
3 3125 2277 3130 
3 5815 5816 5813 
3 3105 3102 3100 
3 3105 3100 3101 
3 537 541 540 
3 534 532 537 
3 540 534 537 
3 2547 2544 2538 
3 2545 2547 2538 
3 2335 2331 2327 
3 2335 2327 2324 
3 2324 2332 2335 
3 897 894 898 
3 1567 1566 1570 
3 1567 1570 1571 
3 5674 5707 5705 
3 5674 5705 5702 
3 5573 5686 5571 
3 5571 5567 5573 
3 4044 4098 4039 
3 4039 4038 4044 
3 4044 4038 4040 
3 4040 4048 4044 
3 3136 2288 2292 
3 2292 3143 3141 
3 2292 3141 3136 
3 4699 4703 4697 
3 4699 4697 4693 
3 4693 4694 4699 
3 988 991 985 
3 985 971 980 
3 980 988 985 
3 4912 4920 4916 
3 4916 4911 4912 
3 5348 5347 5342 
3 4690 4686 4687 
3 2906 2901 2907 
3 2910 2906 2907 
3 2907 2914 2910 
3 5040 5037 5039 
3 5039 5044 5045 
3 5045 5040 5039 
3 2259 2256 2265 
3 2265 2277 2259 
3 2259 2253 2256 
3 5812 5813 5810 
3 3096 3099 3102 
3 3099 3100 3102 
3 3104 3096 3102 
3 541 545 543 
3 543 540 541 
3 2716 2711 2712 
3 1123 2722 2716 
3 2716 2712 1123 
3 1432 1425 1430 
3 73 69 67 
3 73 67 71 
3 73 71 79 
3 5103 5106 5107 
3 5708 5705 5707 
3 3097 3095 3093 
3 3093 3096 3097 
3 4098 4042 4039 
3 2282 2284 2288 
3 2283 2282 2288 
3 3136 2283 2288 
3 5272 5277 5271 
3 992 994 991 
3 991 988 992 
3 4920 4930 4925 
3 4925 4916 4920 
3 4406 4404 4412 
3 4412 4415 4411 
3 4412 4411 4406 
3 4682 4687 4686 
3 4686 4685 4683 
3 4686 4683 4682 
3 5037 5040 4883 
3 2277 2265 2278 
3 3133 3130 2277 
3 2283 3133 2277 
3 2277 2282 2283 
3 2277 2278 2282 
3 3109 3107 3112 
3 3107 3111 3112 
3 3112 3113 3109 
3 3099 3094 3100 
3 3030 3101 3100 
3 3094 3030 3100 
3 2711 2708 2658 
3 2658 2712 2711 
3 1461 1453 1458 
3 2645 2640 2638 
3 2640 2634 2638 
3 1990 1987 1986 
3 1986 1988 1990 
3 3001 3005 3002 
3 3001 3002 2997 
3 491 487 490 
3 69 61 67 
3 66 61 69 
3 69 70 66 
3 1863 1914 1871 
3 1863 1871 1861 
3 5706 5702 5705 
3 5705 5708 5706 
3 4486 4605 4609 
3 3095 3097 3106 
3 3106 3098 3095 
3 3983 4039 4042 
3 4042 3940 3983 
3 3897 3896 3899 
3 3899 3900 3897 
3 3143 3195 3145 
3 3145 3141 3143 
3 5271 5265 5264 
3 5264 5265 5258 
3 5258 5260 5264 
3 954 971 956 
3 950 954 956 
3 956 995 948 
3 956 948 950 
3 4865 4858 4862 
3 4862 4894 4865 
3 4215 4211 4213 
3 4218 4215 4213 
3 4213 4404 4218 
3 4682 4589 4687 
3 3130 3133 3135 
3 3107 3108 3111 
3 3111 3108 2239 
3 2239 2248 3111 
3 2248 3114 3111 
3 3023 3103 3101 
3 3025 3023 3101 
3 3030 3025 3101 
3 553 550 546 
3 550 545 546 
3 2708 2657 2658 
3 1440 1453 1441 
3 1441 1435 1440 
3 1412 1413 1420 
3 1420 1413 1425 
3 1990 1992 1987 
3 1989 1045 1987 
3 1992 1989 1987 
3 2156 2149 2145 
3 2167 2169 2156 
3 2155 2167 2156 
3 2145 2147 2156 
3 2156 2147 2155 
3 485 490 487 
3 56 67 61 
3 61 66 64 
3 55 56 61 
3 60 55 61 
3 64 60 61 
3 5142 5144 5146 
3 5702 5706 5704 
3 5702 5704 5701 
3 2665 2663 2661 
3 2666 2671 2665 
3 2661 2666 2665 
3 4038 4039 3983 
3 4038 3983 3986 
3 4036 4040 4038 
3 3986 4036 4038 
3 3901 3896 3895 
3 3142 3136 3141 
3 3145 3142 3141 
3 5265 5271 5270 
3 5265 5263 5258 
3 5270 5263 5265 
3 1014 996 994 
3 994 992 1014 
3 4858 4865 4861 
3 4861 4852 4858 
3 4211 4215 4212 
3 4680 4683 4685 
3 4685 4684 4680 
3 2870 2877 2895 
3 2903 2870 2895 
3 3136 3135 3133 
3 3133 2283 3136 
3 3114 2248 2253 
3 729 737 741 
3 741 735 729 
3 550 543 545 
3 2517 2471 2474 
3 2500 2518 2517 
3 2474 2478 2517 
3 2517 2478 2500 
3 1444 1458 1453 
3 1440 1444 1453 
3 1413 1412 1410 
3 1413 1410 1418 
3 1418 1425 1413 
3 1989 1018 1045 
3 1018 1039 1045 
3 2149 2150 2143 
3 2143 2145 2149 
3 490 485 489 
3 493 496 490 
3 489 493 490 
3 65 71 67 
3 56 65 67 
3 672 674 671 
3 671 670 672 
3 2663 2624 2661 
3 204 199 209 
3 3902 3899 3896 
3 3901 3902 3896 
3 5256 4709 5260 
3 5260 5258 5255 
3 5260 5255 5256 
3 971 954 957 
3 971 957 963 
3 972 980 971 
3 971 963 972 
3 4217 4212 4215 
3 4215 4218 4220 
3 4215 4220 4217 
3 4678 4682 4683 
3 4683 4680 4679 
3 4683 4679 4678 
3 2868 2876 2877 
3 2877 2870 2868 
3 3142 3138 3135 
3 3135 3136 3142 
3 3110 3109 3113 
3 3113 3116 3110 
3 731 738 737 
3 729 731 737 
3 1658 1710 1652 
3 1652 1606 1641 
3 1649 1658 1652 
3 1641 1649 1652 
3 2470 2474 2471 
3 2466 2470 2471 
3 1209 1214 1215 
3 1215 1204 1205 
3 1215 1205 1209 
3 2056 2059 2062 
3 2056 2062 2057 
3 2056 2048 2052 
3 2057 2048 2056 
3 153 68 70 
3 70 68 66 
3 213 671 674 
3 674 676 213 
3 5687 5685 5684 
3 5688 5687 5684 
3 3510 3504 3505 
3 3677 3504 3510 
3 3510 3505 3509 
3 3512 3513 3510 
3 3509 3512 3510 
3 199 204 195 
3 3980 3983 3940 
3 3940 3941 3980 
3 5279 5271 5277 
3 5285 5279 5277 
3 5281 5285 5277 
3 947 957 954 
3 950 947 954 
3 5509 5511 5507 
3 4404 4406 4399 
3 4396 4218 4404 
3 4399 4396 4404 
3 4589 4682 4591 
3 4589 4591 4588 
3 2868 2873 2876 
3 3142 3144 3138 
3 3116 3115 3110 
3 1658 1675 1710 
3 2500 2519 2518 
3 1224 1218 1219 
3 1224 1219 1222 
3 1419 1418 1410 
3 1410 1402 1401 
3 1410 1401 1409 
3 1409 1419 1410 
3 2066 2062 2059 
3 2059 2063 2066 
3 2167 2170 2174 
3 2167 2155 2170 
3 831 833 834 
3 811 805 831 
3 830 811 831 
3 831 834 830 
3 68 63 64 
3 64 66 68 
3 68 154 63 
3 153 154 68 
3 670 671 666 
3 198 195 204 
3 206 198 204 
3 3982 3986 3983 
3 3983 3980 3982 
3 5271 5279 5274 
3 5271 5274 5270 
3 957 947 949 
3 957 949 953 
3 957 953 959 
3 957 959 963 
3 4904 4903 4898 
3 4904 4898 4897 
3 4904 4911 4909 
3 4897 4900 4904 
3 4904 4909 4903 
3 4419 4421 4415 
3 4425 4421 4419 
3 4678 4591 4682 
3 2900 2901 2898 
3 2898 2896 2900 
3 5213 5807 5808 
3 5817 5213 5808 
3 2835 2839 2837 
3 2842 2839 2835 
3 2835 2837 2832 
3 2831 2836 2835 
3 2835 2836 2842 
3 2826 2831 2835 
3 2835 2832 2826 
3 2258 2256 2251 
3 2249 2254 2251 
3 2251 2254 2258 
3 2251 2247 2249 
3 1605 1641 1606 
3 1606 1604 1605 
3 2519 2500 2504 
3 2504 2515 2519 
3 1218 1217 1219 
3 1212 1217 1218 
3 1218 1214 1212 
3 2066 2067 2062 
3 2062 2067 2060 
3 2060 2057 2062 
3 2150 2144 2143 
3 836 834 833 
3 5139 5142 5143 
3 5143 5140 5139 
3 671 213 217 
3 671 217 666 
3 28 26 24 
3 27 33 28 
3 28 24 27 
3 5606 5607 5601 
3 5601 5607 5604 
3 5687 5686 5685 
3 3503 3509 3505 
3 4713 4708 4709 
3 4709 5256 4713 
3 1004 998 996 
3 996 1014 1010 
3 1010 1004 996 
3 4911 4914 4909 
3 4916 4914 4911 
3 4414 4415 4421 
3 4421 4420 4414 
3 3855 3853 3858 
3 3850 3853 3855 
3 3855 3858 3863 
3 3845 3850 3855 
3 3856 3845 3855 
3 3855 3862 3856 
3 3863 3862 3855 
3 2899 2898 2901 
3 2901 2906 2899 
3 2873 2868 2871 
3 2957 2837 2839 
3 2839 2842 2844 
3 2839 2844 2923 
3 2839 2923 2957 
3 2247 2243 2249 
3 534 540 538 
3 500 506 534 
3 538 500 534 
3 964 968 962 
3 962 961 964 
3 1216 1219 1217 
3 1217 1212 1213 
3 1213 1216 1217 
3 2046 2052 2048 
3 2048 2057 2050 
3 2032 2046 2048 
3 77 79 71 
3 75 77 71 
3 71 65 72 
3 72 75 71 
3 5144 5142 5137 
3 5137 5138 5144 
3 1877 1873 1874 
3 25 24 26 
3 5686 5687 5690 
3 5689 5571 5686 
3 5686 5690 5689 
3 4713 4716 4708 
3 4708 4716 4714 
3 4708 4714 4706 
3 4708 4706 4703 
3 995 998 997 
3 997 948 995 
3 4900 4897 4890 
3 4890 4894 4900 
3 4414 4411 4415 
3 3857 3858 3853 
3 3853 3850 3849 
3 3852 3857 3853 
3 3849 3852 3853 
3 2896 2898 2893 
3 2870 2903 2857 
3 2963 2832 2837 
3 2837 2957 2963 
3 2244 2249 2243 
3 2243 2237 2238 
3 2243 2238 2244 
3 544 538 540 
3 540 543 544 
3 2478 2474 2472 
3 2482 2500 2478 
3 2478 2472 2477 
3 2478 2477 2482 
3 1219 2586 1222 
3 2591 2586 1219 
3 1216 2591 1219 
3 1424 1430 1425 
3 1425 1418 1424 
3 79 77 88 
3 5139 5137 5142 
3 676 208 210 
3 210 213 676 
3 33 35 40 
3 27 35 33 
3 33 40 43 
3 4610 4609 4605 
3 3513 3512 3515 
3 206 207 202 
3 202 198 206 
3 998 1004 1003 
3 998 1000 997 
3 1003 1000 998 
3 4870 4865 4894 
3 4894 4890 4870 
3 5337 4536 4425 
3 3865 3863 3858 
3 3858 3857 3860 
3 3858 3860 3865 
3 2911 2857 2903 
3 2836 2831 2827 
3 2841 2842 2836 
3 2833 2841 2836 
3 2836 2827 2833 
3 3023 2224 3103 
3 506 500 496 
3 499 507 506 
3 506 496 499 
3 2474 2470 2469 
3 2474 2469 2472 
3 1210 1212 1214 
3 1214 1209 1210 
3 1744 1747 1745 
3 2063 2064 2066 
3 77 75 82 
3 82 88 77 
3 5145 5138 5134 
3 5134 5132 5145 
3 208 202 207 
3 207 210 208 
3 41 40 35 
3 35 27 30 
3 4609 4610 4611 
3 4609 4611 4480 
3 3514 3515 3512 
3 3512 3509 3514 
3 2115 2119 2120 
3 919 2112 2115 
3 2115 917 919 
3 948 943 944 
3 948 944 946 
3 948 997 943 
3 948 946 950 
3 4870 4861 4865 
3 4409 4406 4411 
3 4411 4414 4409 
3 3850 3845 3844 
3 3846 3849 3850 
3 3844 3846 3850 
3 2831 2826 2827 
3 2227 2219 2216 
3 2227 2224 2219 
3 2216 2229 2227 
3 500 538 495 
3 500 495 496 
3 2494 2504 2500 
3 2500 2482 2494 
3 1211 1213 1212 
3 1210 1211 1212 
3 1430 1424 1431 
3 2067 2066 2073 
3 2073 2075 2067 
3 5135 5134 5138 
3 5138 5137 5135 
3 213 210 212 
3 215 217 213 
3 213 212 215 
3 48 43 40 
3 4610 4614 4611 
3 3515 3514 3520 
3 3515 3520 3518 
3 5448 5447 5450 
3 5451 5448 5450 
3 1527 1528 1524 
3 1527 1524 1521 
3 3845 3837 3840 
3 3826 3837 3845 
3 3845 3840 3844 
3 3847 3826 3845 
3 3845 3856 3847 
3 2898 2894 2893 
3 2899 2894 2898 
3 2832 2968 2822 
3 2832 2963 2968 
3 2822 2826 2832 
3 2224 3018 2219 
3 2224 3023 3018 
3 538 492 495 
3 544 492 538 
3 2470 2466 2462 
3 2470 2464 2469 
3 2462 2464 2470 
3 1200 1201 1204 
3 1204 1201 1202 
3 1204 1230 1200 
3 1202 1205 1204 
3 2069 2068 2064 
3 2068 2066 2064 
3 2064 2223 2069 
3 5133 5135 5137 
3 5137 5139 5136 
3 5137 5136 5133 
3 211 212 210 
3 207 211 210 
3 3503 3508 3509 
3 4036 3986 3989 
3 1529 1528 1536 
3 1788 1529 1536 
3 4212 4217 4214 
3 4212 4214 4206 
3 3861 3856 3862 
3 3862 3863 3868 
3 3862 3868 3867 
3 3867 3861 3862 
3 2891 2888 2894 
3 2890 2893 2894 
3 2894 2899 2897 
3 2894 2897 2891 
3 2888 2890 2894 
3 2616 2621 2617 
3 2617 2613 2616 
3 2229 2231 2237 
3 2220 2231 2229 
3 2229 2216 2220 
3 550 547 543 
3 547 544 543 
3 2465 2462 2466 
3 2467 2465 2466 
3 1201 1200 1197 
3 1201 1196 1202 
3 1197 1196 1201 
3 3609 3608 3612 
3 3599 3608 3609 
3 3609 3612 3617 
3 3609 3588 3599 
3 3582 3588 3609 
3 3621 3582 3609 
3 3609 3617 3621 
3 2068 2071 2066 
3 2071 2073 2066 
3 599 600 598 
3 598 593 599 
3 616 620 615 
3 3056 5139 5140 
3 5140 5141 3056 
3 217 215 218 
3 1313 1317 1314 
3 1313 1314 1311 
3 1313 1311 1305 
3 5691 5690 5687 
3 5687 5688 5691 
3 2671 2666 2675 
3 1528 1529 1523 
3 1528 1523 1524 
3 3861 3847 3856 
3 2620 2624 2621 
3 2621 2616 2620 
3 2916 2923 2844 
3 2238 2237 2231 
3 2226 2238 2231 
3 2231 2220 2226 
3 2279 2278 2267 
3 2267 2272 2279 
3 974 973 968 
3 969 974 968 
3 968 964 969 
3 1230 1237 1200 
3 3611 3612 3608 
3 3606 3611 3608 
3 3608 3599 3605 
3 3608 3605 3606 
3 2191 2193 2994 
3 2191 2994 2192 
3 619 615 620 
3 620 625 622 
3 620 622 619 
3 3060 5136 5139 
3 3056 3060 5139 
3 212 211 215 
3 3984 3989 3986 
3 3986 3982 3984 
3 4849 4846 4852 
3 4852 4861 4857 
3 4852 4857 4849 
3 4401 4399 4406 
3 4406 4409 4403 
3 4406 4403 4401 
3 3871 3868 3863 
3 3863 3865 3871 
3 4169 4171 4173 
3 4173 4176 4172 
3 4173 4172 4169 
3 2932 2957 2923 
3 2923 2916 2921 
3 2927 2932 2923 
3 2923 2921 2927 
3 2278 2284 2282 
3 2278 2279 2284 
3 2515 2504 2503 
3 2515 2503 2511 
3 2511 2516 2515 
3 1199 1200 1237 
3 1198 1199 1237 
3 1279 1198 1237 
3 1273 1279 1237 
3 3612 3611 3615 
3 3612 3615 3617 
3 2194 2197 2193 
3 2197 2994 2193 
3 2821 2761 2825 
3 2825 2829 2821 
3 612 609 615 
3 615 619 612 
3 3067 5133 5136 
3 3062 3067 5136 
3 5136 3060 3062 
3 5106 5114 5112 
3 5112 5107 5106 
3 204 209 211 
3 211 209 216 
3 206 204 211 
3 211 207 206 
3 216 215 211 
3 5565 5562 5564 
3 5564 5567 5565 
3 3508 3503 3502 
3 4843 4841 4846 
3 4849 4843 4846 
3 4221 4220 4218 
3 4396 4221 4218 
3 3857 3859 3860 
3 3951 3859 3857 
3 3857 3852 3854 
3 3857 3854 3951 
3 2957 2960 2963 
3 2954 2960 2957 
3 2932 2954 2957 
3 3023 3025 3020 
3 3023 3020 3018 
3 492 548 484 
3 492 484 487 
3 487 491 492 
3 491 495 492 
3 492 544 548 
3 2741 2746 2745 
3 2744 2746 2741 
3 1195 1197 1200 
3 1194 1195 1200 
3 1200 1199 1194 
3 3614 3615 3611 
3 3606 3610 3611 
3 3611 3610 3614 
3 2124 2126 2128 
3 2760 2825 2761 
3 2761 2756 2759 
3 2761 2759 2760 
3 582 583 609 
3 609 612 582 
3 3057 3062 3060 
3 3060 3056 3057 
3 1920 1914 1919 
3 1919 1924 1920 
3 216 218 215 
3 4614 4621 4617 
3 4617 4611 4614 
3 3503 3497 3502 
3 5267 5511 5518 
3 5518 5531 5536 
3 5518 5536 5537 
3 5537 5267 5518 
3 4220 4221 4224 
3 4220 4224 4222 
3 4222 4217 4220 
3 3864 3860 3859 
3 3859 3945 3864 
3 3950 3945 3859 
3 3951 3950 3859 
3 2964 2963 2960 
3 2960 2954 2962 
3 2967 2964 2960 
3 2960 2962 2967 
3 1719 1728 1725 
3 1720 1719 1725 
3 1551 1722 1725 
3 1725 1722 1720 
3 495 491 490 
3 495 490 496 
3 2750 2745 2746 
3 2746 2744 2748 
3 2746 2753 2750 
3 2748 2753 2746 
3 1203 1209 1205 
3 1205 1202 1203 
3 3590 3599 3588 
3 3588 3582 3579 
3 3588 3579 3584 
3 3584 3590 3588 
3 2197 2999 2994 
3 2994 2999 2998 
3 2996 2192 2994 
3 2998 2996 2994 
3 2151 2158 2154 
3 1305 1303 1302 
3 1914 1920 1915 
3 1914 1915 1911 
3 1911 1871 1914 
3 5121 5112 5114 
3 1312 1311 1314 
3 1314 1315 1312 
3 4622 4617 4621 
3 4624 4622 4621 
3 4348 4340 4345 
3 4352 4348 4345 
3 4345 4354 4352 
3 5469 5476 5472 
3 5472 5462 5466 
3 5466 5469 5472 
3 5276 5507 5511 
3 5268 5276 5511 
3 5511 5267 5268 
3 4387 4224 4221 
3 4221 4396 4391 
3 4221 4391 4387 
3 3864 3865 3860 
3 1514 1338 1335 
3 1335 1338 1331 
3 1331 1274 1335 
3 2963 2964 2968 
3 1721 1729 1728 
3 1728 1719 1721 
3 549 548 544 
3 547 549 544 
3 2752 2749 2745 
3 2745 2749 2740 
3 2750 2752 2745 
3 1206 1210 1209 
3 1209 1203 1206 
3 3600 3605 3599 
3 3590 3600 3599 
3 757 759 767 
3 604 600 603 
3 603 606 604 
3 573 575 579 
3 1926 1920 1924 
3 1928 1926 1924 
3 5401 5405 5411 
3 1311 1312 1309 
3 1308 1305 1311 
3 1311 1309 1308 
3 3683 3684 3681 
3 5456 5466 5462 
3 5462 5455 5452 
3 5462 5452 5456 
3 5540 5536 5531 
3 5534 5540 5531 
3 4227 4222 4224 
3 4224 4387 4288 
3 4283 4227 4224 
3 4288 4283 4224 
3 3851 3854 3852 
3 3852 3849 3848 
3 3852 3848 3851 
3 2904 2899 2906 
3 2906 2910 2904 
3 1338 1514 1341 
3 1337 1331 1338 
3 1341 1337 1338 
3 2841 2833 2838 
3 2838 2843 2841 
3 1729 1721 1724 
3 1724 1730 1729 
3 2276 2272 2268 
3 2268 2270 2276 
3 2744 2739 2743 
3 2747 2748 2744 
3 2743 2747 2744 
3 2326 2323 2331 
3 2323 2327 2331 
3 3582 3621 3631 
3 3582 3575 3579 
3 3573 3575 3582 
3 3631 3573 3582 
3 2996 2998 3001 
3 2996 3001 2997 
3 2997 2995 2996 
3 805 802 801 
3 811 802 805 
3 65 56 42 
3 65 42 36 
3 36 72 65 
3 5113 5108 5107 
3 5107 5112 5113 
3 216 222 218 
3 1315 50 170 
3 170 1312 1315 
3 5562 5565 5561 
3 324 326 318 
3 3866 3861 3867 
3 3689 3683 3688 
3 3688 3692 3689 
3 5455 5454 5453 
3 5446 5452 5455 
3 5455 5453 5446 
3 5542 5537 5536 
3 5536 5540 5542 
3 4217 4222 4223 
3 4216 4214 4217 
3 4223 4216 4217 
3 3954 3951 3854 
3 3851 3954 3854 
3 2843 2838 2840 
3 1714 1721 1719 
3 1719 1720 1715 
3 1719 1715 1714 
3 2276 2280 2272 
3 2272 2280 2279 
3 1113 2743 2739 
3 1115 1113 2739 
3 2739 2731 1118 
3 2739 1118 1115 
3 2316 2318 2327 
3 2323 2316 2327 
3 2318 2324 2327 
3 3625 3617 3615 
3 3615 3614 3618 
3 3615 3618 3625 
3 2758 2752 2753 
3 2753 2756 2758 
3 798 801 802 
3 802 811 806 
3 797 798 802 
3 800 797 802 
3 802 806 800 
3 48 40 56 
3 56 40 41 
3 41 42 56 
3 55 48 56 
3 1988 1993 1990 
3 1991 1993 1988 
3 1871 1911 1874 
3 1864 1861 1871 
3 1874 1864 1871 
3 5108 5113 5111 
3 5108 5111 5065 
3 4611 4617 4615 
3 4615 4480 4611 
3 316 318 326 
3 326 331 319 
3 319 316 326 
3 3978 3980 3941 
3 3684 3683 3689 
3 3689 3687 3684 
3 4834 4837 4831 
3 4828 4826 4834 
3 4831 4828 4834 
3 4222 4227 4223 
3 3849 3846 3848 
3 2911 2916 2857 
3 1718 1724 1721 
3 1721 1714 1717 
3 1721 1717 1718 
3 1681 1707 1675 
3 1675 1658 1663 
3 1670 1681 1675 
3 1675 1663 1670 
3 2731 2722 1118 
3 2800 2993 3592 
3 3594 3591 3592 
3 2993 3594 3592 
3 3625 3630 3617 
3 3630 3626 3617 
3 3617 3626 3621 
3 2750 2753 2752 
3 41 35 42 
3 42 35 30 
3 30 36 42 
3 5119 5113 5112 
3 5112 5121 5119 
3 4618 4615 4617 
3 4622 4618 4617 
3 318 316 312 
3 5228 4962 4959 
3 5228 4959 4958 
3 5231 5230 5228 
3 5228 4958 5231 
3 4841 4843 4837 
3 4208 4206 4214 
3 4214 4216 4208 
3 3868 3871 3875 
3 3868 3875 3872 
3 3868 3872 3867 
3 2904 2897 2899 
3 2916 2911 2915 
3 2916 2915 2921 
3 1722 1551 1555 
3 1722 1555 1561 
3 1716 1720 1722 
3 1722 1561 1716 
3 1703 1708 1707 
3 1707 1681 1703 
3 1121 1118 2722 
3 2722 1123 1121 
3 3591 3597 3596 
3 3591 3594 3597 
3 3596 3593 3591 
3 3591 3593 3587 
3 3630 3636 3626 
3 3636 3621 3626 
3 2751 2755 2756 
3 2756 2753 2751 
3 2755 2759 2756 
3 811 830 827 
3 812 806 811 
3 821 812 811 
3 811 827 821 
3 75 72 78 
3 78 82 75 
3 5113 5119 5117 
3 5113 5117 5111 
3 5708 5739 5706 
3 5569 5565 5567 
3 5567 5571 5569 
3 2666 2661 2662 
3 2666 2662 2664 
3 2666 2664 2675 
3 327 319 331 
3 4962 4965 4966 
3 4960 4959 4962 
3 4962 4966 4960 
3 3751 3753 4346 
3 3749 3753 3751 
3 3751 4346 4350 
3 4350 3749 3751 
3 4839 4837 4843 
3 4843 4849 4845 
3 4843 4845 4839 
3 3870 3871 3865 
3 3864 3870 3865 
3 2876 2891 2897 
3 2897 2895 2877 
3 2897 2877 2876 
3 2897 2904 2902 
3 2897 2902 2895 
3 3567 3559 3560 
3 3560 3561 3565 
3 3560 3565 3567 
3 1554 1555 1551 
3 1551 1550 1554 
3 1703 1709 1708 
3 1322 1324 1328 
3 1328 1327 1322 
3 3636 3631 3621 
3 2748 2751 2753 
3 832 830 834 
3 834 836 837 
3 834 837 838 
3 838 832 834 
3 72 36 23 
3 23 78 72 
3 1864 1853 1861 
3 5121 5124 5119 
3 1312 170 1310 
3 1310 1309 1312 
3 316 319 310 
3 309 312 316 
3 310 309 316 
3 4965 4969 4966 
3 3756 4346 3753 
3 3753 3749 3750 
3 3753 3750 3755 
3 3755 3756 3753 
3 4836 4831 4837 
3 4837 4839 4836 
3 4396 4399 4394 
3 4394 4391 4396 
3 3871 3870 3876 
3 3871 3876 3880 
3 3880 3875 3871 
3 2934 2925 2928 
3 2928 3619 2938 
3 2928 2938 2934 
3 3562 3557 3559 
3 3559 3567 3564 
3 3559 3564 3562 
3 1558 1561 1555 
3 1555 1554 1558 
3 2287 2291 2280 
3 2280 2291 2286 
3 2276 2287 2280 
3 2286 2279 2280 
3 975 976 974 
3 969 975 974 
3 1322 1296 1324 
3 1324 1296 1290 
3 1324 1290 1285 
3 3610 3606 3607 
3 3613 3614 3610 
3 2945 3613 3610 
3 3607 2945 3610 
3 2755 2760 2759 
3 832 827 830 
3 36 30 23 
3 5126 5119 5124 
3 5124 5132 5126 
3 173 1310 170 
3 172 173 170 
3 2624 2620 2626 
3 2626 2661 2624 
3 319 327 314 
3 314 310 319 
3 4957 4958 4959 
3 4956 4957 4959 
3 4959 4960 4956 
3 3196 3201 3204 
3 3204 3205 3192 
3 3192 3196 3204 
3 4347 4350 4346 
3 4346 4339 4347 
3 5507 5282 5501 
3 5276 5282 5507 
3 4401 4394 4399 
3 4593 4588 4591 
3 4591 4678 4596 
3 4591 4596 4593 
3 2918 2925 2922 
3 2918 2922 2914 
3 3558 3550 3557 
3 3557 3562 3558 
3 1716 1715 1720 
3 2279 2286 2284 
3 2494 2503 2504 
3 1327 1333 1326 
3 1327 1326 1321 
3 1320 1322 1327 
3 1321 1320 1327 
3 3602 3606 3605 
3 3605 3600 3602 
3 597 598 600 
3 600 604 601 
3 600 601 597 
3 575 573 570 
3 4206 4191 4196 
3 4196 4191 4186 
3 5119 5126 5123 
3 5119 5123 5117 
3 510 958 512 
3 22 27 24 
3 24 25 21 
3 24 21 19 
3 24 19 22 
3 2622 2620 2616 
3 5235 5233 5230 
3 5230 5231 5235 
3 3203 3207 3201 
3 3197 3203 3201 
3 3201 3196 3197 
3 3749 4350 3746 
3 3749 3746 3744 
3 3744 3750 3749 
3 5289 5501 5282 
3 5282 5276 5275 
3 5286 5289 5282 
3 4588 4593 4590 
3 4588 4590 4587 
3 4582 4581 4588 
3 4587 4582 4588 
3 5010 5006 5008 
3 5011 5006 5010 
3 5010 5008 5013 
3 5014 5011 5010 
3 5013 5014 5010 
3 2613 2609 2610 
3 2613 2610 2616 
3 3550 3558 3548 
3 3550 3548 3523 
3 1715 1652 1710 
3 1715 1716 1652 
3 1711 1714 1715 
3 1710 1711 1715 
3 1951 1950 1954 
3 1942 1950 1951 
3 1951 1954 1958 
3 1910 1942 1951 
3 1951 1958 1957 
3 1957 1910 1951 
3 2503 2494 2499 
3 2507 2511 2503 
3 2503 2499 2502 
3 2502 2507 2503 
3 2246 2054 2047 
3 2047 2054 2053 
3 2264 2246 2047 
3 2047 2053 2045 
3 2047 2045 2027 
3 2266 2264 2047 
3 2027 2266 2047 
3 3602 3604 3606 
3 3606 3604 3607 
3 470 475 471 
3 4191 4206 4208 
3 4191 4208 4185 
3 4185 4186 4191 
3 5134 5128 5132 
3 5132 5128 5126 
3 958 510 509 
3 509 961 958 
3 22 30 27 
3 5563 5561 5565 
3 5568 5563 5565 
3 5569 5568 5565 
3 2622 2626 2620 
3 312 309 305 
3 1931 2311 1933 
3 1933 2311 1937 
3 5233 5235 5237 
3 5233 5237 5236 
3 3207 3203 3208 
3 4355 3746 4350 
3 4350 4347 4353 
3 4350 4353 4355 
3 5447 5448 5445 
3 5447 5445 5442 
3 4388 4387 4391 
3 4391 4394 4388 
3 3933 3944 3939 
3 3939 3944 3946 
3 3937 3933 3939 
3 3939 3946 3943 
3 3943 3937 3939 
3 5004 5008 5006 
3 5006 5011 4929 
3 5006 4929 5000 
3 5006 5002 5004 
3 5000 5002 5006 
3 1604 1606 1561 
3 1606 1716 1561 
3 1561 1558 1564 
3 1561 1564 1604 
3 1948 1954 1950 
3 1950 1942 1945 
3 1945 1948 1950 
3 2544 2547 2554 
3 2554 2550 2544 
3 2054 2246 2228 
3 2058 2053 2054 
3 2228 2058 2054 
3 3595 3602 3600 
3 3600 3590 3595 
3 2126 2124 2122 
3 479 481 475 
3 475 470 361 
3 361 479 475 
3 591 592 598 
3 598 597 591 
3 5128 5134 5129 
3 5123 5126 5128 
3 5129 5123 5128 
3 508 510 511 
3 504 508 511 
3 511 507 504 
3 1107 897 1109 
3 1109 1111 1107 
3 304 305 309 
3 309 310 304 
3 919 922 2112 
3 3199 3206 3203 
3 3203 3206 3208 
3 3203 3197 3199 
3 3742 3744 3746 
3 3746 4355 3741 
3 3746 3741 3712 
3 3712 3742 3746 
3 5448 5451 5295 
3 5448 5295 5307 
3 5307 5445 5448 
3 5268 5275 5276 
3 4384 4288 4387 
3 4388 4384 4387 
3 3944 3933 3938 
3 3949 3946 3944 
3 3948 3949 3944 
3 3944 3938 3945 
3 3944 3945 3948 
3 5008 5004 5007 
3 5008 5007 5013 
3 3378 2603 2608 
3 2603 2609 2608 
3 1606 1652 1716 
3 1956 1958 1954 
3 1954 1948 1955 
3 1955 1956 1954 
3 2547 2545 2553 
3 2547 2553 2554 
3 2236 2228 2246 
3 2245 2236 2246 
3 3620 3618 3614 
3 3614 3613 3620 
3 2057 2060 2050 
3 88 82 95 
3 99 91 88 
3 88 95 99 
3 4177 4185 4208 
3 4208 4210 4177 
3 1865 1852 1853 
3 1853 1852 1846 
3 1853 1864 1865 
3 510 508 509 
3 1101 891 897 
3 897 1107 1101 
3 305 304 301 
3 4970 4966 4969 
3 4971 4970 4969 
3 3193 3192 3205 
3 3750 3744 3747 
3 3750 3752 3755 
3 3747 3752 3750 
3 4866 4857 4861 
3 4861 4870 4869 
3 4861 4869 4866 
3 4227 4283 4282 
3 4227 4282 4230 
3 4230 4223 4227 
3 3933 3937 3931 
3 3933 3931 3922 
3 3921 3938 3933 
3 3933 3922 3921 
3 5011 5014 5017 
3 5011 5017 4919 
3 5011 4919 4923 
3 4923 4929 5011 
3 2609 2603 2605 
3 2609 2605 2607 
3 2609 2607 2610 
3 1942 1910 1912 
3 1934 1945 1942 
3 1912 1934 1942 
3 979 982 976 
3 975 979 976 
3 2053 2049 2045 
3 2055 2049 2053 
3 2053 2058 2055 
3 3618 3620 3623 
3 3618 3623 3625 
3 2051 2050 2060 
3 78 95 82 
3 2113 2107 2111 
3 1852 1865 1850 
3 1850 1846 1852 
3 5123 5129 5127 
3 5122 5117 5123 
3 5127 5122 5123 
3 508 504 505 
3 505 509 508 
3 4618 4622 4619 
3 2661 2626 2651 
3 2651 2662 2661 
3 310 314 308 
3 303 304 310 
3 310 308 303 
3 2308 1937 2311 
3 3980 3978 3982 
3 3196 3192 3181 
3 3181 3191 3196 
3 3196 3191 3197 
3 5498 5501 5289 
3 5295 5451 5498 
3 5289 5295 5498 
3 5286 5291 5289 
3 4283 4288 4287 
3 4283 4287 4282 
3 3946 3949 3952 
3 3947 3943 3946 
3 3946 3952 3947 
3 5020 5017 5014 
3 5014 5013 5016 
3 5014 5016 5020 
3 5217 5223 5807 
3 5807 5213 5215 
3 5807 5215 5217 
3 5819 5816 5820 
3 1724 1718 1723 
3 1962 1957 1958 
3 1958 1956 1961 
3 1961 1962 1958 
3 2558 2556 2550 
3 2550 2554 2558 
3 2049 2052 2046 
3 2046 2045 2049 
3 2049 2055 2052 
3 483 485 481 
3 479 483 481 
3 96 94 91 
3 99 96 91 
3 4186 4185 4181 
3 4186 4181 4180 
3 5115 5111 5117 
3 5122 5115 5117 
3 499 504 507 
3 4623 4619 4622 
3 4622 4624 4625 
3 4622 4625 4623 
3 2633 2651 2626 
3 2627 2633 2626 
3 2626 2622 2627 
3 3193 3185 3192 
3 3192 3185 3181 
3 4339 4336 4342 
3 4342 4347 4339 
3 4854 4849 4857 
3 4857 4866 4860 
3 4857 4860 4854 
3 4289 4287 4288 
3 4288 4384 4380 
3 4380 4289 4288 
3 3949 3948 3953 
3 3953 3952 3949 
3 5019 4919 5017 
3 5021 5019 5017 
3 5017 5020 5021 
3 3507 3517 3506 
3 3522 3517 3507 
3 3507 3483 3480 
3 3506 3483 3507 
3 3507 3480 3521 
3 3507 3521 3522 
3 1714 1711 1708 
3 1708 1717 1714 
3 1910 1957 1906 
3 1907 1912 1910 
3 1905 1907 1910 
3 1906 1905 1910 
3 1021 1026 1034 
3 1016 1014 1021 
3 1034 1022 1021 
3 1021 1022 1016 
3 2045 2046 2028 
3 2026 2027 2045 
3 2045 2028 2026 
3 3624 3623 3620 
3 95 78 101 
3 102 99 95 
3 105 102 95 
3 95 101 105 
3 2436 2438 2440 
3 5111 5115 5110 
3 5110 5065 5111 
3 501 505 504 
3 498 501 504 
3 504 499 498 
3 3054 3058 3057 
3 304 303 300 
3 300 301 304 
3 3981 3984 3982 
3 3185 3193 3182 
3 3185 3182 3178 
3 3177 3181 3185 
3 3175 3177 3185 
3 3185 3178 3175 
3 4340 4342 4336 
3 4059 4055 4061 
3 4052 4055 4059 
3 4059 4061 4065 
3 4059 4065 4066 
3 4062 4052 4059 
3 4066 4062 4059 
3 4285 4282 4287 
3 4287 4293 4290 
3 4289 4293 4287 
3 4287 4290 4285 
3 3935 3931 3937 
3 3937 3943 3935 
3 4921 4923 4919 
3 4915 4921 4919 
3 4913 4915 4919 
3 4919 5019 4913 
3 3511 3506 3517 
3 3517 3522 3524 
3 3517 3524 3516 
3 3517 3516 3511 
3 5811 5813 5816 
3 5814 5811 5816 
3 5819 5814 5816 
3 1711 1710 1675 
3 1711 1675 1707 
3 1711 1707 1708 
3 1957 1962 1959 
3 1957 1959 1906 
3 1035 1034 1026 
3 1032 1035 1026 
3 1296 1322 1301 
3 1295 1290 1296 
3 1296 1301 1295 
3 3623 3629 3625 
3 3627 3629 3623 
3 3623 3624 3627 
3 78 23 20 
3 20 101 78 
3 3056 3052 3051 
3 3056 3051 3057 
3 2438 2436 2432 
3 2438 2432 2427 
3 2438 2427 2425 
3 5115 5122 5120 
3 5116 5110 5115 
3 5120 5116 5115 
3 961 509 965 
3 965 964 961 
3 3479 3482 4619 
3 4623 3479 4619 
3 3058 3054 3055 
3 3058 3055 3063 
3 302 303 308 
3 3193 3187 3182 
3 4347 4342 4348 
3 4351 4353 4347 
3 4347 4348 4351 
3 4057 4061 4055 
3 4055 4052 4034 
3 4031 4057 4055 
3 4055 4034 4031 
3 3931 3935 3932 
3 3927 3922 3931 
3 3931 3932 3927 
3 4929 4923 4928 
3 4934 5000 4929 
3 4928 4934 4929 
3 3476 3480 3483 
3 3478 3476 3483 
3 3483 3506 3499 
3 3483 3499 3485 
3 3485 3478 3483 
3 5813 5811 5810 
3 1717 1708 1709 
3 1709 1718 1717 
3 1952 1955 1948 
3 1947 1952 1948 
3 1948 1945 1943 
3 1948 1943 1947 
3 1016 1010 1014 
3 1320 1301 1322 
3 2945 3607 2949 
3 2945 2949 2943 
3 2136 2143 2144 
3 93 94 98 
3 97 92 93 
3 93 98 97 
3 4177 4181 4185 
3 2436 2439 2434 
3 2434 2432 2436 
3 5122 5127 5125 
3 5125 5120 5122 
3 503 965 509 
3 509 505 503 
3 5232 5557 5561 
3 5561 5563 5232 
3 303 302 295 
3 303 295 294 
3 303 297 300 
3 294 297 303 
3 3183 3182 3187 
3 4342 4340 4348 
3 5505 5515 5504 
3 5504 5495 5505 
3 5297 5307 5295 
3 5295 5289 5291 
3 5295 5291 5297 
3 4063 4065 4061 
3 4061 4057 4060 
3 4394 4401 4398 
3 4394 4398 4392 
3 4392 4388 4394 
3 3942 3935 3943 
3 3943 3947 3942 
3 4923 4921 4928 
3 3480 3476 3475 
3 3480 3475 3521 
3 2954 2948 2956 
3 2954 2956 2962 
3 2954 2932 2948 
3 1718 1712 1723 
3 1709 1712 1718 
3 1945 1934 1938 
3 1945 1938 1943 
3 1022 1034 1037 
3 1022 1037 1038 
3 1022 1038 1020 
3 1022 1020 1016 
3 1281 1285 1290 
3 1290 1295 1291 
3 1290 1282 1281 
3 1287 1282 1290 
3 1290 1291 1287 
3 3628 3627 3624 
3 94 96 98 
3 4175 4180 4181 
3 4174 4175 4181 
3 4181 4177 4174 
3 3054 3057 3051 
3 3047 3054 3051 
3 3046 3047 3051 
3 3051 3049 3046 
3 2437 2434 2439 
3 964 965 967 
3 967 969 964 
3 5557 5232 5239 
3 3048 3055 3054 
3 3054 3047 3048 
3 5234 5231 4958 
3 4958 4957 4954 
3 4958 4954 4955 
3 4958 4955 5234 
3 3176 3178 3182 
3 3182 3183 3176 
3 4357 4355 4353 
3 4356 4357 4353 
3 4353 4351 4356 
3 5515 5520 5512 
3 5524 5520 5515 
3 5515 5512 5504 
3 5515 5523 5524 
3 4566 4564 4695 
3 4695 4694 4566 
3 4067 4066 4065 
3 4068 4067 4065 
3 5437 5436 5414 
3 5414 5433 5437 
3 3935 3936 3932 
3 3942 3936 3935 
3 5002 4994 5004 
3 5000 4994 5002 
3 3472 3475 3476 
3 3476 3478 3468 
3 3476 3468 3472 
3 2935 2948 2932 
3 2927 2935 2932 
3 1929 1938 1934 
3 1934 1912 1913 
3 1934 1917 1929 
3 1913 1917 1934 
3 1035 1037 1034 
3 1419 1424 1418 
3 92 97 279 
3 1873 1865 1864 
3 1864 1874 1873 
3 965 503 967 
3 5563 5568 5229 
3 5229 5232 5563 
3 3055 3048 3050 
3 3059 3063 3055 
3 3050 3059 3055 
3 5234 5235 5231 
3 1018 1989 1015 
3 1015 1017 1018 
3 3191 3181 3180 
3 3191 3180 3186 
3 3194 3197 3191 
3 3191 3186 3194 
3 3744 3742 3739 
3 3739 3747 3744 
3 5528 5524 5523 
3 5523 5527 5528 
3 5424 5431 5432 
3 5427 5431 5424 
3 5424 5432 5423 
3 5420 5427 5424 
3 5423 5416 5424 
3 5424 5416 5419 
3 5419 5420 5424 
3 4052 4062 4054 
3 4047 4034 4052 
3 4052 4054 4047 
3 5336 5414 5436 
3 5325 5336 5436 
3 3938 3921 3870 
3 3870 3945 3938 
3 4976 4982 4994 
3 4994 4982 4993 
3 4998 5004 4994 
3 4994 5000 4988 
3 4994 4988 4976 
3 4993 4998 4994 
3 3506 3508 3502 
3 3502 3499 3506 
3 3506 3511 3508 
3 2696 2692 2689 
3 2689 2687 2694 
3 2689 2694 2696 
3 1938 1936 1940 
3 1932 1936 1938 
3 1929 1932 1938 
3 1940 1943 1938 
3 1041 1042 1037 
3 1037 1042 1038 
3 1037 1035 1041 
3 1457 1460 1466 
3 1466 1462 1457 
3 1426 1431 1424 
3 1424 1419 1426 
3 839 844 842 
3 842 838 839 
3 1790 1789 1794 
3 505 501 502 
3 502 503 505 
3 4078 4081 4083 
3 4079 4078 4083 
3 4077 4079 4083 
3 4964 5229 5568 
3 5568 5569 5572 
3 5568 5572 4968 
3 5568 4968 4964 
3 3047 3046 3043 
3 3042 3048 3047 
3 3047 3043 3042 
3 4957 4956 4952 
3 4952 4954 4957 
3 1992 1015 1989 
3 3174 3180 3181 
3 3181 3177 3174 
3 4361 3741 4355 
3 4355 4357 4359 
3 4359 4361 4355 
3 5495 5504 5500 
3 5500 5496 5495 
3 5444 5432 5431 
3 5431 5427 5457 
3 5431 5457 5444 
3 4062 4066 4070 
3 4064 4054 4062 
3 4070 4064 4062 
3 4536 5337 5331 
3 3887 3921 3922 
3 3927 3923 3922 
3 3922 3923 3917 
3 3922 3917 3887 
3 5003 5007 5004 
3 5004 4998 5003 
3 3502 3497 3499 
3 3488 3485 3499 
3 3497 3488 3499 
3 2699 2695 2692 
3 2692 2696 2699 
3 2240 2244 2238 
3 2233 2240 2238 
3 2226 2233 2238 
3 1955 1961 1956 
3 1035 1032 1036 
3 1040 1041 1035 
3 1036 1040 1035 
3 1460 1457 1456 
3 1460 1456 1455 
3 1431 1426 1429 
3 485 486 489 
3 485 483 486 
3 103 98 96 
3 96 99 104 
3 96 104 103 
3 1793 1794 1789 
3 497 502 501 
3 494 497 501 
3 501 498 494 
3 5232 5233 5236 
3 5232 5229 5233 
3 5236 5239 5232 
3 3046 3044 3043 
3 5240 5237 5235 
3 5235 5234 5240 
3 3708 3712 3741 
3 3741 4361 3708 
3 5429 5423 5432 
3 5434 5429 5432 
3 5432 5444 5441 
3 5432 5441 5434 
3 4066 4067 4071 
3 4071 4070 4066 
3 4420 4413 4414 
3 4528 4413 4420 
3 3876 3870 3921 
3 3887 3876 3921 
3 5000 4934 4988 
3 3474 3521 3475 
3 3475 3472 3470 
3 3475 3470 3474 
3 1327 1328 1332 
3 1332 1334 1327 
3 1658 1649 1655 
3 1658 1655 1663 
3 1033 1036 1032 
3 1032 1030 1033 
3 1454 1457 1462 
3 1462 1458 1454 
3 483 479 358 
3 483 358 486 
3 100 97 98 
3 98 103 100 
3 2424 2427 2432 
3 2432 2434 2429 
3 2426 2424 2432 
3 2429 2426 2432 
3 503 502 343 
3 343 967 503 
3 5229 5228 5230 
3 5229 5230 5233 
3 5229 4964 5228 
3 3048 3042 3040 
3 3040 3050 3048 
3 300 298 301 
3 5241 5236 5237 
3 5237 5240 5242 
3 5242 5241 5237 
3 3197 3194 3199 
3 4362 4359 4357 
3 4357 4356 4362 
3 5420 5425 5427 
3 5458 5457 5427 
3 5425 5430 5427 
3 5427 5430 5458 
3 4057 4031 4030 
3 4057 4030 4058 
3 4409 4414 4413 
3 4410 4409 4413 
3 4413 4528 4410 
3 3950 3948 3945 
3 3945 3870 3864 
3 4933 4941 4934 
3 4941 4988 4934 
3 4934 4928 4933 
3 3529 3522 3521 
3 3521 3474 3529 
3 1549 1550 1546 
3 1546 1545 1549 
3 1649 1641 1645 
3 1649 1645 1647 
3 1647 1655 1649 
3 982 979 984 
3 1450 1456 1457 
3 1457 1454 1450 
3 3604 3602 3601 
3 2972 3607 3604 
3 3604 3603 2972 
3 3601 3603 3604 
3 97 286 279 
3 100 286 97 
3 2424 2425 2427 
3 502 497 349 
3 345 343 502 
3 349 345 502 
3 5572 5569 5571 
3 5571 5689 5572 
3 300 297 298 
3 3711 3739 3742 
3 3712 3711 3742 
3 5496 5500 5497 
3 5496 5497 5494 
3 5494 5454 5496 
3 5416 5423 5415 
3 5416 5415 5410 
3 5407 5419 5416 
3 5410 5407 5416 
3 4029 4031 4034 
3 4034 4047 4035 
3 4034 4035 4026 
3 4034 4026 4029 
3 3957 3953 3948 
3 3948 3950 3957 
3 4941 4976 4988 
3 3527 3524 3522 
3 3522 3529 3527 
3 2915 2919 2921 
3 1550 1549 1554 
3 1637 1645 1641 
3 1605 1637 1641 
3 1960 1964 1963 
3 1963 1902 1960 
3 1452 1455 1456 
3 1450 1452 1456 
3 3596 3601 3602 
3 3602 3595 3596 
3 281 279 286 
3 285 281 286 
3 287 285 286 
3 286 100 290 
3 286 290 287 
3 2425 2424 2421 
3 2425 2421 2422 
3 2422 2423 2425 
3 497 494 488 
3 497 488 352 
3 497 352 349 
3 3043 3041 3038 
3 3043 3038 3042 
3 4961 4960 4966 
3 4966 4970 4972 
3 4972 4967 4966 
3 4966 4967 4961 
3 3752 3747 3745 
3 5494 5449 5454 
3 5449 5453 5454 
3 5423 5429 5415 
3 4025 4030 4031 
3 4029 4025 4031 
3 5335 5331 5337 
3 5337 5342 5335 
3 5009 5013 5007 
3 5007 5003 5009 
3 3525 3516 3524 
3 3524 3527 3528 
3 3524 3528 3525 
3 2924 2921 2919 
3 2775 2780 2778 
3 1681 1687 1703 
3 1681 1677 1687 
3 1681 1670 1677 
3 975 977 979 
3 979 977 981 
3 981 984 979 
3 1451 1354 1455 
3 1452 1451 1455 
3 2972 2949 3607 
3 279 280 276 
3 281 280 279 
3 1566 771 762 
3 1572 1570 1566 
3 753 1572 1566 
3 1566 762 753 
3 2434 2437 2435 
3 2434 2435 2433 
3 2434 2433 2430 
3 2430 2429 2434 
3 493 499 496 
3 4953 4956 4960 
3 4960 4961 4953 
3 3190 3194 3186 
3 3186 3147 3190 
3 5412 5415 5429 
3 5429 5434 5428 
3 5429 5428 5412 
3 5335 5327 5331 
3 3952 3953 3959 
3 3968 3947 3952 
3 3952 3959 3968 
3 5013 5009 5012 
3 5013 5012 5015 
3 5013 5015 5016 
3 3514 3511 3516 
3 3516 3525 3519 
3 3516 3519 3514 
3 2921 2924 2929 
3 2921 2929 2927 
3 2780 2775 2773 
3 2773 2779 2780 
3 2087 2088 2093 
3 2093 2088 2094 
3 2093 937 2087 
3 2097 937 2093 
3 2099 2097 2093 
3 2093 2094 2099 
3 977 975 332 
3 328 981 977 
3 977 332 328 
3 1353 1351 1354 
3 1451 1353 1354 
3 2946 2943 2949 
3 2949 2953 2946 
3 2972 2953 2949 
3 2107 2104 2102 
3 1757 1753 1756 
3 1756 1761 1757 
3 493 498 499 
3 1676 1684 1680 
3 1676 1680 1673 
3 1673 1671 1676 
3 4970 4971 4973 
3 4975 4972 4970 
3 4970 4973 4975 
3 3195 3199 3194 
3 3194 3190 3195 
3 3747 3739 3737 
3 3737 3745 3747 
3 5405 5410 5415 
3 5415 5411 5405 
3 5415 5412 5411 
3 4067 4068 4071 
3 4409 4410 4408 
3 4409 4408 4405 
3 4405 4403 4409 
3 3953 3957 3959 
3 4998 4993 4991 
3 4998 4991 4997 
3 4997 5003 4998 
3 3514 3509 3511 
3 3511 3509 3508 
3 2931 2924 2926 
3 2933 2931 2926 
3 2926 2930 2933 
3 5526 5529 5527 
3 2088 2087 2086 
3 2090 2094 2088 
3 2088 2086 2090 
3 336 332 975 
3 975 969 970 
3 975 970 336 
3 2557 2560 2565 
3 2946 2941 2943 
3 2098 2095 2108 
3 2106 2098 2108 
3 2095 2139 2108 
3 444 456 451 
3 451 448 442 
3 442 444 451 
3 2104 2110 2105 
3 2104 2107 2110 
3 1750 1753 1747 
3 498 493 494 
3 22 23 30 
3 1688 1680 1684 
3 1684 1689 1688 
3 5692 4973 4971 
3 3713 3737 3739 
3 3739 3711 3713 
3 5457 5461 5459 
3 5458 5461 5457 
3 5459 5444 5457 
3 4068 4076 4071 
3 4528 4529 4410 
3 3947 3968 3976 
3 3947 3976 3978 
3 3978 3942 3947 
3 5005 5009 5003 
3 5001 5005 5003 
3 4997 5001 5003 
3 2936 2929 2924 
3 2924 2931 2936 
3 748 746 757 
3 941 2087 937 
3 937 2097 935 
3 937 939 941 
3 935 939 937 
3 987 1024 984 
3 984 981 987 
3 2566 2565 2560 
3 2567 2566 2560 
3 2560 2559 2563 
3 2560 2563 2567 
3 2944 2937 2941 
3 2941 2946 2944 
3 2095 2091 2139 
3 2139 2091 2152 
3 2139 2152 2151 
3 459 463 456 
3 456 444 447 
3 456 447 459 
3 2107 2113 2110 
3 1753 1757 1752 
3 1752 1747 1753 
3 489 494 493 
3 1677 1673 1680 
3 1687 1677 1680 
3 1680 1688 1687 
3 3038 3036 3031 
3 3038 3031 3035 
3 3035 3042 3038 
3 4949 4952 4956 
3 4947 4949 4956 
3 4956 4953 4947 
3 5396 5341 5343 
3 5396 5343 5350 
3 5461 5458 5463 
3 5463 5467 5461 
3 5461 5467 5465 
3 5461 5465 5459 
3 4849 4854 4850 
3 4850 4845 4849 
3 4525 4410 4529 
3 4529 4532 4527 
3 4529 4527 4525 
3 2930 2922 2925 
3 2925 2934 2930 
3 2929 2935 2927 
3 2929 2936 2940 
3 2929 2940 2935 
3 2081 2086 2087 
3 2087 941 2078 
3 2087 2078 2081 
3 323 987 981 
3 981 328 323 
3 1351 1353 1349 
3 1351 1349 1347 
3 2981 2983 2977 
3 2977 2974 2981 
3 441 442 448 
3 446 441 448 
3 280 281 285 
3 4175 4176 4180 
3 1765 1757 1761 
3 1761 2510 1765 
3 489 488 494 
3 1657 1659 1653 
3 3035 3040 3042 
3 919 920 922 
3 5338 5343 5341 
3 3179 3176 3183 
3 3183 3184 3179 
3 3737 3713 3716 
3 5425 5426 5430 
3 5460 5458 5430 
3 4767 4766 4772 
3 4772 4774 4767 
3 4525 4408 4410 
3 2930 2926 2922 
3 2917 2914 2922 
3 2926 2920 2922 
3 2922 2920 2917 
3 2939 2936 2931 
3 2931 2933 2939 
3 731 729 724 
3 2097 2099 2101 
3 2097 2101 2103 
3 933 935 2097 
3 2103 933 2097 
3 330 328 332 
3 332 336 335 
3 332 335 330 
3 29 32 1353 
3 1353 1445 29 
3 32 1349 1353 
3 1353 1451 1445 
3 1401 1393 1397 
3 1401 1397 1403 
3 1403 1409 1401 
3 2976 2977 2983 
3 2983 2989 2985 
3 2983 2985 2976 
3 463 459 465 
3 4176 4175 4170 
3 4176 4170 4172 
3 5692 5689 5690 
3 5690 5691 5694 
3 5690 5694 5692 
3 2660 2664 2662 
3 2655 2660 2662 
3 2662 2651 2655 
3 920 919 916 
3 5343 5338 5345 
3 5343 5345 5350 
3 3711 3706 3713 
3 3707 3706 3711 
3 3711 3712 3707 
3 5460 5463 5458 
3 4766 4767 4765 
3 4766 4765 4761 
3 4766 4764 4768 
3 4762 4764 4766 
3 4761 4762 4766 
3 4408 4525 4521 
3 4407 4405 4408 
3 4408 4521 4407 
3 4731 4728 4732 
3 4921 4915 4922 
3 4922 4928 4921 
3 2936 2939 2942 
3 2936 2942 2940 
3 2779 2773 2774 
3 2774 2783 2779 
3 2096 2099 2094 
3 2094 2090 2096 
3 325 323 328 
3 328 330 325 
3 1342 1339 1349 
3 32 1342 1349 
3 1339 1347 1349 
3 444 440 447 
3 442 440 444 
3 23 18 20 
3 23 22 18 
3 5692 4971 5689 
3 4971 5572 5689 
3 5338 5334 5339 
3 5339 5345 5338 
3 3709 3713 3706 
3 3706 3707 3703 
3 3706 3703 3701 
3 3698 3702 3706 
3 3706 3702 3709 
3 3701 3698 3706 
3 5444 5459 5456 
3 5456 5441 5444 
3 4776 4774 4786 
3 4786 4794 4795 
3 4795 4776 4786 
3 5333 5326 5327 
3 5327 5326 5322 
3 5335 5333 5327 
3 4723 4722 4728 
3 4731 4723 4728 
3 4915 4913 4906 
3 4914 4922 4915 
3 4909 4914 4915 
3 4906 4909 4915 
3 3478 3485 3481 
3 3478 3481 3473 
3 3467 3468 3478 
3 3473 3467 3478 
3 2937 2933 2930 
3 2771 2774 2773 
3 2732 2771 2773 
3 2099 2096 2102 
3 2102 2101 2099 
3 2545 2516 2555 
3 2555 2553 2545 
3 1387 1397 1393 
3 2075 2083 2084 
3 2075 2073 2083 
3 396 447 440 
3 440 442 438 
3 440 435 396 
3 438 435 440 
3 1038 1039 1020 
3 350 349 352 
3 351 350 352 
3 4971 4968 5572 
3 2660 2655 2654 
3 916 919 917 
3 5330 5339 5334 
3 3713 3709 3716 
3 5440 5434 5441 
3 4774 4776 4770 
3 4774 4770 4767 
3 5433 5413 5428 
3 5414 5413 5433 
3 4908 4913 5019 
3 5023 4908 5019 
3 5019 5021 5022 
3 5022 5023 5019 
3 3485 3488 3484 
3 3485 3484 3481 
3 2937 2939 2933 
3 848 852 854 
3 850 852 848 
3 854 851 848 
3 2101 2102 2104 
3 2104 2103 2101 
3 2514 2555 2516 
3 2516 2511 2514 
3 1446 1445 1451 
3 1451 1452 1449 
3 1451 1449 1446 
3 2958 2946 2953 
3 2953 2972 2970 
3 2953 2970 2958 
3 2073 2071 2080 
3 2073 2080 2083 
3 391 459 447 
3 447 396 391 
3 4166 4170 4175 
3 4175 4174 4166 
3 5703 5701 5704 
3 4076 4073 4078 
3 4078 4079 4076 
3 1673 1666 1671 
3 1671 1666 1664 
3 1664 1669 1671 
3 1941 1939 1937 
3 2304 1941 1937 
3 1937 2308 2304 
3 5339 5346 5345 
3 5345 5346 5352 
3 5352 5350 5345 
3 3708 3707 3712 
3 5434 5440 5435 
3 5434 5435 5428 
3 4799 4795 4794 
3 4794 4797 4800 
3 4794 4800 4799 
3 5412 5428 5413 
3 5413 5406 5409 
3 5408 5406 5413 
3 5409 5412 5413 
3 5414 5408 5413 
3 3956 3957 3950 
3 3951 3956 3950 
3 4913 4908 4906 
3 2865 2871 2868 
3 3488 3497 3489 
3 3489 3484 3488 
3 2699 2700 2695 
3 857 854 852 
3 852 850 857 
3 2085 2090 2086 
3 2086 2081 2077 
3 2086 2077 2079 
3 2086 2079 2085 
3 2553 2555 2557 
3 2557 2554 2553 
3 2063 2059 2058 
3 2064 2063 2058 
3 2059 2055 2058 
3 2058 2228 2061 
3 2058 2061 2064 
3 2946 2950 2944 
3 2958 2950 2946 
3 441 437 442 
3 437 438 442 
3 4167 4172 4170 
3 4163 4167 4170 
3 4170 4166 4163 
3 969 967 970 
3 1946 1944 1939 
3 1941 1946 1939 
3 4950 4955 4954 
3 4954 4952 4948 
3 4954 4948 4950 
3 5346 5339 5347 
3 5347 5352 5346 
3 1996 1995 1998 
3 3176 3179 3173 
3 3707 3708 3703 
3 2039 2033 2030 
3 2039 2030 2041 
3 2039 2041 2043 
3 5293 5297 5291 
3 4758 4757 4761 
3 4902 4906 4908 
3 4908 5023 4902 
3 3484 3486 3482 
3 3489 3486 3484 
3 3482 3481 3484 
3 2775 2778 2700 
3 2700 2699 2725 
3 2700 2725 2775 
3 2778 2776 2700 
3 851 854 856 
3 851 853 739 
3 855 853 851 
3 851 856 855 
3 2090 2084 2092 
3 2085 2084 2090 
3 2090 2092 2096 
3 2560 2557 2555 
3 2559 2560 2555 
3 2555 2514 2559 
3 2059 2056 2055 
3 2055 2056 2052 
3 1397 1387 1391 
3 1399 1403 1397 
3 1391 1399 1397 
3 387 465 459 
3 459 391 387 
3 5714 5718 5713 
3 5713 5712 5714 
3 5714 5712 5711 
3 343 970 967 
3 1667 1668 1669 
3 1669 1664 1667 
3 4756 5234 4955 
3 4955 4950 4756 
3 4449 3708 4361 
3 4361 4359 4363 
3 4363 4447 4361 
3 4361 4447 4449 
3 2033 2034 1998 
3 2001 2030 2033 
3 1998 2001 2033 
3 4769 4770 4776 
3 4776 4795 4775 
3 4775 4769 4776 
3 3994 3990 3985 
3 3994 3987 3993 
3 3985 3987 3994 
3 3993 3998 3994 
3 4754 4760 4757 
3 4757 4760 4762 
3 4757 4762 4761 
3 3619 3622 3616 
3 3619 3616 2938 
3 3481 3482 3477 
3 3477 3473 3481 
3 857 856 854 
3 939 935 936 
3 939 936 944 
3 944 943 939 
3 2561 2558 2554 
3 2557 2561 2554 
3 2228 2236 2235 
3 2223 2061 2228 
3 2228 2235 2225 
3 2228 2225 2223 
3 1386 1391 1387 
3 1387 1382 1386 
3 5721 5713 5718 
3 5718 5724 5721 
3 2424 2426 2419 
3 2419 2421 2424 
3 5405 5401 5398 
3 2644 2655 2651 
3 2651 2633 2644 
3 5234 4756 5238 
3 5238 5240 5234 
3 5339 5330 5333 
3 5339 5333 5342 
3 5342 5347 5339 
3 3704 3703 3708 
3 4449 3704 3708 
3 2031 1996 2034 
3 2034 1996 1998 
3 4763 4767 4770 
3 4770 4769 4742 
3 4770 4742 4763 
3 3996 4004 3998 
3 3993 3996 3998 
3 4723 4719 4722 
3 3624 3620 3622 
3 3620 3616 3622 
3 3468 3467 3457 
3 3464 3472 3468 
3 3457 3464 3468 
3 722 739 853 
3 853 855 722 
3 1796 1805 1522 
3 1799 1805 1796 
3 1796 1522 1529 
3 1796 1529 1788 
3 1791 1799 1796 
3 1788 1791 1796 
3 2236 2245 2235 
3 2952 2944 2950 
3 2950 2958 2952 
3 5712 5713 5710 
3 5712 5710 5639 
3 5639 5711 5712 
3 4867 4860 4866 
3 970 343 341 
3 341 336 970 
3 2647 2654 2655 
3 2655 2644 2647 
3 4952 4949 4948 
3 4359 4362 4363 
3 2029 2041 2030 
3 2004 2029 2030 
3 2030 2001 2004 
3 4763 4765 4767 
3 4532 4526 4527 
3 4531 4526 4532 
3 4532 4540 4531 
3 3876 3887 3880 
3 3620 3613 3616 
3 3616 3613 2945 
3 2945 2938 3616 
3 3467 3473 3456 
3 3456 3457 3467 
3 1278 1284 1285 
3 722 735 739 
3 931 936 935 
3 935 933 931 
3 1518 1522 1805 
3 1805 1799 1807 
3 1805 1807 1824 
3 1805 1828 1518 
3 1824 1828 1805 
3 2223 2064 2061 
3 465 387 470 
3 99 102 106 
3 99 106 104 
3 5715 5709 5713 
3 5709 5710 5713 
3 5713 5721 5715 
3 2429 2430 2383 
3 343 345 341 
3 5239 5236 5241 
3 5245 5246 5239 
3 5241 5245 5239 
3 2632 2644 2633 
3 2633 2627 2632 
3 4943 4948 4949 
3 4949 4947 4943 
3 5330 5326 5333 
3 4881 3179 3184 
3 3703 3704 3700 
3 3700 3701 3703 
3 2041 2048 2050 
3 2032 2048 2041 
3 2041 2029 2032 
3 2050 2043 2041 
3 4765 4758 4761 
3 4765 4763 4758 
3 4525 4527 4526 
3 4523 4525 4526 
3 4519 4523 4526 
3 4526 4531 4524 
3 4526 4524 4519 
3 3957 3956 3960 
3 3962 3959 3957 
3 3960 3962 3957 
3 2938 2945 2943 
3 2938 2943 2941 
3 2941 2934 2938 
3 3473 3477 3461 
3 3473 3461 3456 
3 5637 5626 5638 
3 5638 5644 5637 
3 859 857 850 
3 850 849 859 
3 940 944 936 
3 936 931 934 
3 936 934 940 
3 1523 1529 1522 
3 1522 1518 1520 
3 1522 1520 1523 
3 1447 1449 1452 
3 1452 1450 1447 
3 1419 1409 1417 
3 1417 1426 1419 
3 102 105 108 
3 108 106 102 
3 5709 5652 5710 
3 5710 5652 5642 
3 5642 5639 5710 
3 342 341 345 
3 345 349 350 
3 345 350 346 
3 345 346 342 
3 4969 4965 4968 
3 4971 4969 4968 
3 4965 4964 4968 
3 3063 3059 3065 
3 4944 4950 4948 
3 4948 4943 4942 
3 4948 4942 4944 
3 3179 4881 5043 
3 5043 3173 3179 
3 4454 3700 3704 
3 3704 4449 4454 
3 2029 2004 2025 
3 2025 2032 2029 
3 4795 4799 4798 
3 4798 4775 4795 
3 3958 3960 3956 
3 3956 3951 3954 
3 3956 3954 3958 
3 2934 2941 2937 
3 2937 2930 2934 
3 3472 3464 3465 
3 3472 3465 3470 
3 5599 5485 5601 
3 2076 2081 2078 
3 2074 2076 2078 
3 1001 2074 2078 
3 1449 1447 1446 
3 1409 1403 1411 
3 1411 1417 1409 
3 101 20 14 
3 101 14 109 
3 109 105 101 
3 5711 5639 5636 
3 4860 4867 4864 
3 4856 4854 4860 
3 4864 4856 4860 
3 2421 2419 2409 
3 2421 2409 2414 
3 2414 2422 2421 
3 336 341 335 
3 4079 4077 4076 
3 3053 3065 3059 
3 3050 3053 3059 
3 4759 4756 4950 
3 4764 4759 4950 
3 4950 4944 4764 
3 3173 5043 5046 
3 3702 3698 3697 
3 3702 3697 3699 
3 3702 3699 3709 
3 2043 2050 2051 
3 1265 1263 1259 
3 5005 5012 5009 
3 5485 5481 5602 
3 5485 5602 5601 
3 2081 2076 2065 
3 2081 2065 2077 
3 1799 1798 1807 
3 1791 1798 1799 
3 5673 5674 5702 
3 5673 5669 5674 
3 5702 5679 5673 
3 1426 1417 1429 
3 109 108 105 
3 5639 5642 5635 
3 5633 5636 5639 
3 5635 5633 5639 
3 341 342 338 
3 338 335 341 
3 4074 4076 4077 
3 4962 5228 4964 
3 4965 4962 4964 
3 891 1101 890 
3 626 439 445 
3 445 622 626 
3 4753 5238 4756 
3 4755 4753 4756 
3 4759 4755 4756 
3 2003 1979 1953 
3 1953 1947 1949 
3 2007 2003 1953 
3 1953 1949 2007 
3 3694 3697 3698 
3 3698 3701 3696 
3 3696 3694 3698 
3 5280 5283 5288 
3 5279 5283 5280 
3 5280 5288 5287 
3 5274 5279 5280 
3 5284 5278 5280 
3 5280 5278 5274 
3 5287 5284 5280 
3 5050 5042 5052 
3 5041 5042 5050 
3 5050 5052 5056 
3 5056 5055 5050 
3 5050 5055 5054 
3 5050 5054 5051 
3 5050 5051 5047 
3 5050 5047 5041 
3 4805 4800 4797 
3 4797 4826 4805 
3 3996 4001 4004 
3 3977 3976 3968 
3 5012 5005 5079 
3 5085 5015 5012 
3 5012 5079 5083 
3 5012 5083 5085 
3 2687 2685 2693 
3 2693 2694 2687 
3 856 857 861 
3 858 855 856 
3 856 861 858 
3 1798 1790 1794 
3 1808 1807 1798 
3 1798 1791 1790 
3 1798 1800 1808 
3 1794 1800 1798 
3 5669 5666 5674 
3 5669 5661 5666 
3 2982 2972 3603 
3 3603 3601 3598 
3 2988 2982 3603 
3 3603 3598 2988 
3 106 110 104 
3 112 110 106 
3 106 108 112 
3 5731 5726 5724 
3 5726 5721 5724 
3 4076 4074 4071 
3 1107 1104 1101 
3 1106 1104 1107 
3 436 439 431 
3 5335 5342 5333 
3 1979 2003 2000 
3 2000 1994 1979 
3 5285 5288 5283 
3 5283 5279 5285 
3 5035 5052 5042 
3 5042 5041 5036 
3 5042 5036 5035 
3 4806 4799 4800 
3 4800 4805 4806 
3 4003 4007 4009 
3 3982 3978 3976 
3 3981 3982 3976 
3 3976 3977 3981 
3 5005 5001 4999 
3 4999 5079 5005 
3 3460 3465 3464 
3 3464 3457 3460 
3 2678 2671 2675 
3 2675 2685 2678 
3 857 859 867 
3 863 861 857 
3 867 863 857 
3 1637 1640 1645 
3 1645 1640 1647 
3 1819 1824 1807 
3 1807 1808 1819 
3 5679 5702 5701 
3 5683 5678 5679 
3 5701 5683 5679 
3 2982 2970 2972 
3 111 104 110 
3 110 112 117 
3 126 111 110 
3 117 126 110 
3 5726 5715 5721 
3 783 787 790 
3 2409 2401 2407 
3 2407 2414 2409 
3 351 346 350 
3 3655 3548 3558 
3 1098 1101 1104 
3 1104 1106 1097 
3 1104 1097 1098 
3 443 445 439 
3 436 443 439 
3 1944 1949 1947 
3 3700 3696 3701 
3 5296 5287 5288 
3 5288 5285 5294 
3 5288 5294 5296 
3 5059 5056 5052 
3 5034 5059 5052 
3 5035 5034 5052 
3 4802 4798 4799 
3 4799 4806 4802 
3 4525 4523 4521 
3 4684 4719 4681 
3 4681 4680 4684 
3 5001 4997 4995 
3 4995 4999 5001 
3 3465 3460 3459 
3 3463 3470 3465 
3 3459 3463 3465 
3 2698 2693 2685 
3 2690 2698 2685 
3 2675 2690 2685 
3 860 859 849 
3 845 860 849 
3 1635 1642 1640 
3 1640 1642 1647 
3 1629 1635 1640 
3 1640 1637 1634 
3 1640 1634 1629 
3 1791 1784 1790 
3 1791 1788 1784 
3 5678 5683 5682 
3 1399 1411 1403 
3 111 103 104 
3 4210 4219 4182 
3 4182 4177 4210 
3 4854 4856 4850 
3 348 342 346 
3 346 351 348 
3 3655 3661 3548 
3 3548 3661 3518 
3 3520 3523 3548 
3 3518 3520 3548 
3 886 890 1101 
3 1091 886 1101 
3 1101 1098 1091 
3 2006 2000 2003 
3 2008 2006 2003 
3 2003 2007 2008 
3 3710 3709 3699 
3 5055 5056 5060 
3 5057 5054 5055 
3 5055 5060 5057 
3 4520 4521 4523 
3 4519 4520 4523 
3 4719 4723 4681 
3 5015 5018 5016 
3 5085 5018 5015 
3 3450 3460 3457 
3 3451 3450 3457 
3 3457 3456 3451 
3 2939 2937 2944 
3 2944 2942 2939 
3 860 867 859 
3 1637 1605 1607 
3 1637 1607 1634 
3 1513 1518 1828 
3 1828 1824 1829 
3 1828 1830 1513 
3 1829 1830 1828 
3 5683 5701 5693 
3 5693 5682 5683 
3 1417 1411 1423 
3 1423 1429 1417 
3 397 396 435 
3 435 438 432 
3 435 432 400 
3 435 400 397 
3 108 109 113 
3 108 113 115 
3 115 112 108 
3 4219 4226 4225 
3 4225 4182 4219 
3 4853 4850 4856 
3 4856 4864 4859 
3 4856 4859 4853 
3 1819 1826 1827 
3 1817 1826 1819 
3 340 338 342 
3 344 340 342 
3 348 344 342 
3 4354 4344 4364 
3 4344 4349 4364 
3 4364 4366 4354 
3 4967 4972 4974 
3 4963 4961 4967 
3 4967 4974 4963 
3 2009 2007 1949 
3 1949 1944 1946 
3 1949 1946 2009 
3 3710 3716 3709 
3 5278 5282 5275 
3 5278 5284 5282 
3 5278 5275 5273 
3 5273 5274 5278 
3 5056 5063 5060 
3 5056 5059 5063 
3 5400 5409 5406 
3 5406 5408 5402 
3 5406 5402 5400 
3 4680 4681 4674 
3 4680 4674 4675 
3 4680 4675 4677 
3 4677 4679 4680 
3 5020 5016 5018 
3 5018 5085 5088 
3 5018 5088 5087 
3 5018 5087 5069 
3 5018 5069 5024 
3 5024 5020 5018 
3 2952 2951 2942 
3 2942 2944 2952 
3 2947 2940 2942 
3 2951 2947 2942 
3 855 858 712 
3 855 712 722 
3 1661 1663 1655 
3 1647 1656 1655 
3 1655 1656 1661 
3 1518 1515 1520 
3 1513 1515 1518 
3 5684 5681 5682 
3 5688 5684 5682 
3 5682 5693 5688 
3 1411 1399 1407 
3 1411 1407 1421 
3 1421 1423 1411 
3 389 391 396 
3 396 397 393 
3 396 393 389 
3 115 117 112 
3 4231 4225 4226 
3 4850 4853 4844 
3 1826 1817 1816 
3 1826 1816 1825 
3 1826 1825 1835 
3 21 25 1446 
3 1446 16 21 
3 3039 3045 3053 
3 3053 3050 3039 
3 4972 4975 4978 
3 4978 4974 4972 
3 1997 1991 1994 
3 1999 1997 1994 
3 1994 2000 2002 
3 1994 2002 1999 
3 3147 3142 3145 
3 3145 3190 3147 
3 5286 5282 5284 
3 5284 5287 5286 
3 5053 5051 5054 
3 5054 5057 5058 
3 5054 5058 5053 
3 1274 1269 1270 
3 1270 1335 1274 
3 5412 5409 5411 
3 3962 3960 3964 
3 3471 3474 3470 
3 3463 3471 3470 
3 2940 2948 2935 
3 2940 2947 2948 
3 1235 1234 1228 
3 1235 1228 1229 
3 1235 1229 1238 
3 1666 1670 1663 
3 1663 1661 1666 
3 1516 1520 1515 
3 1511 1516 1515 
3 1515 1513 1511 
3 2559 2513 2563 
3 2970 2982 2973 
3 2970 2973 2958 
3 437 432 438 
3 103 111 107 
3 103 107 100 
3 4177 4182 4150 
3 4177 4150 4174 
3 4863 4859 4864 
3 4467 4468 4472 
3 4472 4470 4467 
3 4951 4953 4961 
3 4963 4951 4961 
3 3145 3195 3190 
3 5287 5291 5286 
3 5293 5291 5287 
3 5287 5296 5293 
3 5048 5047 5051 
3 5051 5053 5048 
3 5275 5268 5269 
3 5275 5269 5273 
3 5401 5411 5409 
3 5409 5400 5401 
3 3963 3964 3960 
3 3958 3961 3960 
3 3960 3961 3963 
3 761 754 749 
3 749 755 761 
3 2955 2948 2947 
3 2947 2951 2955 
3 1234 1239 1232 
3 1225 1228 1234 
3 1234 1232 1225 
3 1670 1666 1673 
3 1670 1673 1677 
3 1516 1523 1520 
3 1298 1295 1301 
3 1301 1320 1316 
3 1301 1316 1304 
3 1304 1298 1301 
3 1399 1391 1394 
3 1394 1407 1399 
3 391 389 384 
3 384 387 391 
3 4182 4225 4145 
3 4145 4150 4182 
3 787 783 776 
3 1817 1811 1816 
3 338 333 335 
3 335 333 330 
3 13 21 16 
3 16 10 13 
3 4468 4467 4464 
3 1108 1106 1110 
3 553 557 558 
3 4977 4975 4973 
3 4973 5692 5696 
3 4973 5696 4977 
3 1997 1999 2001 
3 2001 1995 1997 
3 3694 3696 3692 
3 5273 5270 5274 
3 5044 5041 5047 
3 5048 5044 5047 
3 5408 5414 5340 
3 5340 5402 5408 
3 3964 3963 3967 
3 755 749 747 
3 747 758 755 
3 1239 1236 1232 
3 1245 1236 1239 
3 1824 1819 1827 
3 1827 1829 1824 
3 1293 1291 1295 
3 1295 1298 1293 
3 1185 1186 1189 
3 1184 1185 1189 
3 1190 1184 1189 
3 4225 4231 4229 
3 4225 4229 4145 
3 3260 4853 4859 
3 4859 4863 3260 
3 1809 1813 1811 
3 1813 1816 1811 
3 333 338 334 
3 329 330 333 
3 334 329 333 
3 21 13 19 
3 1662 1667 1664 
3 1664 1659 1662 
3 1106 1108 1102 
3 1102 1097 1106 
3 4977 4979 4975 
3 4979 4978 4975 
3 2006 2002 2000 
3 3696 3700 3695 
3 3695 3692 3696 
3 5285 5290 5294 
3 5281 5290 5285 
3 5044 5038 5041 
3 5038 5036 5041 
3 4030 4025 4022 
3 5336 5340 5414 
3 4676 4681 4723 
3 4724 4676 4723 
3 4723 4731 4724 
3 758 747 748 
3 758 748 757 
3 757 763 758 
3 1514 1508 1345 
3 1345 1341 1514 
3 1224 1229 1228 
3 1228 1225 1224 
3 944 940 946 
3 1523 1516 1524 
3 1321 1316 1320 
3 1391 1386 1388 
3 1388 1394 1391 
3 844 893 887 
3 887 842 844 
3 4151 4174 4150 
3 4150 4148 4151 
3 4142 4148 4150 
3 4150 4145 4142 
3 3271 4844 4853 
3 3266 3271 4853 
3 3262 3266 4853 
3 4853 3260 3262 
3 1816 1813 1820 
3 1820 1825 1816 
3 338 340 334 
3 9 13 10 
3 1662 1665 1667 
3 4953 4951 4945 
3 4945 4947 4953 
3 3904 3905 3900 
3 3899 3904 3900 
3 2004 1999 2002 
3 2002 2006 2005 
3 2002 2005 2004 
3 3700 4454 4457 
3 3700 4457 3695 
3 5036 5029 5035 
3 5032 5029 5036 
3 5038 5032 5036 
3 4025 4029 4021 
3 4025 4021 4017 
3 4025 4017 4022 
3 4402 4401 4403 
3 4403 4405 4402 
3 4681 4676 4674 
3 763 757 767 
3 3474 3471 3530 
3 3530 3529 3474 
3 1224 1226 1229 
3 1229 1226 1233 
3 1233 1238 1229 
3 933 2103 927 
3 926 931 933 
3 933 927 926 
3 1517 1524 1516 
3 1516 1512 1517 
3 1511 1512 1516 
3 1316 1321 1318 
3 1316 1318 1313 
3 1313 1304 1316 
3 3596 3597 3601 
3 3597 3598 3601 
3 1804 1808 1800 
3 1800 1794 1797 
3 1800 1797 1804 
3 324 325 330 
3 330 329 324 
3 13 9 12 
3 12 19 13 
3 4470 3686 4465 
3 4465 4467 4470 
3 3104 3097 3096 
3 4124 3914 4120 
3 4951 4963 4946 
3 4951 4946 4938 
3 4938 4945 4951 
3 2004 2001 1999 
3 3692 3695 3691 
3 3692 3691 3689 
3 988 980 983 
3 990 992 988 
3 983 990 988 
3 4402 4398 4401 
3 4673 4674 4676 
3 4676 4724 4673 
3 2865 2867 2871 
3 2718 2696 2694 
3 2701 2718 2694 
3 2694 2693 2701 
3 1226 1224 1222 
3 1743 1233 1226 
3 1226 1741 1743 
3 1222 1741 1226 
3 2103 2104 2105 
3 2105 927 2103 
3 1283 1275 1282 
3 1282 1275 1272 
3 1272 1281 1282 
3 1282 1287 1283 
3 2980 2973 2982 
3 2982 2988 2980 
3 1817 1819 1808 
3 1811 1817 1808 
3 1808 1804 1811 
3 339 334 340 
3 340 344 339 
3 1657 1662 1659 
3 3104 3106 3097 
3 4974 4982 4976 
3 4976 4963 4974 
3 4974 4978 4980 
3 4974 4980 4982 
3 1995 2001 1998 
3 978 983 980 
3 972 978 980 
3 4007 4003 4005 
3 4007 4005 4008 
3 4653 4675 4674 
3 4674 4673 4670 
3 4674 4670 4653 
3 2863 2866 2867 
3 2867 2865 2863 
3 2718 2699 2696 
3 1524 1517 1521 
3 2966 2958 2973 
3 2975 2966 2973 
3 2980 2975 2973 
3 4174 4151 4166 
3 1793 1797 1794 
3 1747 1748 1745 
3 1752 1748 1747 
3 326 324 329 
3 331 326 329 
3 329 334 331 
3 5246 5245 5250 
3 4963 4976 4941 
3 4941 4946 4963 
3 3905 3904 3906 
3 4252 4256 3905 
3 3906 4252 3905 
3 4352 4351 4348 
3 992 1019 1014 
3 992 990 1019 
3 4769 4775 4735 
3 4737 4742 4769 
3 4769 4735 4737 
3 4651 4677 4675 
3 4653 4651 4675 
3 2718 2724 2699 
3 2724 2725 2699 
3 1233 1743 1746 
3 1509 1517 1512 
3 1512 1511 1507 
3 1512 1507 1506 
3 1506 1509 1512 
3 1289 1287 1291 
3 1291 1293 1289 
3 2992 2988 3598 
3 1803 1804 1797 
3 1793 1801 1797 
3 1797 1801 1803 
3 1746 1745 1748 
3 334 339 331 
3 17 22 19 
3 12 17 19 
3 5247 5250 5245 
3 5245 5241 5242 
3 5245 5242 5247 
3 3050 3040 3039 
3 5403 5397 5392 
3 4984 4986 4978 
3 4978 4979 4984 
3 4986 4980 4978 
3 3904 3899 3902 
3 3904 3902 3907 
3 3904 3907 3906 
3 4358 4356 4351 
3 4352 4358 4351 
3 1528 1527 1533 
3 1533 1536 1528 
3 1527 1531 1533 
3 4775 4798 4733 
3 4733 4735 4775 
3 4407 4402 4405 
3 4731 4730 4724 
3 3471 3463 3462 
3 3531 3530 3471 
3 3469 3531 3471 
3 3462 3469 3471 
3 1227 1232 1236 
3 1236 1245 1240 
3 1236 1231 1227 
3 1240 1231 1236 
3 1510 1521 1517 
3 1509 1510 1517 
3 1289 1283 1287 
3 2988 2992 2990 
3 2988 2990 2986 
3 2988 2986 2980 
3 2812 2985 2989 
3 2989 2807 2812 
3 4144 4151 4148 
3 4148 4142 4144 
3 1804 1803 1811 
3 344 348 347 
3 347 339 344 
3 22 17 18 
3 1121 1117 1118 
3 1118 1117 1115 
3 2654 2647 2648 
3 5388 5392 5397 
3 5391 5388 5397 
3 5397 5399 5391 
3 2447 2476 2473 
3 2473 2476 2479 
3 4986 4982 4980 
3 2011 2005 2006 
3 2006 2008 2010 
3 2006 2010 2011 
3 4356 4358 4362 
3 1527 1525 1531 
3 4742 4736 4741 
3 4741 4763 4742 
3 4742 4737 4736 
3 4398 4402 4397 
3 4397 4392 4398 
3 3458 3462 3463 
3 3463 3459 3458 
3 1223 1225 1232 
3 1232 1227 1223 
3 1504 1513 1830 
3 1830 1829 1833 
3 1830 1834 1504 
3 1833 1834 1830 
3 1292 1293 1298 
3 1298 1304 1300 
3 1298 1300 1297 
3 1297 1292 1298 
3 2966 2952 2958 
3 2985 2816 2976 
3 2985 2812 2816 
3 4154 4166 4151 
3 4151 4149 4154 
3 4143 4149 4151 
3 4151 4144 4143 
3 1795 1802 1801 
3 1801 1802 1806 
3 1793 1795 1801 
3 1806 1803 1801 
3 2404 2407 2401 
3 17 12 15 
3 17 15 18 
3 1117 1121 1120 
3 1117 1120 1116 
3 1116 1115 1117 
3 5392 5388 5387 
3 2476 2447 2423 
3 2476 2423 2420 
3 2481 2479 2476 
3 2476 2420 2481 
3 4941 4938 4946 
3 2012 2008 2007 
3 2007 2009 2012 
3 4369 4368 4372 
3 4372 4438 4369 
3 1025 1019 990 
3 1023 1025 990 
3 986 1023 990 
3 990 983 986 
3 4763 4741 4758 
3 4402 4407 4426 
3 4400 4397 4402 
3 4426 4400 4402 
3 5782 5776 5781 
3 5781 5785 5793 
3 5781 5793 5801 
3 5781 5801 5782 
3 5222 5220 5218 
3 633 634 639 
3 639 634 1577 
3 639 641 633 
3 643 641 639 
3 1575 643 639 
3 639 1577 1575 
3 1245 1252 1240 
3 1260 1252 1245 
3 1503 1511 1513 
3 1513 1504 1503 
3 1293 1292 1289 
3 1382 1377 1381 
3 1381 1386 1382 
3 2809 2812 2807 
3 2805 2809 2807 
3 3221 2367 3224 
3 3220 3216 3221 
3 3224 3220 3221 
3 1806 1809 1803 
3 1809 1811 1803 
3 327 331 339 
3 1125 1120 1121 
3 5383 5387 5388 
3 5382 5383 5388 
3 5388 5391 5382 
3 4947 4945 4943 
3 4252 4255 4256 
3 2011 2004 2005 
3 4365 4366 4368 
3 4368 4369 4365 
3 982 986 983 
3 983 978 982 
3 4045 4047 4054 
3 4050 4045 4054 
3 4054 4064 4056 
3 4056 4050 4054 
3 3997 4003 4001 
3 4001 3996 3997 
3 5772 5768 5776 
3 5776 5782 5777 
3 5776 5777 5772 
3 634 633 628 
3 1580 1577 634 
3 628 1580 634 
3 1252 1262 1268 
3 1255 1240 1252 
3 1268 1255 1252 
3 1252 1260 1262 
3 1827 1831 1829 
3 1831 1833 1829 
3 1304 1313 1305 
3 1305 1300 1304 
3 1386 1381 1384 
3 1386 1384 1388 
3 2812 2809 2814 
3 2812 2814 2816 
3 2372 3224 2367 
3 4844 3271 3290 
3 3293 4838 4844 
3 4844 3290 3293 
3 1119 1116 1120 
3 1120 1125 1119 
3 5387 5383 5385 
3 5387 5385 5386 
3 2417 2420 2423 
3 2423 2422 2417 
3 4936 4943 4945 
3 4945 4938 4936 
3 2012 2010 2008 
3 4360 4354 4366 
3 4366 4365 4360 
3 978 973 974 
3 978 974 976 
3 978 976 982 
3 978 972 973 
3 4047 4045 4035 
3 4003 4002 4005 
3 3999 4002 4003 
3 4003 3997 3999 
3 4727 4724 4730 
3 3532 3527 3529 
3 3535 3532 3529 
3 3533 3535 3529 
3 3529 3530 3533 
3 636 633 641 
3 641 643 647 
3 640 636 641 
3 645 640 641 
3 641 647 645 
3 1225 1223 1220 
3 1225 1220 1224 
3 2051 2060 2065 
3 2070 2077 2065 
3 2060 2070 2065 
3 1502 1507 1511 
3 1511 1503 1502 
3 1305 1302 1300 
3 1302 1297 1300 
3 1407 1394 1400 
3 1415 1421 1407 
3 1400 1415 1407 
3 243 245 246 
3 241 243 246 
3 3216 3214 3208 
3 3208 3209 3216 
3 3209 2340 3216 
3 3216 3220 3214 
3 3273 3290 3271 
3 3271 3266 3273 
3 2641 2647 2644 
3 2644 2632 2641 
3 5378 5385 5383 
3 5383 5382 5378 
3 4625 4624 4629 
3 4630 4625 4629 
3 2018 2011 2010 
3 2010 2012 2016 
3 2010 2016 2018 
3 4354 4360 4352 
3 4033 4035 4045 
3 4045 4050 4041 
3 4045 4041 4033 
3 1695 4005 4002 
3 4002 3999 1699 
3 4002 1699 1695 
3 4724 4727 4673 
3 3532 3528 3527 
3 633 636 629 
3 629 628 633 
3 862 858 861 
3 865 862 861 
3 861 863 865 
3 2070 2079 2077 
3 2703 2670 2659 
3 2702 2670 2703 
3 1444 1454 1458 
3 1394 1388 1392 
3 1392 1400 1394 
3 2230 2225 2235 
3 245 243 158 
3 4167 4169 4172 
3 4838 3293 4835 
3 2647 2641 2645 
3 2645 2648 2647 
3 5385 5378 5379 
3 5385 5379 5384 
3 2481 2483 2479 
3 2004 2011 2025 
3 4438 4441 4369 
3 4035 4033 4028 
3 4035 4028 4026 
3 1693 4008 4005 
3 4005 1695 1693 
3 4725 4727 4729 
3 4804 4725 4729 
3 3528 3542 3546 
3 3532 3542 3528 
3 3528 3546 3525 
3 643 1575 736 
3 727 647 643 
3 736 727 643 
3 858 862 705 
3 705 712 858 
3 2079 2084 2085 
3 2079 2075 2084 
3 2079 2070 2075 
3 2670 2664 2660 
3 2675 2664 2670 
3 2660 2659 2670 
3 1444 1448 1454 
3 1454 1448 1450 
3 2264 2266 2271 
3 4169 4167 4165 
3 4169 4165 4168 
3 3298 3293 3290 
3 3290 3273 3291 
3 3296 3298 3290 
3 3290 3291 3296 
3 3209 2336 2340 
3 2494 2490 2496 
3 2494 2496 2499 
3 4936 4937 4943 
3 2022 2025 2011 
3 2011 2018 2022 
3 4441 4443 4445 
3 4441 4445 4442 
3 4441 4442 4369 
3 4064 4070 4072 
3 4064 4072 4075 
3 4069 4056 4064 
3 4075 4069 4064 
3 4521 4520 4518 
3 4518 4407 4521 
3 4672 4673 4727 
3 4725 4672 4727 
3 3553 3546 3542 
3 3542 3532 3543 
3 3549 3553 3542 
3 3543 3549 3542 
3 1572 1575 1577 
3 1577 1580 1581 
3 1577 1581 1576 
3 1576 1572 1577 
3 862 865 864 
3 864 705 862 
3 2060 2067 2070 
3 2070 2067 2075 
3 2659 2660 2654 
3 2652 2657 2659 
3 2654 2652 2659 
3 1448 1444 1443 
3 1443 1450 1448 
3 1155 1154 1158 
3 1159 1155 1158 
3 1158 1186 1180 
3 1158 1180 1159 
3 2046 2032 2028 
3 2023 2271 2266 
3 2266 2027 2023 
3 893 892 889 
3 889 887 893 
3 4167 4161 4165 
3 4158 4161 4167 
3 4167 4163 4158 
3 3298 4835 3293 
3 4937 4936 4930 
3 4443 4450 4445 
3 4074 4080 4070 
3 4071 4074 4070 
3 4080 4072 4070 
3 4517 4518 4520 
3 4520 4519 4517 
3 5792 5793 5785 
3 5785 5787 5792 
3 3526 3525 3546 
3 3547 3526 3546 
3 3546 3553 3552 
3 3546 3552 3547 
3 1575 1572 753 
3 744 736 1575 
3 753 744 1575 
3 863 867 871 
3 863 871 869 
3 863 869 865 
3 2724 2718 2729 
3 3594 2993 2992 
3 2992 3598 3594 
3 3594 3598 3597 
3 1154 1155 1152 
3 1154 1152 1149 
3 2032 2025 2028 
3 2026 2024 2027 
3 2027 2024 2023 
3 836 2757 840 
3 840 837 836 
3 1766 1764 1760 
3 1757 1762 1760 
3 1760 1762 1766 
3 4162 4165 4161 
3 4159 4162 4161 
3 4161 4158 4157 
3 4161 4157 4159 
3 3264 3273 3266 
3 3266 3262 3264 
3 5250 5247 5253 
3 5398 5391 5399 
3 3908 3907 3902 
3 3901 3908 3902 
3 4451 4445 4450 
3 4456 4451 4450 
3 4450 4458 4456 
3 1008 1003 1004 
3 1004 1010 1012 
3 1012 1008 1004 
3 4084 4075 4072 
3 4080 4084 4072 
3 5341 5396 5402 
3 5396 5400 5402 
3 5402 5340 5341 
3 5767 5760 5768 
3 5768 5772 5767 
3 3535 3543 3532 
3 1580 628 1583 
3 1580 1583 1581 
3 878 871 867 
3 876 878 867 
3 867 860 876 
3 2723 2729 2718 
3 2718 2701 2717 
3 2717 2723 2718 
3 2653 2658 2657 
3 2650 2653 2657 
3 2657 2652 2650 
3 3590 3587 3593 
3 3595 3590 3593 
3 3596 3595 3593 
3 1155 1159 1156 
3 1155 1156 1150 
3 1150 1152 1155 
3 2147 2145 2141 
3 2148 2155 2147 
3 2147 2141 2142 
3 2147 2142 2148 
3 4165 4162 4164 
3 3263 3270 3265 
3 3740 3760 3754 
3 3754 3760 3764 
3 3748 3740 3754 
3 1105 1102 1108 
3 1108 1145 1105 
3 5391 5398 5389 
3 5391 5389 5381 
3 5381 5382 5391 
3 4625 4630 4626 
3 4626 4623 4625 
3 3907 3909 3906 
3 3910 3909 3907 
3 3908 3910 3907 
3 4444 4442 4445 
3 4445 4451 4448 
3 4445 4448 4444 
3 999 997 1000 
3 1005 1002 1000 
3 1000 1002 999 
3 1000 1003 1005 
3 4046 4041 4050 
3 4050 4056 4053 
3 4053 4046 4050 
3 5396 5393 5400 
3 5395 5401 5400 
3 5393 5395 5400 
3 4673 4669 4670 
3 4672 4669 4673 
3 3526 3519 3525 
3 636 640 635 
3 631 629 636 
3 635 631 636 
3 873 869 871 
3 878 873 871 
3 1501 1506 1507 
3 1507 1502 1501 
3 3587 3590 3584 
3 3587 3584 3578 
3 2145 2143 2135 
3 2137 2141 2145 
3 2135 2137 2145 
3 1765 1770 1762 
3 1762 1757 1765 
3 1770 1766 1762 
3 3273 3264 3267 
3 3267 3275 3273 
3 3273 3275 3289 
3 3289 3291 3273 
3 3277 3285 3270 
3 3270 3263 3269 
3 3270 3269 3277 
3 3760 3740 3743 
3 3760 3743 3761 
3 3768 3764 3760 
3 3761 3768 3760 
3 5394 5389 5398 
3 4630 4631 3448 
3 3448 4626 4630 
3 4367 4369 4442 
3 4442 4444 4367 
3 997 999 945 
3 997 945 943 
3 4032 4033 4041 
3 4041 4046 4043 
3 4043 4032 4041 
3 4515 4426 4407 
3 4407 4518 4515 
3 5757 5760 5753 
3 5751 5750 5757 
3 5753 5751 5757 
3 3520 3514 3519 
3 3519 3523 3520 
3 3519 3526 3523 
3 640 642 635 
3 646 642 640 
3 640 645 646 
3 1547 1549 1545 
3 1545 1544 1547 
3 1908 1913 1912 
3 1912 1907 1908 
3 5655 5656 5662 
3 5647 5656 5655 
3 5655 5648 5647 
3 2512 2562 2513 
3 2562 2563 2513 
3 2513 2509 2512 
3 5468 5470 5467 
3 2161 2170 2155 
3 2155 2148 2161 
3 1770 1774 1766 
3 3220 3224 3225 
3 3220 3225 3222 
3 3220 3222 3214 
3 3286 3285 3294 
3 3734 3743 3740 
3 3740 3748 3736 
3 3740 3736 3731 
3 3740 3731 3734 
3 2622 2625 2627 
3 886 1091 1083 
3 4938 4941 4935 
3 4938 4935 4932 
3 4932 4936 4938 
3 4367 4365 4369 
3 1001 999 1002 
3 4056 4069 4053 
3 4513 4515 4518 
3 4518 4517 4513 
3 5760 5761 5756 
3 5756 5753 5760 
3 5760 5767 5761 
3 3526 3547 3523 
3 623 1583 628 
3 628 629 624 
3 628 624 623 
3 1553 1554 1549 
3 1547 1553 1549 
3 1918 1929 1917 
3 1917 1913 1918 
3 5663 5662 5656 
3 5659 5663 5656 
3 5647 5659 5656 
3 1434 1443 1444 
3 1444 1440 1434 
3 5464 5467 5463 
3 2136 2135 2143 
3 3224 3227 3225 
3 2376 3227 3224 
3 2372 2376 3224 
3 2464 2463 2469 
3 1168 1169 1165 
3 1165 1163 1168 
3 3285 3277 3288 
3 3295 3294 3285 
3 3297 3295 3285 
3 3288 3297 3285 
3 3734 3761 3743 
3 2632 2627 2625 
3 2625 2628 2632 
3 1088 1091 1098 
3 3444 3448 4631 
3 4365 4358 4360 
3 4362 4358 4365 
3 4365 4367 4362 
3 2078 941 999 
3 1001 2078 999 
3 941 945 999 
3 4069 4091 4093 
3 4069 4093 4092 
3 4069 4092 4053 
3 4069 4075 4084 
3 4069 4084 4091 
3 4335 4331 4341 
3 4328 4331 4335 
3 4335 4341 4343 
3 4335 4330 4328 
3 4338 4330 4335 
3 4343 4338 4335 
3 5082 5083 5079 
3 5077 5082 5079 
3 4999 5077 5079 
3 1584 1581 1583 
3 1583 623 1587 
3 1583 1587 1584 
3 869 873 874 
3 868 865 869 
3 869 874 872 
3 869 872 868 
3 1913 1915 1918 
3 1913 1909 1915 
3 1913 1908 1909 
3 5668 5665 5662 
3 5662 5663 5668 
3 1450 1443 1442 
3 1442 1447 1450 
3 5471 5467 5470 
3 5470 5473 5475 
3 5475 5471 5470 
3 2803 2801 2797 
3 2805 2801 2803 
3 2803 2808 2805 
3 4268 4265 4264 
3 3230 3228 3227 
3 3229 3230 3227 
3 3228 3225 3227 
3 3227 2376 3229 
3 5417 5418 5421 
3 5421 5420 5417 
3 2468 2469 2463 
3 1306 1175 1178 
3 1178 1303 1306 
3 3257 3269 3263 
3 3263 3255 3257 
3 3748 3752 3745 
3 3745 3738 3748 
3 3748 3738 3736 
3 1088 1083 1091 
3 4623 4626 3455 
3 4352 4360 4358 
3 941 939 945 
3 945 939 943 
3 4293 4341 4331 
3 4331 4328 4295 
3 4295 4293 4331 
3 3955 3958 3954 
3 3954 3851 3955 
3 5086 5085 5083 
3 5083 5082 5086 
3 625 624 629 
3 629 631 625 
3 879 874 873 
3 873 878 879 
3 1604 1598 1605 
3 5648 5644 5647 
3 1439 1442 1443 
3 1443 1434 1439 
3 5467 5471 5469 
3 5467 5469 5465 
3 2799 2797 2801 
3 2801 2805 2799 
3 5419 5417 5420 
3 2475 2472 2469 
3 2469 2468 2475 
3 1171 1169 1175 
3 1306 1171 1175 
3 3272 3277 3269 
3 3269 3257 3268 
3 3268 3272 3269 
3 3738 3745 3737 
3 3733 3736 3738 
3 3737 3733 3738 
3 2628 2631 2632 
3 2594 2631 2628 
3 5394 5381 5389 
3 3448 3455 4626 
3 1007 1005 1003 
3 1008 1007 1003 
3 4084 4090 4091 
3 4087 4090 4084 
3 4080 4087 4084 
3 4378 4343 4341 
3 4341 4293 4380 
3 4341 4380 4378 
3 3961 3958 2889 
3 3961 2889 2886 
3 3965 3963 3961 
3 3961 2886 2885 
3 3961 2885 3965 
3 5086 5088 5085 
3 3553 3560 3559 
3 3553 3549 3560 
3 3559 3552 3553 
3 1581 1584 1582 
3 1582 1576 1581 
3 865 868 864 
3 1601 1605 1598 
3 1598 1590 1601 
3 5638 5647 5644 
3 16 1446 1447 
3 1447 1442 16 
3 3222 3218 3214 
3 1435 1429 1433 
3 1435 1433 1440 
3 3282 3288 3277 
3 3278 3282 3277 
3 3277 3272 3278 
3 3728 3731 3736 
3 3736 3733 3728 
3 2641 2632 2631 
3 2640 2641 2631 
3 2631 2634 2640 
3 3164 3154 3170 
3 3170 3171 3164 
3 3455 3448 3453 
3 3455 3453 3461 
3 4453 4448 4451 
3 4451 4456 4453 
3 4801 4733 4798 
3 4798 4802 4801 
3 4325 4328 4330 
3 4330 4338 4337 
3 4337 4332 4330 
3 3958 3955 2889 
3 5088 5086 5091 
3 5088 5091 5094 
3 5088 5094 5093 
3 5093 5087 5088 
3 1278 1276 1271 
3 1271 1276 1272 
3 1271 1274 1278 
3 3549 3555 3560 
3 3543 3555 3549 
3 2724 2732 2725 
3 2773 2775 2725 
3 2732 2773 2725 
3 705 708 712 
3 712 708 717 
3 717 722 712 
3 10 16 1442 
3 1442 1439 10 
3 2808 2809 2805 
3 2813 2809 2808 
3 2815 2813 2808 
3 2808 2811 2815 
3 432 425 402 
3 433 425 432 
3 437 433 432 
3 402 400 432 
3 4260 4264 4265 
3 2431 3229 2376 
3 2428 2431 2376 
3 2376 2379 2428 
3 2376 2372 2379 
3 1423 1433 1429 
3 1169 1171 1165 
3 5580 5581 5583 
3 5583 5582 5579 
3 5579 5580 5583 
3 3768 3769 3764 
3 3171 3172 3168 
3 3448 3444 3447 
3 3447 3453 3448 
3 4447 4444 4448 
3 4452 4447 4448 
3 4448 4453 4452 
3 4730 4731 4735 
3 4731 4737 4735 
3 4735 4733 4730 
3 4325 4295 4328 
3 4659 4670 4669 
3 4669 4672 4667 
3 4669 4667 4661 
3 4661 4659 4669 
3 2914 2917 2910 
3 1276 1285 1281 
3 1276 1278 1285 
3 1276 1281 1272 
3 3561 3560 3555 
3 3555 3543 3551 
3 3555 3551 3561 
3 617 623 624 
3 621 617 624 
3 625 621 624 
3 708 705 702 
3 711 717 708 
3 706 711 708 
3 708 702 706 
3 927 2105 924 
3 924 926 927 
3 1510 1509 1505 
3 1510 1505 1500 
3 1500 1508 1510 
3 1151 1202 1196 
3 1196 1197 1193 
3 1196 1193 1157 
3 1157 1151 1196 
3 2809 2813 2814 
3 400 402 399 
3 400 399 395 
3 395 397 400 
3 375 372 378 
3 380 375 378 
3 382 380 378 
3 4266 4264 4262 
3 4263 4261 4266 
3 4262 4263 4266 
3 4261 4267 4266 
3 2373 2379 2372 
3 1434 1440 1433 
3 1433 1423 1428 
3 1433 1428 1434 
3 178 1165 1171 
3 1307 178 1171 
3 1171 1306 1307 
3 5581 5580 5544 
3 5581 5544 5539 
3 5581 5539 5533 
3 3769 3775 3776 
3 3768 3775 3769 
3 3175 3178 3172 
3 3172 3178 3176 
3 3172 3176 3173 
3 3172 3171 3175 
3 3439 3447 3444 
3 4363 4367 4444 
3 4444 4447 4363 
3 4732 4736 4737 
3 4731 4732 4737 
3 4338 4343 4344 
3 4344 4337 4338 
3 4670 4659 4652 
3 4652 4653 4670 
3 5089 5086 5082 
3 5082 5077 5080 
3 5082 5080 5084 
3 5082 5084 5089 
3 1740 2864 1548 
3 1737 1736 1740 
3 1740 1548 1737 
3 3543 3535 3541 
3 3543 3541 3551 
3 1591 1587 623 
3 617 1591 623 
3 705 864 695 
3 695 702 705 
3 1509 1506 1505 
3 1151 1203 1202 
3 395 393 397 
3 372 375 370 
3 372 370 366 
3 4260 4262 4264 
3 5578 5579 5582 
3 5582 5664 5578 
3 3775 3768 3778 
3 3778 3784 3775 
3 4263 4257 4261 
3 3171 3177 3175 
3 3171 3170 3177 
3 3453 3447 3449 
3 3453 3449 3454 
3 3454 3461 3453 
3 2025 2022 2028 
3 4461 4456 4458 
3 4727 4730 4733 
3 4733 4729 4727 
3 4733 4801 4729 
3 4343 4349 4344 
3 4343 4378 4373 
3 4343 4373 4349 
3 4672 4671 4668 
3 4672 4725 4671 
3 4668 4667 4672 
3 5089 5091 5086 
3 2862 2864 2866 
3 2866 2863 2862 
3 3538 3541 3535 
3 3535 3533 3538 
3 1586 1584 1587 
3 1591 1593 1587 
3 1587 1593 1586 
3 1554 1553 1556 
3 1554 1556 1557 
3 1554 1557 1558 
3 942 940 934 
3 1499 1505 1506 
3 1506 1501 1499 
3 1197 1195 1191 
3 1191 1193 1197 
3 2813 2815 2818 
3 2818 2814 2813 
3 393 395 390 
3 390 389 393 
3 270 370 375 
3 375 266 270 
3 380 266 375 
3 4159 4160 4162 
3 3258 3262 3260 
3 2465 2461 2462 
3 5559 5544 5580 
3 5580 5579 5559 
3 4257 4263 4259 
3 4257 4259 4253 
3 5374 5378 5382 
3 5382 5381 5377 
3 5382 5377 5374 
3 3445 3449 3447 
3 3447 3439 3445 
3 4459 4453 4456 
3 4456 4461 4459 
3 3248 3213 3246 
3 3189 3213 3248 
3 3251 3252 3248 
3 3248 3252 3249 
3 3246 3251 3248 
3 3248 3188 3189 
3 3249 3188 3248 
3 4024 4028 4033 
3 4032 4024 4033 
3 4293 4295 4290 
3 4293 4289 4380 
3 4725 4804 4671 
3 5074 5076 5077 
3 5072 5074 5077 
3 5077 4999 5072 
3 5076 5080 5077 
3 1546 1548 2864 
3 2864 2862 1546 
3 3541 3539 3540 
3 3541 3540 3545 
3 3541 3538 3539 
3 3545 3551 3541 
3 1584 1586 1582 
3 1552 1560 1553 
3 1560 1556 1553 
3 1553 1547 1552 
3 940 942 946 
3 1505 1499 1500 
3 1195 1194 1189 
3 1189 1191 1195 
3 2811 2810 2817 
3 2817 2815 2811 
3 383 384 389 
3 390 383 389 
3 370 270 283 
3 370 283 292 
3 370 292 366 
3 888 889 892 
3 892 894 891 
3 891 888 892 
3 2393 2392 2395 
3 2398 2397 2393 
3 2393 2395 2398 
3 2465 3312 2461 
3 1039 1018 1017 
3 1017 1020 1039 
3 5545 5539 5544 
3 5544 5559 5545 
3 3768 3761 3770 
3 3770 3778 3768 
3 4262 4259 4263 
3 445 619 622 
3 3449 3445 3454 
3 1010 1016 1012 
3 4363 4362 4367 
3 3215 3246 3213 
3 3213 3189 3200 
3 3200 3215 3213 
3 4020 4026 4028 
3 4028 4024 4020 
3 4667 4668 4662 
3 4662 4661 4667 
3 4996 5072 4999 
3 4995 4996 4999 
3 1736 1725 1728 
3 1736 1737 1725 
3 3552 3559 3557 
3 3557 3547 3552 
3 1556 1560 1563 
3 1563 1557 1556 
3 947 946 942 
3 949 947 942 
3 1973 1969 1972 
3 1972 1975 1978 
3 1972 1978 1973 
3 1198 1194 1199 
3 2810 2768 2819 
3 2819 2817 2810 
3 265 270 266 
3 266 380 264 
3 266 264 260 
3 266 260 265 
3 4545 4531 4540 
3 4160 4159 4156 
3 2392 2364 1859 
3 2392 1859 1855 
3 1855 2395 2392 
3 3312 2465 3316 
3 3316 3311 3312 
3 5579 5578 5576 
3 5576 5559 5579 
3 3735 3770 3761 
3 3761 3734 3735 
3 4259 4262 4260 
3 4259 4260 4258 
3 4258 4254 4259 
3 4254 4253 4259 
3 619 445 450 
3 619 450 612 
3 4932 4930 4936 
3 3252 3251 3256 
3 4871 3249 3252 
3 3256 3258 3252 
3 3254 4871 3252 
3 3258 3254 3252 
3 4019 4029 4026 
3 4026 4020 4018 
3 4026 4018 4019 
3 4659 4661 4655 
3 4655 4652 4659 
3 5081 5084 5080 
3 5078 5081 5080 
3 5076 5078 5080 
3 1550 1551 1548 
3 1548 1546 1550 
3 1551 1737 1548 
3 3547 3557 3550 
3 3547 3550 3523 
3 631 635 632 
3 631 632 627 
3 631 627 625 
3 1565 1562 1557 
3 1562 1558 1557 
3 1563 1565 1557 
3 946 947 950 
3 1970 1966 1969 
3 1969 1973 1970 
3 1190 1189 1194 
3 1192 1190 1194 
3 1198 1192 1194 
3 5473 5479 5475 
3 2820 2818 2815 
3 2817 2820 2815 
3 270 265 267 
3 270 267 278 
3 270 278 283 
3 4531 4545 4530 
3 4531 4530 4524 
3 4166 4154 4163 
3 2397 2398 2400 
3 5532 5533 5539 
3 5539 5545 5543 
3 5535 5532 5539 
3 5543 5535 5539 
3 3784 3778 3787 
3 3792 3789 3784 
3 3784 3787 3792 
3 2641 2640 2645 
3 449 450 445 
3 445 443 449 
3 3439 3438 3445 
3 4447 4452 4449 
3 5290 5298 5299 
3 5290 5292 5298 
3 5281 5292 5290 
3 5299 5294 5290 
3 3251 3246 3253 
3 3253 3256 3251 
3 4818 4805 4826 
3 4828 4818 4826 
3 4679 4677 4650 
3 4650 4678 4679 
3 5091 5089 5095 
3 5095 5094 5091 
3 1551 1725 1737 
3 638 635 642 
3 644 638 642 
3 642 646 648 
3 642 648 644 
3 735 722 729 
3 2729 2723 2730 
3 2729 2730 2735 
3 1975 1955 1977 
3 1975 1977 1983 
3 1983 1978 1975 
3 1203 1151 1206 
3 4555 4545 4551 
3 4551 4559 4570 
3 4551 4570 4555 
3 4149 4141 4147 
3 4152 4154 4149 
3 4147 4152 4149 
3 4149 4143 4141 
3 2364 2363 2359 
3 1862 1859 2364 
3 2364 2359 2358 
3 2358 1862 2364 
3 2472 2475 2477 
3 5533 5532 5529 
3 3778 3770 3783 
3 3778 3783 3787 
3 4254 4249 4253 
3 453 612 450 
3 449 453 450 
3 3443 3445 3438 
3 4454 4452 4453 
3 4459 4454 4453 
3 4563 5298 5292 
3 5292 5281 4696 
3 5292 4696 4563 
3 3246 3215 3242 
3 3246 3242 3247 
3 3246 3247 3253 
3 4805 4818 4806 
3 3996 3993 3992 
3 3992 3997 3996 
3 4651 4650 4677 
3 5084 5081 5218 
3 5218 5090 5084 
3 5084 5090 5089 
3 3531 3533 3530 
3 635 638 632 
3 717 729 722 
3 1601 1607 1605 
3 1126 1123 2712 
3 1130 1126 2712 
3 2712 2658 1130 
3 2568 2567 2563 
3 2564 2568 2563 
3 2562 2564 2563 
3 4555 4530 4545 
3 4152 4163 4154 
3 2360 2359 2363 
3 2465 2467 3319 
3 3319 3316 2465 
3 3300 3299 3303 
3 3303 3331 3300 
3 3735 3783 3770 
3 4249 4254 4251 
3 4251 4247 4249 
3 453 582 612 
3 3451 3454 3445 
3 3445 3443 3451 
3 5294 5299 5300 
3 5294 5300 5303 
3 5303 5296 5294 
3 3184 3189 3188 
3 3188 3249 4876 
3 3188 4876 3184 
3 4029 4019 4021 
3 3997 3992 3991 
3 3997 3991 3995 
3 3995 3999 3997 
3 4678 4650 4596 
3 5081 5222 5218 
3 5078 5222 5081 
3 5227 5226 5073 
3 5227 5225 5226 
3 3533 3531 3536 
3 3533 3536 3538 
3 637 632 638 
3 638 644 637 
3 2783 2777 2791 
3 2774 2777 2783 
3 2791 2790 2783 
3 877 872 874 
3 874 879 882 
3 882 877 874 
3 1125 1121 1123 
3 1123 1126 1125 
3 2380 2371 2368 
3 2368 2357 2361 
3 2365 2382 2368 
3 2368 2382 2380 
3 2368 2361 2365 
3 369 470 387 
3 384 369 387 
3 1859 1860 1858 
3 1858 1857 1859 
3 1857 1855 1859 
3 1859 1862 1860 
3 3299 3294 3302 
3 3302 3303 3299 
3 3797 3787 3783 
3 3788 3797 3783 
3 3783 3735 3788 
3 4247 4251 4248 
3 4247 4248 4124 
3 4464 4459 4461 
3 3183 3187 3189 
3 3184 3183 3189 
3 3187 3200 3189 
3 4814 4806 4818 
3 4823 4814 4818 
3 4818 4828 4823 
3 3999 3995 1702 
3 1702 1699 3999 
3 1265 1269 1271 
3 1271 1267 1265 
3 5090 5218 5214 
3 5090 5214 5181 
3 5090 5181 5092 
3 5092 5089 5090 
3 5225 5223 5221 
3 5225 5221 5224 
3 5224 5226 5225 
3 3534 3536 3531 
3 3531 3469 3534 
3 2704 2701 2693 
3 2698 2704 2693 
3 729 717 718 
3 729 718 724 
3 866 868 872 
3 872 1072 870 
3 1075 1072 872 
3 872 870 866 
3 872 877 1075 
3 1126 1130 1127 
3 1126 1127 1125 
3 2380 2374 2371 
3 5466 5465 5469 
3 900 840 2757 
3 2757 2754 900 
3 285 287 291 
3 785 794 793 
3 3261 3264 3262 
3 3262 3258 3256 
3 3262 3256 3261 
3 3294 3295 3302 
3 3791 3789 3796 
3 3794 3790 3791 
3 3795 3794 3791 
3 3791 3796 3795 
3 5378 5374 5370 
3 5373 5379 5378 
3 5370 5373 5378 
3 4454 4449 4452 
3 4695 4563 4696 
3 3249 4871 4875 
3 3249 4875 4876 
3 4806 4807 4802 
3 4814 4807 4806 
3 3846 3844 3841 
3 3846 3841 3843 
3 3843 3848 3846 
3 5092 5095 5089 
3 3536 3534 3537 
3 3536 3537 3539 
3 3539 3538 3536 
3 630 627 632 
3 632 637 630 
3 711 718 717 
3 883 879 878 
3 878 876 880 
3 878 880 883 
3 2509 2514 2511 
3 2511 2507 2509 
3 2374 2380 2377 
3 5466 5459 5465 
3 253 255 250 
3 250 242 247 
3 250 247 253 
3 4530 4555 4554 
3 4530 4554 4522 
3 4522 4524 4530 
3 788 791 794 
3 794 785 788 
3 3264 3261 3267 
3 2473 2475 2468 
3 1423 1421 1428 
3 5670 5578 5664 
3 3792 3796 3789 
3 4042 4098 4104 
3 4104 4102 4042 
3 2483 2487 2490 
3 2481 2487 2483 
3 5296 5303 5302 
3 5296 5302 5293 
3 3215 3219 3242 
3 3210 3219 3215 
3 3200 3210 3215 
3 4046 4053 4049 
3 4049 4043 4046 
3 3848 3843 2905 
3 3848 2905 2900 
3 3848 2900 2896 
3 2896 3851 3848 
3 5096 5093 5094 
3 5094 5095 5096 
3 2861 2863 2865 
3 622 625 627 
3 627 626 622 
3 627 630 626 
3 715 724 718 
3 718 711 715 
3 879 883 884 
3 884 882 879 
3 5670 5664 5665 
3 5665 5668 5671 
3 5665 5671 5670 
3 5649 5666 5661 
3 5661 5654 5649 
3 1185 1180 1186 
3 259 255 261 
3 259 261 265 
3 265 260 259 
3 790 795 791 
3 791 788 790 
3 2473 2480 2475 
3 2475 2480 2477 
3 1415 1428 1421 
3 1040 1036 1370 
3 3330 3339 3331 
3 3331 3303 3330 
3 1116 1112 1115 
3 3940 4042 4102 
3 4102 3934 3940 
3 2492 2490 2487 
3 2491 2492 2487 
3 2487 2481 2488 
3 2487 2488 2491 
3 4459 4457 4454 
3 5452 5446 5440 
3 5440 5441 5452 
3 5452 5441 5456 
3 3231 3242 3219 
3 3219 3210 3217 
3 3219 3217 3226 
3 3226 3231 3219 
3 4803 4802 4807 
3 4807 4814 4811 
3 4808 4803 4807 
3 4811 4808 4807 
3 2896 3955 3851 
3 5093 5069 5087 
3 647 727 651 
3 649 645 647 
3 647 651 649 
3 860 845 847 
3 875 876 860 
3 847 875 860 
3 2658 2656 1130 
3 2653 2656 2658 
3 5646 5649 5654 
3 1174 1159 1180 
3 1182 1174 1180 
3 1180 1185 1182 
3 262 261 255 
3 255 253 262 
3 114 107 111 
3 111 126 129 
3 111 129 114 
3 778 783 785 
3 783 788 785 
3 785 781 778 
3 3256 3253 3259 
3 3259 3261 3256 
3 1570 1572 1574 
3 1574 1571 1570 
3 1427 1434 1428 
3 1415 1427 1428 
3 1020 1017 1016 
3 3347 3351 3345 
3 3341 3347 3345 
3 3345 3342 3341 
3 3351 3349 3345 
3 3345 3349 3348 
3 3790 3794 3793 
3 3920 4120 3914 
3 3914 3919 3920 
3 2492 2496 2490 
3 1941 2009 1946 
3 4457 4459 4460 
3 4457 4460 3695 
3 3244 3247 3242 
3 3242 3231 3244 
3 4803 4801 4802 
3 4650 4651 4606 
3 4601 4596 4650 
3 4606 4601 4650 
3 5069 5093 5067 
3 5067 5024 5069 
3 3139 3149 3151 
3 3148 3149 3139 
3 3139 3131 3140 
3 3127 3131 3139 
3 3139 3140 3148 
3 3139 3151 3146 
3 3139 3146 3128 
3 3139 3128 3124 
3 3139 3124 3127 
3 732 728 727 
3 727 728 723 
3 727 736 732 
3 723 651 727 
3 881 880 876 
3 875 881 876 
3 1836 1504 1834 
3 1839 1836 1834 
3 1834 1833 1838 
3 1834 1838 1839 
3 2357 2350 2354 
3 2357 2354 2361 
3 267 265 261 
3 261 262 271 
3 271 267 261 
3 290 100 107 
3 114 290 107 
3 783 790 788 
3 3261 3259 3263 
3 3265 3267 3261 
3 3263 3265 3261 
3 1576 1574 1572 
3 1055 1163 1048 
3 1055 1048 187 
3 187 1050 1055 
3 3342 3339 3335 
3 3342 3335 3341 
3 3936 3934 3930 
3 3930 3928 3936 
3 5371 5377 5381 
3 5381 5394 5380 
3 5381 5380 5371 
3 2493 2497 2496 
3 2496 2492 2493 
3 2502 2499 2496 
3 2497 2502 2496 
3 2009 1941 2013 
3 2009 2013 2012 
3 4463 4460 4459 
3 4459 4464 4463 
3 3210 3202 3205 
3 3205 3212 3210 
3 3210 3200 3202 
3 3212 3217 3210 
3 4814 4823 4817 
3 4814 4817 4811 
3 4651 4653 4646 
3 4643 4606 4651 
3 4646 4643 4651 
3 5093 5096 5098 
3 5093 5098 5099 
3 5068 5067 5093 
3 5099 5068 5093 
3 3155 3151 3149 
3 3149 3148 3154 
3 3154 3155 3149 
3 650 646 645 
3 645 649 650 
3 880 889 888 
3 881 889 880 
3 880 888 885 
3 880 885 883 
3 1504 1836 1497 
3 1496 1503 1504 
3 1504 1497 1496 
3 2350 2332 2351 
3 2350 2351 2354 
3 2975 2980 2979 
3 781 773 778 
3 4825 4830 3340 
3 4825 3340 3344 
3 1571 1574 1579 
3 1579 1578 1571 
3 3330 3335 3339 
3 1697 1689 1692 
3 1692 1698 1697 
3 3941 3940 3934 
3 3934 3936 3941 
3 5377 5371 5368 
3 5377 5368 5374 
3 2492 2491 2493 
3 2014 2013 1941 
3 1941 2304 2014 
3 4462 3695 4460 
3 4463 4462 4460 
3 3187 3202 3200 
3 4801 4803 4729 
3 4595 4593 4596 
3 4596 4601 4600 
3 4596 4600 4595 
3 2924 2919 2920 
3 2920 2926 2924 
3 2919 2917 2920 
3 3132 3140 3131 
3 3131 3129 3132 
3 3127 3129 3131 
3 5078 5076 5075 
3 2704 2717 2701 
3 1836 1839 1491 
3 1491 1497 1836 
3 2580 2581 2582 
3 2577 2581 2580 
3 2580 2582 2578 
3 2580 2578 2574 
3 2580 2574 2577 
3 1160 1156 1159 
3 1174 1160 1159 
3 126 117 124 
3 126 124 131 
3 131 133 126 
3 126 133 129 
3 4152 4158 4163 
3 2359 2355 2356 
3 2359 2360 2355 
3 2356 2358 2359 
3 1582 1579 1574 
3 1574 1576 1582 
3 1165 1048 1163 
3 3334 3341 3335 
3 3335 3330 3327 
3 3335 3327 3334 
3 1689 1697 1688 
3 3924 3919 3918 
3 3925 3928 3924 
3 3918 3925 3924 
3 4755 4759 4760 
3 4755 4760 4754 
3 2017 2012 2013 
3 2013 2014 2015 
3 2013 2015 2017 
3 3695 4462 3691 
3 4804 4729 4803 
3 4803 4808 4804 
3 5340 5332 5341 
3 5340 5336 5332 
3 4593 4595 4590 
3 2913 2910 2917 
3 2919 2913 2917 
3 3140 3132 3137 
3 3140 3137 3148 
3 5210 5215 5213 
3 5213 5817 5210 
3 736 744 740 
3 736 740 732 
3 2796 3585 2792 
3 2792 2794 2796 
3 2793 2794 2792 
3 2723 2717 2727 
3 2727 2730 2723 
3 1831 1837 1833 
3 1837 1838 1833 
3 2587 2582 2581 
3 1742 1741 2581 
3 2581 1741 2586 
3 2581 2577 1742 
3 2581 2586 2587 
3 1156 1103 1150 
3 241 247 242 
3 238 235 242 
3 242 235 241 
3 115 120 117 
3 120 124 117 
3 4158 4152 4155 
3 4155 4157 4158 
3 1579 1585 1578 
3 185 187 1048 
3 1048 1165 185 
3 3310 3330 3303 
3 3303 3302 3310 
3 3798 3793 3794 
3 3794 3795 3799 
3 3794 3799 3798 
3 3916 3918 3919 
3 3919 3914 3916 
3 2017 2016 2012 
3 3686 3687 3691 
3 3691 4465 3686 
3 5261 5268 5267 
3 5267 5537 5261 
3 5336 5325 5332 
3 4603 4600 4601 
3 4601 4606 4603 
3 5020 5024 5025 
3 5025 5021 5020 
3 3129 3122 3123 
3 3129 3123 3125 
3 3129 3125 3130 
3 3130 3132 3129 
3 3129 3127 3122 
3 5211 5217 5215 
3 5215 5210 5209 
3 5215 5209 5211 
3 752 740 744 
3 744 753 756 
3 744 756 752 
3 3585 3589 3586 
3 2796 3589 3585 
3 2717 2704 2713 
3 2717 2713 2727 
3 1495 1502 1503 
3 1503 1496 1495 
3 2584 2578 2582 
3 2587 2584 2582 
3 1145 1149 1152 
3 1152 1150 1145 
3 247 246 249 
3 241 246 247 
3 249 253 247 
3 4575 4555 4570 
3 4570 4576 4575 
3 3298 4830 4835 
3 1585 1579 1582 
3 4120 3920 4115 
3 3330 3310 3327 
3 3928 3925 3932 
3 3932 3936 3928 
3 3689 3691 3687 
3 5268 5261 5262 
3 5262 5269 5268 
3 4210 4208 4216 
3 4219 4210 4216 
3 4226 4219 4216 
3 4216 4223 4226 
3 4599 4595 4600 
3 4600 4603 4599 
3 2909 2904 2910 
3 2913 2909 2910 
3 3130 3134 3132 
3 3134 3137 3132 
3 5817 5818 5822 
3 5822 5210 5817 
3 742 732 740 
3 752 742 740 
3 3589 3592 3591 
3 3591 3586 3589 
3 3589 2796 3592 
3 2734 2735 2730 
3 2727 2734 2730 
3 1502 1495 1492 
3 1502 1492 1490 
3 1490 1501 1502 
3 1741 1742 1743 
3 1222 2586 1741 
3 2134 2142 2141 
3 2141 2137 2134 
3 470 369 361 
3 253 251 257 
3 249 251 253 
3 263 262 253 
3 257 263 253 
3 4555 4575 4554 
3 4830 3298 3301 
3 4830 3301 3340 
3 1434 1427 1439 
3 191 197 1050 
3 1050 187 191 
3 5578 5670 5675 
3 5578 5675 5577 
3 5577 5576 5578 
3 3800 3795 3796 
3 3796 3792 3803 
3 3796 3803 3800 
3 3927 3932 3925 
3 3925 3923 3927 
3 3918 3923 3925 
3 3461 3454 3456 
3 4467 4465 4463 
3 4463 4464 4467 
3 5252 5261 5537 
3 5537 5542 5252 
3 4223 4230 4228 
3 4223 4228 4226 
3 4594 4590 4595 
3 4599 4594 4595 
3 5031 5025 5024 
3 5024 5067 5031 
3 3137 3134 3138 
3 3137 3138 3144 
3 3144 3148 3137 
3 5821 5822 5818 
3 5818 5814 5819 
3 5818 5819 5821 
3 3586 3591 3587 
3 2735 2734 2742 
3 5667 5672 5663 
3 5672 5668 5663 
3 5663 5659 5667 
3 2578 2583 2576 
3 2584 2583 2578 
3 2578 2576 2570 
3 2570 2574 2578 
3 1174 1162 1160 
3 2146 2148 2142 
3 2142 2134 2138 
3 2142 2138 2146 
3 362 361 369 
3 369 384 376 
3 369 376 367 
3 367 362 369 
3 262 263 271 
3 290 114 296 
3 290 296 293 
3 290 293 287 
3 3296 3301 3298 
3 4332 4337 4340 
3 4333 4327 4332 
3 4340 4333 4332 
3 1427 1415 1416 
3 1422 1439 1427 
3 1416 1422 1427 
3 197 191 194 
3 197 194 202 
3 5552 5545 5559 
3 5556 5552 5559 
3 5559 5576 5566 
3 5559 5566 5556 
3 3795 3800 3799 
3 3936 3942 3941 
3 3451 3456 3454 
3 3691 4462 4465 
3 4465 4462 4463 
3 5261 5252 5254 
3 5261 5254 5262 
3 4233 4228 4230 
3 4590 4594 4592 
3 4590 4592 4587 
3 5021 5025 5022 
3 3151 3153 3152 
3 3152 3146 3151 
3 3151 3155 3153 
3 2264 2269 2262 
3 2262 2269 2263 
3 2262 2263 2255 
3 2262 2257 2264 
3 2255 2257 2262 
3 646 650 652 
3 646 652 648 
3 2798 2796 2794 
3 2794 2793 2798 
3 868 866 864 
3 5668 5672 5676 
3 5676 5671 5668 
3 2588 2579 2583 
3 2579 2576 2583 
3 2583 2584 2589 
3 2583 2589 2588 
3 1162 1174 1167 
3 1162 1167 1161 
3 2154 2161 2148 
3 2148 2146 2154 
3 361 358 479 
3 267 271 275 
3 267 275 278 
3 3301 3296 3300 
3 3300 3338 3301 
3 3301 3338 3340 
3 2480 2473 2479 
3 2480 2479 2483 
3 2486 2477 2480 
3 2483 2486 2480 
3 1406 1416 1415 
3 1415 1400 1406 
3 188 191 187 
3 185 188 187 
3 5545 5552 5543 
3 1713 1706 3972 
3 446 449 443 
3 443 436 441 
3 443 441 446 
3 2307 2304 2308 
3 5540 5534 5541 
3 5540 5541 5547 
3 5547 5542 5540 
3 4228 4233 4232 
3 4228 4232 4226 
3 5793 5800 5801 
3 5792 5800 5793 
3 3892 3890 3884 
3 3882 3878 3884 
3 3884 3878 3881 
3 3885 3882 3884 
3 3884 3881 3889 
3 3890 3885 3884 
3 3884 3889 3892 
3 3146 3152 3126 
3 3126 3128 3146 
3 2269 2271 2274 
3 2269 2264 2271 
3 2270 2263 2269 
3 2269 2274 2275 
3 2275 2270 2269 
3 651 723 713 
3 655 649 651 
3 651 713 655 
3 2798 2800 2796 
3 2800 3592 2796 
3 1072 1074 1070 
3 1070 870 1072 
3 1072 1075 1074 
3 5671 5676 5677 
3 5675 5670 5671 
3 5677 5675 5671 
3 2579 2571 2576 
3 2571 2570 2576 
3 1174 1182 1172 
3 1172 1167 1174 
3 2137 2135 2129 
3 2130 2134 2137 
3 2129 2130 2137 
3 358 354 355 
3 357 354 358 
3 358 355 486 
3 358 361 357 
3 263 257 269 
3 269 271 263 
3 795 796 797 
3 797 794 791 
3 797 791 795 
3 797 800 794 
3 881 846 887 
3 887 889 881 
3 3275 3267 3265 
3 3275 3265 3270 
3 3275 3270 3285 
3 3285 3286 3275 
3 3286 3289 3275 
3 2477 2486 2482 
3 191 188 186 
3 186 194 191 
3 5549 5543 5552 
3 5552 5556 5549 
3 1706 1713 1704 
3 3923 3918 3915 
3 3915 3917 3923 
3 2304 2307 2303 
3 2301 2014 2304 
3 2304 2303 2301 
3 5542 5547 5548 
3 5542 5548 5546 
3 5546 5252 5542 
3 4378 4380 4384 
3 4384 4388 4386 
3 4384 4386 4381 
3 4384 4381 4378 
3 5800 5798 5805 
3 5811 5809 5800 
3 5809 5801 5800 
3 5800 5792 5798 
3 5805 5811 5800 
3 3878 3882 3877 
3 3875 3881 3878 
3 3872 3875 3878 
3 3878 3877 3873 
3 3878 3873 3872 
3 3115 3124 3128 
3 3128 3126 3118 
3 3128 3118 3115 
3 2270 2268 2263 
3 2261 2255 2263 
3 2268 2261 2263 
3 709 715 711 
3 711 706 709 
3 870 1070 687 
3 687 690 870 
3 690 866 870 
3 5657 5667 5659 
3 5650 5657 5659 
3 5659 5647 5650 
3 2574 2568 2569 
3 2574 2570 2568 
3 2569 2577 2574 
3 1184 1182 1185 
3 2135 2136 2132 
3 2135 2132 2129 
3 361 362 357 
3 271 269 274 
3 277 275 271 
3 274 277 271 
3 124 128 131 
3 120 128 124 
3 4152 4147 4146 
3 4146 4155 4152 
3 3294 3299 3291 
3 3299 3296 3291 
3 3291 3289 3294 
3 4337 4344 4345 
3 4337 4345 4340 
3 1439 1422 4 
3 1439 4 10 
3 5394 5398 5401 
3 5395 5394 5401 
3 5532 5535 5528 
3 5527 5529 5532 
3 5528 5527 5532 
3 3797 3792 3787 
3 2310 2303 2307 
3 5801 5809 5808 
3 5808 5803 5801 
3 5803 5782 5801 
3 3882 3885 3888 
3 3882 3888 3886 
3 3882 3886 3883 
3 3882 3883 3879 
3 3879 3877 3882 
3 3115 3116 3124 
3 3116 3127 3124 
3 2245 2246 2257 
3 2257 2246 2264 
3 2257 2255 2245 
3 655 650 649 
3 715 709 707 
3 695 864 866 
3 690 695 866 
3 5643 5650 5647 
3 5647 5638 5643 
3 2571 2565 2570 
3 2570 2565 2566 
3 2570 2566 2567 
3 2570 2567 2568 
3 3575 3570 3576 
3 3573 3570 3575 
3 3576 3579 3575 
3 284 278 275 
3 277 284 275 
3 133 131 137 
3 133 137 136 
3 136 129 133 
3 4156 4159 4157 
3 4088 4156 4157 
3 4157 4155 4153 
3 4157 4153 4088 
3 3299 3300 3296 
3 4326 4321 4327 
3 4327 4333 4326 
3 188 185 186 
3 5535 5543 5538 
3 5535 5538 5530 
3 5530 5528 5535 
3 3805 3803 3792 
3 3792 3797 3805 
3 5695 5688 5693 
3 5693 5700 5695 
3 1017 1015 1013 
3 1012 1016 1017 
3 1013 1012 1017 
3 2297 2015 2014 
3 2014 2301 2297 
3 5803 5777 5782 
3 3881 3875 3880 
3 3881 3880 3889 
3 3150 3154 3148 
3 3148 3144 3150 
3 2255 2252 2242 
3 2255 2242 2245 
3 2255 2261 2252 
3 752 750 742 
3 702 695 693 
3 702 693 697 
3 702 697 700 
3 700 706 702 
3 877 882 1078 
3 877 1078 1075 
3 5197 5196 5192 
3 2577 2569 1744 
3 1744 1742 2577 
3 3568 3576 3570 
3 3570 3573 3566 
3 3570 3566 3564 
3 3564 3568 3570 
3 837 839 838 
3 837 840 839 
3 129 136 299 
3 299 114 129 
3 3289 3286 3294 
3 4321 4326 4320 
3 1422 1416 1414 
3 1422 1414 4 
3 198 202 194 
3 194 186 192 
3 194 192 198 
3 5541 5538 5543 
3 5543 5549 5541 
3 1712 1704 1713 
3 1088 1098 1097 
3 1097 1102 1094 
3 1090 1088 1097 
3 1097 1094 1090 
3 4764 4760 4759 
3 5688 5695 5691 
3 1015 1992 1011 
3 1011 1013 1015 
3 2019 2017 2015 
3 2297 2019 2015 
3 5259 5258 5263 
3 5262 5259 5263 
3 5263 5270 5269 
3 5263 5269 5262 
3 5784 5788 5787 
3 5787 5788 5791 
3 5791 5792 5787 
3 3116 3122 3127 
3 2260 2252 2261 
3 2268 2260 2261 
3 650 653 652 
3 655 653 650 
3 706 700 701 
3 701 709 706 
3 884 886 882 
3 882 886 1083 
3 1083 1078 882 
3 1838 1837 1842 
3 1838 1842 1844 
3 1844 1866 1838 
3 1866 1839 1838 
3 1742 1744 1745 
3 1745 1743 1742 
3 3579 3576 3584 
3 840 896 839 
3 840 900 896 
3 299 296 114 
3 4083 4086 4156 
3 4156 4088 4083 
3 1851 1848 2395 
3 1848 2398 2395 
3 2395 1855 1851 
3 4340 4336 4333 
3 4329 4326 4333 
3 4336 4329 4333 
3 1406 1414 1416 
3 178 185 1165 
3 5541 5534 5538 
3 5534 5530 5538 
3 3806 3800 3803 
3 3803 3805 3809 
3 3803 3809 3806 
3 1102 1105 1100 
3 1100 1099 1102 
3 1102 1099 1094 
3 4760 4764 4762 
3 5744 5695 5700 
3 5750 5744 5700 
3 5258 5259 5253 
3 5253 5255 5258 
3 4236 4232 4233 
3 5795 5798 5792 
3 5791 5795 5792 
3 3890 3888 3885 
3 3155 3159 3153 
3 3164 3159 3155 
3 3154 3164 3155 
3 5212 5219 5217 
3 5217 5211 5212 
3 656 652 653 
3 660 656 653 
3 653 655 657 
3 653 657 660 
3 701 707 709 
3 1077 1074 1078 
3 1081 1077 1078 
3 1083 1081 1078 
3 1074 1075 1078 
3 1867 1491 1839 
3 1868 1867 1839 
3 1866 1868 1839 
3 2584 2587 2590 
3 2590 2589 2584 
3 3578 3584 3576 
3 611 1600 1595 
3 1595 1593 1591 
3 1595 1591 611 
3 296 299 301 
3 296 301 298 
3 298 293 296 
3 846 881 875 
3 846 875 847 
3 2398 1848 2402 
3 2398 2402 2403 
3 2403 2400 2398 
3 2512 2508 2510 
3 2510 2508 2506 
3 1 3 1414 
3 1414 0 1 
3 3 4 1414 
3 1414 1406 0 
3 5576 5577 5574 
3 5574 5566 5576 
3 1704 1712 1705 
3 1705 1701 1704 
3 3978 3941 3942 
3 5697 5691 5695 
3 5744 5697 5695 
3 5259 5257 5253 
3 5262 5257 5259 
3 4827 4823 4828 
3 4828 4831 4827 
3 4231 4226 4232 
3 4235 4231 4232 
3 4236 4235 4232 
3 5777 5803 5780 
3 5774 5772 5777 
3 5780 5774 5777 
3 3893 3891 3888 
3 3890 3893 3888 
3 3891 3886 3888 
3 5216 5220 5219 
3 5219 5212 5216 
3 656 648 652 
3 1221 1227 1231 
3 1231 1240 1230 
3 1230 1221 1231 
3 1497 1491 1489 
3 1489 1496 1497 
3 2591 2587 2586 
3 3571 3566 3573 
3 3631 3571 3573 
3 383 376 384 
3 611 606 1600 
3 293 298 297 
3 291 287 293 
3 297 291 293 
3 4146 4153 4155 
3 1855 1857 1854 
3 1854 1851 1855 
3 3 9 4 
3 9 10 4 
3 3297 3302 3295 
3 3804 3799 3800 
3 3800 3806 3804 
3 3916 3915 3918 
3 2212 2220 2216 
3 2216 2208 2212 
3 2418 2481 2420 
3 2415 2418 2420 
3 2420 2417 2415 
3 5691 5697 5694 
3 4251 4255 4252 
3 4251 4252 3909 
3 4251 3909 4248 
3 5273 5269 5270 
3 4024 4032 4023 
3 4024 4023 4006 
3 4016 4020 4024 
3 4006 4016 4024 
3 4392 4386 4388 
3 2896 2892 3955 
3 3955 2892 2889 
3 2863 2860 2862 
3 2861 2860 2863 
3 5207 5209 5210 
3 5210 5822 5207 
3 648 656 654 
3 654 644 648 
3 1227 1221 1223 
3 1489 1495 1496 
3 2630 2590 2587 
3 2587 2591 2630 
3 3566 3571 3563 
3 3566 3563 3562 
3 3562 3564 3566 
3 1593 1588 1586 
3 4582 4576 4581 
3 4153 4146 4089 
3 4153 4089 4085 
3 4085 4088 4153 
3 2400 2403 2404 
3 2404 2399 2400 
3 2467 3322 3319 
3 5566 5574 5570 
3 5560 5556 5566 
3 5570 5560 5566 
3 3799 3802 3798 
3 3804 3802 3799 
3 3917 3915 3898 
3 3898 3887 3917 
3 2481 2418 2484 
3 2484 2488 2481 
3 5697 5744 5745 
3 5697 5745 5699 
3 5699 5694 5697 
3 5253 5251 5255 
3 5251 5256 5255 
3 4027 4023 4032 
3 4032 4043 4037 
3 4032 4037 4027 
3 4383 4381 4386 
3 4386 4392 4389 
3 4389 4383 4386 
3 2890 2887 2892 
3 2892 2896 2893 
3 2892 2893 2890 
3 2887 2889 2892 
3 3801 3879 3883 
3 1544 2862 2860 
3 2860 2856 792 
3 2860 792 1544 
3 5209 5205 5204 
3 5207 5205 5209 
3 5204 5211 5209 
3 659 654 656 
3 656 660 661 
3 656 661 659 
3 1237 1230 1240 
3 1240 1255 1237 
3 1495 1489 1484 
3 1484 1492 1495 
3 1743 1745 1746 
3 3645 3648 3571 
3 3648 3563 3571 
3 3571 3631 3645 
3 1585 1586 1588 
3 4580 4575 4576 
3 4576 4582 4580 
3 4088 4085 4083 
3 2404 2401 2399 
3 2490 2494 2486 
3 2486 2483 2490 
3 2494 2482 2486 
3 185 178 180 
3 185 180 186 
3 5556 5560 5555 
3 5555 5549 5556 
3 3903 3898 3915 
3 3915 3911 3903 
3 3916 3911 3915 
3 3334 3328 3336 
3 5751 5745 5744 
3 5744 5750 5751 
3 2020 2018 2016 
3 2016 2017 2020 
3 3906 3909 4252 
3 5256 5249 4717 
3 5251 5249 5256 
3 5256 4717 4713 
3 4000 4006 4023 
3 4027 4000 4023 
3 4379 4378 4381 
3 4381 4383 4379 
3 2887 2886 2889 
3 3874 3873 3877 
3 3879 3874 3877 
3 1545 1546 2862 
3 1544 1545 2862 
3 5201 5204 5205 
3 5205 5207 5200 
3 5200 5201 5205 
3 644 654 420 
3 424 637 644 
3 420 424 644 
3 1255 1268 1273 
3 1273 1237 1255 
3 1607 1599 1608 
3 1610 1629 1607 
3 1608 1610 1607 
3 1629 1634 1607 
3 1607 1601 1599 
3 1134 1130 2656 
3 2656 2653 2649 
3 2649 1134 2656 
3 3652 3655 3563 
3 3648 3652 3563 
3 3558 3562 3563 
3 3655 3558 3563 
3 289 283 278 
3 278 284 289 
3 4575 4580 4554 
3 4234 4229 4231 
3 4231 4235 4238 
3 4231 4238 4234 
3 3338 3300 3331 
3 3338 3331 3339 
3 3343 3340 3338 
3 3339 3343 3338 
3 5796 5797 5799 
3 5795 5796 5799 
3 176 180 178 
3 178 1307 176 
3 5562 5558 5560 
3 5560 5570 5564 
3 5560 5564 5562 
3 5558 5555 5560 
3 3807 3805 3797 
3 3797 3788 3807 
3 3887 3898 3889 
3 3889 3880 3887 
3 2217 2226 2220 
3 2212 2217 2220 
3 2414 2417 2422 
3 3329 3336 3328 
3 3324 3329 3328 
3 5746 5699 5745 
3 5745 5751 5746 
3 2020 2022 2018 
3 3912 4248 3909 
3 3910 3912 3909 
3 4049 4048 4043 
3 4043 4048 4040 
3 4040 4037 4043 
3 4378 4379 4373 
3 3873 3874 3869 
3 3869 3872 3873 
3 5204 5208 5211 
3 5211 5208 5212 
3 654 659 658 
3 658 420 654 
3 2795 2791 2777 
3 2777 2774 2769 
3 2772 2795 2777 
3 2769 2772 2777 
3 1130 1134 1135 
3 1130 1135 1131 
3 1130 1131 1127 
3 2592 2588 2589 
3 2594 2592 2589 
3 2589 2590 2629 
3 2589 2629 2594 
3 1176 1172 1182 
3 1179 1176 1182 
3 1182 1184 1179 
3 376 373 367 
3 377 373 376 
3 376 383 377 
3 283 289 292 
3 4587 4580 4582 
3 4138 4145 4229 
3 4234 4138 4229 
3 3340 3343 3344 
3 4324 4320 4326 
3 4326 4329 4324 
3 183 186 180 
3 179 183 180 
3 180 176 177 
3 180 177 179 
3 3302 3297 3307 
3 3302 3307 3310 
3 1709 1705 1712 
3 3898 3903 3892 
3 3892 3889 3898 
3 2226 2217 2222 
3 2418 2415 2416 
3 2416 2484 2418 
3 3336 3329 3333 
3 3333 3360 3336 
3 5699 5698 5694 
3 5694 5698 5696 
3 5696 5692 5694 
3 2021 2020 2017 
3 2019 2021 2017 
3 4248 3912 4124 
3 4037 4040 4036 
3 4036 4027 4037 
3 4395 4389 4392 
3 4397 4395 4392 
3 3879 3804 3874 
3 3874 3804 3814 
3 3814 3869 3874 
3 5165 5161 5169 
3 5208 5204 5198 
3 5198 5212 5208 
3 427 630 637 
3 637 424 427 
3 2797 2793 2790 
3 2790 2791 2797 
3 2704 2698 2705 
3 2705 2713 2704 
3 2653 2650 2649 
3 2590 2630 2629 
3 3636 3644 3631 
3 3644 3645 3631 
3 371 368 373 
3 373 374 371 
3 379 374 373 
3 368 367 373 
3 373 377 379 
3 606 611 607 
3 607 604 606 
3 4578 4554 4580 
3 4584 4578 4580 
3 4587 4584 4580 
3 4239 4238 4235 
3 4236 4239 4235 
3 3342 3345 3343 
3 3339 3342 3343 
3 3345 3344 3343 
3 4320 4324 4318 
3 4316 4313 4320 
3 4318 4316 4320 
3 3297 3292 3304 
3 3288 3292 3297 
3 3297 3304 3307 
3 1701 1705 1696 
3 1696 1697 1701 
3 3901 3903 3911 
3 3913 3908 3911 
3 3911 3908 3901 
3 3916 3913 3911 
3 2217 2212 2210 
3 2217 2210 2214 
3 2217 2214 2222 
3 2411 2415 2417 
3 2417 2414 2411 
3 3329 3324 3326 
3 3326 3333 3329 
3 5698 5699 5743 
3 5698 5743 4981 
3 4977 5696 5698 
3 5698 4981 4977 
3 4820 4817 4823 
3 4823 4827 4824 
3 4823 4824 4820 
3 5762 5763 5769 
3 5749 5763 5762 
3 5762 5769 5764 
3 5755 5749 5762 
3 5764 5755 5762 
3 5772 5774 5771 
3 5765 5767 5772 
3 5772 5771 5765 
3 3872 3869 3866 
3 3872 3866 3867 
3 5161 5154 5155 
3 5164 5169 5161 
3 5155 5164 5161 
3 5204 5201 5193 
3 5204 5193 5198 
3 439 626 630 
3 630 431 439 
3 630 427 431 
3 2793 2797 2799 
3 2799 2798 2793 
3 2698 2690 2702 
3 2702 2705 2698 
3 2652 2654 2648 
3 2648 2650 2652 
3 2324 2317 2332 
3 2317 2322 2332 
3 2332 2322 2351 
3 1100 1105 1103 
3 1145 1150 1103 
3 1105 1145 1103 
3 359 357 362 
3 362 367 359 
3 617 611 1591 
3 806 812 808 
3 806 808 804 
3 804 800 806 
3 4336 4339 4329 
3 4334 4324 4329 
3 4339 4334 4329 
3 3292 3288 3282 
3 3292 3282 3287 
3 1703 1696 1705 
3 1705 1709 1703 
3 3901 3895 3903 
3 3903 3895 3892 
3 2205 2212 2208 
3 2208 2204 2205 
3 2415 2411 2412 
3 2412 2416 2415 
3 3324 3320 3323 
3 3324 3323 3326 
3 5699 5746 5743 
3 3912 3910 3914 
3 3912 3914 4124 
3 4020 4016 4018 
3 5775 5769 5763 
3 5763 5749 5742 
3 5763 5742 5741 
3 5741 5775 5763 
3 5774 5780 5227 
3 5227 5771 5774 
3 2847 2850 2852 
3 2852 2850 2855 
3 2855 2853 2852 
3 2852 2853 2851 
3 2852 2851 2848 
3 2852 2848 2847 
3 5206 5207 5822 
3 5821 5206 5822 
3 3551 3545 3556 
3 3551 3556 3561 
3 2791 2795 2797 
3 2675 2670 2690 
3 2690 2670 2702 
3 2645 2646 2650 
3 2650 2648 2645 
3 2646 2649 2650 
3 2317 2314 2322 
3 2322 2314 2349 
3 2349 2351 2322 
3 363 359 367 
3 368 363 367 
3 611 617 613 
3 613 607 611 
3 3344 3345 3348 
3 4324 4334 4323 
3 4323 4318 4324 
3 186 183 190 
3 190 192 186 
3 3309 3307 3304 
3 1696 1688 1697 
3 2205 2210 2212 
3 3320 3318 3323 
3 3910 3908 3913 
3 3910 3913 3914 
3 1335 1270 1530 
3 1530 1526 1335 
3 4011 4018 4016 
3 4016 4006 4011 
3 5769 5775 5773 
3 5769 5773 5764 
3 4653 4652 4646 
3 2850 2847 798 
3 2850 798 797 
3 2850 797 796 
3 796 2855 2850 
3 5149 5155 5154 
3 5598 5592 5593 
3 5596 5592 5598 
3 5598 5593 5597 
3 5611 5596 5598 
3 5598 5597 5603 
3 5603 5611 5598 
3 3554 3556 3545 
3 3544 3554 3545 
3 1204 1215 1221 
3 1230 1204 1221 
3 1215 1223 1221 
3 1962 1972 1969 
3 1962 1961 1972 
3 1969 1965 1962 
3 1962 1965 1959 
3 2513 2559 2514 
3 2509 2513 2514 
3 2352 2355 2351 
3 2351 2349 2352 
3 2355 2354 2351 
3 4139 4142 4145 
3 4145 4138 4139 
3 5044 5048 5045 
3 3756 3758 4334 
3 4334 4346 3756 
3 4339 4346 4334 
3 3758 4323 4334 
3 1400 1392 1389 
3 1400 1389 1395 
3 1395 1406 1400 
3 181 190 183 
3 183 179 181 
3 3314 3310 3307 
3 3307 3313 3314 
3 3309 3313 3307 
3 3811 3809 3805 
3 3805 3807 3811 
3 3322 3323 3318 
3 3319 3322 3318 
3 2024 2028 2022 
3 2022 2020 2024 
3 1526 1525 1519 
3 1526 1519 1514 
3 1514 1335 1526 
3 4014 4019 4018 
3 4018 4011 4014 
3 5749 5747 5703 
3 5703 5704 5749 
3 5704 5742 5749 
3 5749 5755 5747 
3 5252 5546 5246 
3 5246 5254 5252 
3 2859 2854 2853 
3 2858 2859 2853 
3 2853 2855 2858 
3 2854 2851 2853 
3 5175 5169 5171 
3 5175 5171 5177 
3 5175 5177 5184 
3 5589 5593 5592 
3 5587 5589 5592 
3 5592 5596 5640 
3 5640 5588 5592 
3 5592 5588 5587 
3 3572 3561 3556 
3 3556 3554 3572 
3 1215 1220 1223 
3 1975 1972 1961 
3 1955 1975 1961 
3 1492 1484 1482 
3 1482 1490 1492 
3 2355 2360 2354 
3 2360 2361 2354 
3 618 613 617 
3 621 618 617 
3 800 793 794 
3 800 804 793 
3 894 897 891 
3 5045 5043 5040 
3 5043 4883 5040 
3 1406 1395 0 
3 3809 3811 3812 
3 3809 3812 3815 
3 3809 3815 3816 
3 3816 3806 3809 
3 4810 4815 4813 
3 4810 4813 4664 
3 3325 3326 3323 
3 3323 3322 3325 
3 2028 2024 2026 
3 3916 3914 3913 
3 1538 1542 1539 
3 1541 1542 1538 
3 1538 1539 1537 
3 1535 1541 1538 
3 1533 1534 1538 
3 1538 1534 1535 
3 1538 1537 1533 
3 4566 4561 4564 
3 4019 4014 4021 
3 5706 5739 5742 
3 5704 5706 5742 
3 5739 5741 5742 
3 5254 5246 5250 
3 5250 5257 5254 
3 5254 5257 5262 
3 2860 2858 2855 
3 2856 2860 2855 
3 796 2856 2855 
3 5169 5164 5171 
3 5593 5589 5590 
3 5594 5597 5593 
3 5593 5590 5594 
3 3574 3565 3561 
3 3572 3574 3561 
3 1220 1215 1214 
3 1218 1224 1220 
3 1214 1218 1220 
3 1965 1969 1966 
3 1966 1959 1965 
3 1501 1498 1499 
3 1490 1498 1501 
3 1966 1970 1967 
3 1966 1967 1964 
3 2814 2818 2816 
3 1586 1585 1582 
3 888 891 890 
3 890 885 888 
3 5043 4881 4883 
3 4316 4318 4314 
3 5796 5795 5791 
3 1678 1679 1674 
3 3806 3816 3814 
3 3814 3804 3806 
3 3376 3382 3383 
3 2023 2024 2020 
3 2020 2021 2023 
3 1772 1539 1542 
3 1767 1772 1542 
3 1542 1541 1543 
3 1542 1543 1767 
3 4871 3254 4868 
3 4868 4872 4871 
3 4871 4872 4875 
3 4006 3994 3998 
3 4006 4000 3994 
3 3998 4011 4006 
3 5750 5747 5755 
3 5755 5757 5750 
3 5755 5764 5757 
3 5257 5250 5253 
3 2851 2854 2849 
3 2851 2849 2846 
3 2846 2848 2851 
3 5164 5155 5162 
3 5172 5171 5164 
3 5164 5162 5172 
3 5589 5587 5585 
3 5589 5585 5586 
3 5586 5590 5589 
3 710 655 713 
3 1964 1960 1959 
3 1959 1966 1964 
3 1904 1906 1959 
3 1960 1904 1959 
3 1488 1499 1498 
3 1498 1490 1488 
3 1164 1161 1167 
3 1167 1172 1170 
3 1167 1170 1164 
3 284 277 282 
3 284 282 288 
3 288 289 284 
3 4578 4522 4554 
3 4142 4139 4137 
3 4137 4144 4142 
3 4315 4314 4318 
3 4319 4315 4318 
3 4318 4323 4319 
3 1656 1647 1651 
3 1656 1651 1654 
3 1660 1661 1656 
3 1654 1660 1656 
3 227 229 226 
3 222 227 226 
3 192 195 198 
3 192 190 195 
3 1684 1679 1683 
3 1683 1685 1684 
3 3730 3734 3731 
3 3731 3728 3723 
3 3731 3727 3730 
3 3723 3727 3731 
3 3352 4813 4815 
3 2209 2214 2210 
3 2210 2205 2203 
3 2210 2203 2209 
3 3382 3376 3379 
3 1539 1772 1540 
3 1539 1540 1537 
3 3260 4863 3254 
3 3258 3260 3254 
3 4863 4868 3254 
3 4812 4811 4817 
3 4816 4812 4817 
3 4817 4820 4819 
3 4819 4816 4817 
3 5775 5741 5778 
3 5775 5778 5779 
3 5779 5773 5775 
3 2848 2846 2843 
3 2845 2847 2848 
3 2843 2845 2848 
3 5155 5149 5152 
3 5155 5157 5162 
3 5152 5157 5155 
3 5596 5611 5620 
3 5620 5640 5596 
3 703 657 655 
3 655 710 703 
3 707 701 704 
3 949 951 953 
3 1487 1494 1499 
3 1499 1488 1487 
3 1494 1500 1499 
3 1161 1164 1061 
3 276 280 277 
3 274 276 277 
3 280 282 277 
3 4524 4522 4519 
3 4238 4239 4245 
3 4238 4241 4234 
3 4245 4241 4238 
3 1825 1823 1840 
3 1820 1823 1825 
3 1840 1835 1825 
3 229 227 231 
3 190 189 195 
3 190 181 189 
3 1684 1676 1679 
3 1676 1674 1679 
3 3734 3730 3735 
3 3356 4664 4813 
3 4813 3352 3356 
3 2214 2209 2211 
3 2214 2211 2215 
3 2214 2215 2222 
3 4768 4764 4944 
3 3142 3147 3144 
3 3147 3150 3144 
3 1772 1767 1768 
3 1772 1768 1769 
3 1772 1769 1777 
3 1772 1777 1779 
3 1772 1779 1781 
3 1781 1540 1772 
3 4872 4868 4867 
3 4872 4874 4875 
3 4873 4874 4872 
3 4867 4873 4872 
3 3990 3994 4000 
3 4000 4027 3990 
3 5741 5738 5736 
3 5739 5738 5741 
3 5741 5736 5740 
3 5740 5778 5741 
3 4607 4603 4606 
3 4606 4643 4613 
3 4613 4607 4606 
3 2909 2902 2904 
3 5171 5172 5177 
3 5597 5600 5604 
3 5604 5603 5597 
3 5597 5594 5600 
3 2771 2769 2774 
3 2713 2705 2709 
3 2720 2727 2713 
3 2715 2720 2713 
3 2709 2715 2713 
3 1490 1482 1478 
3 1478 1488 1490 
3 1983 1985 1978 
3 1981 1973 1978 
3 1985 1981 1978 
3 282 280 285 
3 285 288 282 
3 4522 4578 4514 
3 4522 4514 4519 
3 4239 4236 4243 
3 4239 4243 4245 
3 1835 1840 1841 
3 1835 1841 1843 
3 230 231 227 
3 227 222 223 
3 227 223 224 
3 227 228 230 
3 224 228 227 
3 1303 1305 1308 
3 1308 1306 1303 
3 1689 1684 1685 
3 3733 3737 3716 
3 3716 3728 3733 
3 4664 3356 3391 
3 5394 5395 5380 
3 3186 3180 3150 
3 3147 3186 3150 
3 1541 1535 1264 
3 1258 1543 1541 
3 1264 1258 1541 
3 4864 4867 4868 
3 4863 4864 4868 
3 3989 3990 4027 
3 4027 4036 3989 
3 5778 5740 5784 
3 5783 5779 5778 
3 5784 5783 5778 
3 4604 4602 4603 
3 4608 4604 4603 
3 4602 4599 4603 
3 4603 4607 4608 
3 2903 2895 2902 
3 2902 2909 2903 
3 5618 5620 5611 
3 5610 5618 5611 
3 5611 5603 5610 
3 657 703 699 
3 699 660 657 
3 2795 2803 2797 
3 2795 2806 2803 
3 2802 2806 2795 
3 2795 2772 2802 
3 2702 2707 2705 
3 2707 2709 2705 
3 1137 1135 1134 
3 2649 1137 1134 
3 1973 1976 1974 
3 1973 1981 1976 
3 1974 1970 1973 
3 1172 1176 1170 
3 289 288 295 
3 295 292 289 
3 4237 4234 4241 
3 4241 4245 4244 
3 4242 4237 4241 
3 4241 4244 4242 
3 1661 1660 1666 
3 231 230 233 
3 3717 3723 3728 
3 3716 3717 3728 
3 2215 2213 2218 
3 2204 2199 2200 
3 2204 2200 2205 
3 3174 3177 3170 
3 2021 2019 2273 
3 2273 2023 2021 
3 1534 1533 1531 
3 1531 1532 1534 
3 1534 1532 1535 
3 5445 5307 5313 
3 5313 5318 5445 
3 5318 5442 5445 
3 4809 4804 4808 
3 4808 4811 4812 
3 4808 4812 4809 
3 5773 5781 5776 
3 5773 5779 5781 
3 5776 5770 5773 
3 5773 5770 5764 
3 4597 4592 4594 
3 4594 4599 4597 
3 2911 2903 2909 
3 2915 2911 2909 
3 2909 2913 2915 
3 3418 3420 3424 
3 3416 3420 3418 
3 3418 3424 3422 
3 3410 3416 3418 
3 3418 3414 3410 
3 3422 3414 3418 
3 5604 5610 5603 
3 707 703 710 
3 2808 2803 2806 
3 2811 2808 2806 
3 2810 2811 2806 
3 2806 2802 2810 
3 951 955 953 
3 1135 1137 1139 
3 1139 1136 1135 
3 1135 1136 1132 
3 1132 1131 1135 
3 1980 1976 1981 
3 1982 1980 1981 
3 1985 1982 1981 
3 1177 1170 1176 
3 1176 1179 1177 
3 294 295 288 
3 288 285 291 
3 288 291 294 
3 291 297 294 
3 4138 4234 4133 
3 4134 4139 4138 
3 4132 4134 4138 
3 4138 4133 4132 
3 4314 4315 4310 
3 1664 1666 1660 
3 1659 1664 1660 
3 1660 1654 1659 
3 216 223 222 
3 1306 1309 1307 
3 1308 1309 1306 
3 2162 2160 2213 
3 2213 2211 2162 
3 2215 2211 2213 
3 2196 2200 2199 
3 2194 2196 2199 
3 5753 5746 5751 
3 2019 2285 2273 
3 2297 2285 2019 
3 1532 1531 1525 
3 1526 1530 1532 
3 1525 1526 1532 
3 1530 1535 1532 
3 5442 5318 5436 
3 5437 5438 5442 
3 5436 5437 5442 
3 5785 5781 5779 
3 5779 5783 5785 
3 4505 4508 4592 
3 4504 4505 4592 
3 4592 4597 4504 
3 4508 4584 4592 
3 4592 4584 4587 
3 2919 2915 2913 
3 3426 3424 3420 
3 3420 3416 3415 
3 3420 3415 3419 
3 3423 3426 3420 
3 3419 3423 3420 
3 5588 5651 5653 
3 5588 5640 5651 
3 5584 5587 5588 
3 5653 5584 5588 
3 703 707 704 
3 704 699 703 
3 2772 2769 2767 
3 2767 2770 2772 
3 2772 2770 2802 
3 959 953 955 
3 960 959 955 
3 958 960 955 
3 1137 1140 1141 
3 1137 1141 1139 
3 1137 2649 1140 
3 1974 1971 1970 
3 1971 1967 1970 
3 1166 1164 1170 
3 1168 1166 1170 
3 1170 1177 1173 
3 1170 1173 1168 
3 295 302 292 
3 307 366 292 
3 302 307 292 
3 827 825 821 
3 832 825 827 
3 4234 4237 4133 
3 4312 4310 4315 
3 4315 4319 3767 
3 4315 3767 4312 
3 1654 1653 1659 
3 220 224 223 
3 216 220 223 
3 3726 3730 3727 
3 3727 3723 3720 
3 3724 3726 3727 
3 3727 3720 3724 
3 2195 2205 2200 
3 2200 2196 2195 
3 3333 3326 3325 
3 1535 1530 1270 
3 1270 1264 1535 
3 4877 4875 4874 
3 4874 4880 4877 
3 4879 4880 4874 
3 4873 4879 4874 
3 4810 4809 4812 
3 4815 4810 4812 
3 4812 4816 4815 
3 5770 5776 5768 
3 5768 5764 5770 
3 4602 4597 4599 
3 3431 3422 3424 
3 3424 3426 3428 
3 3424 3428 3431 
3 5640 5620 5637 
3 5645 5651 5640 
3 5637 5645 5640 
3 660 699 668 
3 663 661 660 
3 668 663 660 
3 2769 2766 2767 
3 2769 2771 2766 
3 1136 1139 1138 
3 1138 1132 1136 
3 2382 2365 2385 
3 2386 2380 2382 
3 2389 2386 2382 
3 2385 2389 2382 
3 1164 1166 1061 
3 2133 2132 2136 
3 383 390 386 
3 386 381 383 
3 383 381 377 
3 605 601 604 
3 604 607 608 
3 608 605 604 
3 828 821 825 
3 825 832 828 
3 4139 4134 4137 
3 5110 5060 5065 
3 3282 3278 3281 
3 3281 3287 3282 
3 3732 3735 3730 
3 3726 3732 3730 
3 4637 4638 4633 
3 4637 4633 4632 
3 2185 2203 2205 
3 2205 2195 2185 
3 3373 3376 3369 
3 2285 2293 2281 
3 2274 2273 2285 
3 2281 2274 2285 
3 2285 2297 2293 
3 1763 1767 1543 
3 1249 1763 1543 
3 1543 1258 1253 
3 1543 1253 1249 
3 4875 4877 4876 
3 5293 5302 5297 
3 5764 5768 5760 
3 5760 5757 5764 
3 4598 4504 4597 
3 4602 4598 4597 
3 5095 5092 5097 
3 5095 5097 5100 
3 5100 5096 5095 
3 3416 3410 3409 
3 3409 3415 3416 
3 5583 5585 5587 
3 5587 5584 5583 
3 699 704 698 
3 699 698 668 
3 2765 2768 2770 
3 2770 2767 2764 
3 2770 2764 2765 
3 2768 2810 2770 
3 2810 2802 2770 
3 959 960 962 
3 966 963 959 
3 962 966 959 
3 1131 1132 1128 
3 1131 1128 1127 
3 2360 2365 2361 
3 1166 1168 1163 
3 1163 1061 1166 
3 2132 2131 2128 
3 2127 2129 2132 
3 2128 2127 2132 
3 386 379 381 
3 379 377 381 
3 601 605 595 
3 594 597 601 
3 595 594 601 
3 4131 4137 4134 
3 4134 4132 4129 
3 4134 4129 4131 
3 5060 5110 5061 
3 5060 5061 5057 
3 5549 5550 5541 
3 5555 5550 5549 
3 3723 3717 3718 
3 3723 3718 3720 
3 3404 3407 4638 
3 4638 3407 4634 
3 4634 4633 4638 
3 3376 3373 3379 
3 1767 1763 1768 
3 4882 4877 4880 
3 4887 4884 4880 
3 4880 4884 4882 
3 4880 4879 4887 
3 4011 3998 4004 
3 4004 4010 4011 
3 4011 4010 4014 
3 5787 5785 5783 
3 5784 5787 5783 
3 3963 3965 3967 
3 5100 5098 5096 
3 3408 3410 3414 
3 3417 3411 3414 
3 3414 3411 3408 
3 3414 3422 3417 
3 5585 5583 5581 
3 5581 5586 5585 
3 961 962 960 
3 960 958 961 
3 1132 1138 1133 
3 1133 1128 1132 
3 2360 2363 2365 
3 2363 2385 2365 
3 1184 1190 1187 
3 1184 1187 1183 
3 1183 1179 1184 
3 2134 2130 2121 
3 2116 2138 2134 
3 2134 2121 2116 
3 4509 4514 4578 
3 4578 4584 4509 
3 5547 5541 5550 
3 5553 5547 5550 
3 5550 5555 5553 
3 3717 3716 3710 
3 3714 3718 3717 
3 3710 3714 3717 
3 3407 3412 3413 
3 3407 3404 3406 
3 3407 3406 3412 
3 3413 4634 3407 
3 4930 4932 4925 
3 1763 1249 1759 
3 1763 1759 1758 
3 1763 1758 1764 
3 1764 1768 1763 
3 4882 4876 4877 
3 4010 4004 4001 
3 4003 4009 4010 
3 4010 4001 4003 
3 4009 4014 4010 
3 4643 4646 4641 
3 4641 4613 4643 
3 5098 5100 5101 
3 5098 5101 5103 
3 5103 5099 5098 
3 3410 3400 3396 
3 3410 3408 3400 
3 3396 3409 3410 
3 5584 5653 5660 
3 5584 5660 5582 
3 5582 5583 5584 
3 3565 3574 3577 
3 3577 3569 3565 
3 3565 3569 3567 
3 5805 5810 5811 
3 2734 2727 2740 
3 2740 2742 2734 
3 1122 1125 1128 
3 1128 1133 1129 
3 1129 1122 1128 
3 1125 1127 1128 
3 2381 2377 2380 
3 2380 2386 2387 
3 2380 2387 2381 
3 1192 1187 1190 
3 2130 2129 2123 
3 2123 2121 2130 
3 2751 2748 2747 
3 2747 2754 2751 
3 4514 4509 4511 
3 4516 4519 4514 
3 4511 4516 4514 
3 5558 5553 5555 
3 3404 3401 3403 
3 3403 3406 3404 
3 5748 5743 5746 
3 5746 5753 5752 
3 5746 5752 5748 
3 1764 1769 1768 
3 4884 4887 4888 
3 4884 4888 4885 
3 4884 4885 4882 
3 4017 4021 4014 
3 4013 4017 4014 
3 4009 4013 4014 
3 4652 4655 4649 
3 4652 4649 4644 
3 4641 4646 4652 
3 4644 4641 4652 
3 5029 5027 5025 
3 5025 5031 5029 
3 5027 5022 5025 
3 3417 3412 3411 
3 3411 3406 3405 
3 3412 3406 3411 
3 3405 3408 3411 
3 5591 5594 5590 
3 5590 5586 5591 
3 3574 3581 3583 
3 3583 3577 3574 
3 3574 3572 3581 
3 2727 2733 2740 
3 2727 2720 2726 
3 2727 2726 2733 
3 2377 2381 2378 
3 2377 2378 2375 
3 1187 1192 1288 
3 1294 1183 1187 
3 1187 1288 1294 
3 2978 2981 2974 
3 2140 2146 2138 
3 2116 2140 2138 
3 4516 4517 4519 
3 4243 4267 4261 
3 4261 4245 4243 
3 232 230 228 
3 224 225 228 
3 228 225 232 
3 3732 3788 3735 
3 3406 3403 3405 
3 2488 2484 2485 
3 2488 2485 2489 
3 2488 2489 2491 
3 4985 4981 5743 
3 5743 5748 4985 
3 2274 2281 2275 
3 1769 1764 1766 
3 1769 1766 1774 
3 1774 1777 1769 
3 4879 4878 4886 
3 4873 4878 4879 
3 4879 4886 4887 
3 5067 5068 5064 
3 5067 5064 5031 
3 3405 3400 3408 
3 3569 3577 3578 
3 3569 3576 3568 
3 3578 3576 3569 
3 3568 3567 3569 
3 5819 5823 5821 
3 1596 1601 1590 
3 1589 1596 1590 
3 1590 1573 1589 
3 2646 1140 2649 
3 2636 2630 2591 
3 1216 2636 2591 
3 1279 1288 1192 
3 1192 1198 1279 
3 2146 2151 2154 
3 2146 2140 2151 
3 832 838 835 
3 835 828 832 
3 5062 5061 5110 
3 3088 5062 5110 
3 5110 5116 3088 
3 235 233 230 
3 230 232 235 
3 4630 4629 4633 
3 4631 4630 4633 
3 4629 4632 4633 
3 4633 4634 4631 
3 2416 2485 2484 
3 5756 5752 5753 
3 1777 1774 1778 
3 1777 1778 1783 
3 1783 1779 1777 
3 4869 4886 4878 
3 4878 4873 4869 
3 4017 4013 4015 
3 4607 4613 4608 
3 5068 5099 5066 
3 5066 5064 5068 
3 3439 3417 3422 
3 3438 3439 3422 
3 3422 3431 3438 
3 5526 5591 5586 
3 5529 5526 5586 
3 5586 5581 5533 
3 5586 5533 5529 
3 3567 3568 3564 
3 5810 5805 5804 
3 5810 5804 5806 
3 2720 2715 2721 
3 2721 2726 2720 
3 1466 1487 1488 
3 1488 1478 1466 
3 1968 1963 1967 
3 1967 1971 1968 
3 1963 1964 1967 
3 1179 1183 1181 
3 1179 1181 1177 
3 2140 2108 2139 
3 2140 2139 2151 
3 2140 2116 2108 
3 1850 1869 1870 
3 842 835 838 
3 5058 5057 5061 
3 5062 5058 5061 
3 225 224 214 
3 203 232 225 
3 225 214 205 
3 225 205 203 
3 3321 3327 3310 
3 3314 3321 3310 
3 1802 2489 2485 
3 2485 2416 2413 
3 2485 2413 1802 
3 2303 2310 2305 
3 2303 2305 2298 
3 2298 2301 2303 
3 1779 1783 1784 
3 1784 1781 1779 
3 4890 4893 4886 
3 4870 4890 4886 
3 4869 4870 4886 
3 4889 4887 4886 
3 4893 4889 4886 
3 4612 4608 4613 
3 4627 4612 4613 
3 4636 4627 4613 
3 4613 4641 4636 
3 5103 5105 5099 
3 5105 5066 5099 
3 3387 3419 3415 
3 3415 3409 3387 
3 662 659 661 
3 661 663 665 
3 661 665 662 
3 2714 2721 2715 
3 2715 2710 2714 
3 2715 2709 2710 
3 1901 1894 1893 
3 1893 1896 1901 
3 1901 1900 1894 
3 1183 1294 1299 
3 1183 1299 1181 
3 1850 1865 1869 
3 1869 1865 1873 
3 224 220 214 
3 4634 3413 4631 
3 1795 1792 2489 
3 2489 1802 1795 
3 1792 2491 2489 
3 2298 2297 2301 
3 1540 1781 1536 
3 1536 1537 1540 
3 4891 4888 4887 
3 4887 4889 4891 
3 1698 1694 1699 
3 1699 1702 1700 
3 1699 1700 1698 
3 1694 1695 1699 
3 5064 5066 5059 
3 5064 5059 5034 
3 5034 5031 5064 
3 3426 3423 3427 
3 3429 3428 3426 
3 3427 3429 3426 
3 662 658 659 
3 5799 5802 5804 
3 2726 2721 2728 
3 2726 2728 2733 
3 1896 1893 1890 
3 1896 1890 1886 
3 1886 1885 1896 
3 2635 2629 2630 
3 2630 2636 2635 
3 1288 1279 1286 
3 1292 1294 1288 
3 1288 1286 1292 
3 613 608 607 
3 4245 4261 4257 
3 4250 4244 4245 
3 4257 4250 4245 
3 4371 4372 4368 
3 4368 4370 4371 
3 4371 4376 4372 
3 216 209 220 
3 209 214 220 
3 1310 1307 1309 
3 3328 3334 3327 
3 3327 3321 3328 
3 2495 2493 2491 
3 1786 2495 2491 
3 1792 1786 2491 
3 1788 1536 1781 
3 1784 1788 1781 
3 4866 4869 4873 
3 4867 4866 4873 
3 4829 4827 4831 
3 4831 4836 4832 
3 4831 4832 4829 
3 1694 1693 1695 
3 5066 5105 5063 
3 5063 5059 5066 
3 3423 3421 3425 
3 3423 3419 3421 
3 3425 3427 3423 
3 5190 5216 5212 
3 5212 5198 5190 
3 663 668 669 
3 669 665 663 
3 2707 2710 2709 
3 1895 1894 1900 
3 1899 1895 1900 
3 1900 1902 1899 
3 2629 2631 2594 
3 2634 2631 2629 
3 2629 2635 2634 
3 2270 2275 2276 
3 610 602 605 
3 605 608 610 
3 602 595 605 
3 884 883 885 
3 885 890 886 
3 885 886 884 
3 4366 4364 4370 
3 4370 4368 4366 
3 233 235 238 
3 1307 1310 176 
3 3324 3328 3321 
3 3320 3324 3321 
3 3321 3314 3317 
3 3321 3317 3320 
3 3352 3353 3356 
3 3350 3353 3352 
3 2407 2411 2414 
3 1536 1533 1537 
3 4881 3184 4876 
3 4876 4882 4881 
3 4827 4829 4824 
3 1694 1691 1693 
3 3384 3421 3419 
3 3419 3387 3384 
3 1274 1331 1278 
3 667 662 665 
3 665 669 667 
3 2749 2763 2742 
3 2740 2749 2742 
3 1911 1915 1909 
3 1881 1911 1909 
3 1909 1885 1881 
3 1279 1273 1280 
3 1280 1286 1279 
3 3212 3218 3217 
3 3223 3226 3217 
3 3218 3223 3217 
3 608 613 614 
3 608 614 610 
3 4237 4242 4130 
3 4130 4133 4237 
3 4376 4435 4372 
3 3163 5053 5058 
3 5058 5062 3160 
3 5058 3160 3163 
3 232 203 201 
3 239 235 232 
3 232 201 237 
3 232 237 239 
3 3317 3314 3313 
3 3315 3317 3313 
3 3313 3309 3315 
3 3788 3732 3810 
3 3810 3808 3788 
3 3788 3808 3807 
3 3355 3356 3353 
3 3353 3350 3349 
3 3353 3349 3355 
3 2507 2502 2505 
3 2507 2505 2509 
3 4888 4892 5033 
3 4888 5033 5037 
3 5037 4885 4888 
3 4888 4891 4892 
3 4845 4850 4844 
3 4845 4844 4838 
3 4838 4839 4845 
3 4383 4389 4385 
3 4383 4385 4377 
3 4377 4379 4383 
3 5031 5034 5029 
3 3428 3434 3435 
3 3435 3431 3428 
3 3428 3429 3434 
3 1329 1284 1331 
3 1284 1278 1331 
3 1331 1337 1336 
3 1331 1336 1329 
3 1266 1262 1260 
3 963 966 972 
3 1885 1886 1883 
3 1885 1883 1879 
3 1885 1879 1877 
3 1877 1881 1885 
3 1297 1299 1294 
3 1294 1292 1297 
3 3255 3253 3247 
3 3247 3244 3250 
3 3250 3255 3247 
3 356 360 347 
3 347 353 356 
3 4244 4250 4246 
3 4244 4246 4242 
3 4438 4372 4435 
3 4435 4437 4438 
3 5049 5048 5053 
3 3165 5049 5053 
3 5053 3163 3165 
3 209 205 214 
3 173 176 1310 
3 3732 3726 3729 
3 3732 3729 3810 
3 3355 3359 3356 
3 3359 3391 3356 
3 564 558 563 
3 2502 2497 2501 
3 2501 2505 2502 
3 2297 2298 2293 
3 4885 5037 4883 
3 4883 4882 4885 
3 4838 4836 4839 
3 4390 4385 4389 
3 4389 4395 4390 
3 5035 5029 5034 
3 3431 3435 3438 
3 5207 5206 5202 
3 5202 5200 5207 
3 1562 1564 1558 
3 966 962 968 
3 966 968 973 
3 973 972 966 
3 1493 1345 1508 
3 1508 1500 1493 
3 1188 1157 1193 
3 1193 1191 1188 
3 1299 1302 1303 
3 1303 1178 1299 
3 1178 1181 1299 
3 1299 1297 1302 
3 3232 3239 3231 
3 3239 3244 3231 
3 3231 3226 3232 
3 360 339 347 
3 360 364 337 
3 360 337 339 
3 4517 4516 4513 
3 4250 4257 4253 
3 4253 4246 4250 
3 4437 4440 4438 
3 4437 4439 4440 
3 3089 3160 5062 
3 5062 3088 3089 
3 199 200 205 
3 205 209 199 
3 200 203 205 
3 3317 3315 3320 
3 3725 3729 3726 
3 3726 3724 3721 
3 3726 3721 3722 
3 3722 3725 3726 
3 3348 3349 3350 
3 5395 5393 5375 
3 5375 5380 5395 
3 2505 2501 2506 
3 2506 2508 2505 
3 2508 2509 2505 
3 4981 4985 4983 
3 4893 4898 4889 
3 4889 4898 4895 
3 4895 4891 4889 
3 4385 4393 4382 
3 4382 4377 4385 
3 4385 4390 4393 
3 2890 2888 2884 
3 3396 3388 3409 
3 3388 3387 3409 
3 5821 5823 5206 
3 5203 5202 5206 
3 1564 1562 1569 
3 1564 1569 1590 
3 1598 1604 1564 
3 1590 1598 1564 
3 1345 1493 1346 
3 1186 1188 1191 
3 1191 1189 1186 
3 1178 1177 1181 
3 3245 3250 3244 
3 3239 3245 3244 
3 597 590 591 
3 594 590 597 
3 4511 4513 4516 
3 4246 4253 4249 
3 4246 4249 4247 
3 4439 4488 4440 
3 3158 3163 3160 
3 3160 3089 3158 
3 196 201 203 
3 200 196 203 
3 3818 3817 3729 
3 3817 3810 3729 
3 3729 3725 3818 
3 3351 3355 3349 
3 5380 5375 5359 
3 5359 5371 5380 
3 2509 2508 2512 
3 4891 4895 4892 
3 4569 4566 4694 
3 4694 4693 4569 
3 4379 4377 4373 
3 4928 4922 4927 
3 4928 4927 4933 
3 4882 4883 4881 
3 2785 2787 3554 
3 3554 2787 3572 
3 3554 3544 2785 
3 2035 1011 2031 
3 2035 1009 1011 
3 1494 1493 1500 
3 1151 1157 1153 
3 1151 1153 1147 
3 1147 1146 1151 
3 1151 1146 1206 
3 1178 1173 1177 
3 3226 3228 3232 
3 3226 3223 3228 
3 348 351 353 
3 347 348 353 
3 2225 2230 2222 
3 2222 2221 2225 
3 2225 2221 2223 
3 3161 3165 3163 
3 3163 3158 3161 
3 235 239 241 
3 173 177 176 
3 3808 3810 3813 
3 3813 3807 3808 
3 5359 5361 5371 
3 5371 5361 5368 
3 4284 4280 4276 
3 4276 4280 4273 
3 4276 4278 4284 
3 4240 4278 4276 
3 4276 4273 4243 
3 4243 4240 4276 
3 4836 4838 4835 
3 4835 4832 4836 
3 4377 4382 4375 
3 4377 4375 4374 
3 4374 4373 4377 
3 4922 4914 4916 
3 4924 4927 4922 
3 4922 4916 4924 
3 5201 5194 5193 
3 5200 5194 5201 
3 2789 3580 2787 
3 2788 2789 2787 
3 2787 2784 2788 
3 2787 2785 2784 
3 3580 3572 2787 
3 1013 1009 1007 
3 1007 1008 1013 
3 1493 1494 1485 
3 1493 1485 1350 
3 1350 1346 1493 
3 2391 2387 2386 
3 2386 2389 2391 
3 1169 1168 1173 
3 1173 1178 1175 
3 1173 1175 1169 
3 3223 3225 3228 
3 3222 3225 3223 
3 3218 3222 3223 
3 366 307 364 
3 2230 2233 2222 
3 796 792 2856 
3 756 753 762 
3 762 766 756 
3 3817 3813 3810 
3 2411 2407 2406 
3 2408 2412 2411 
3 2406 2408 2411 
3 4280 4286 4279 
3 4284 4286 4280 
3 4280 4279 4273 
3 4832 4835 4830 
3 4830 4829 4832 
3 4373 4374 4364 
3 4373 4364 4349 
3 5144 5147 5148 
3 5147 5149 5148 
3 5183 5186 5194 
3 5189 5183 5194 
3 5194 5195 5189 
3 5186 5193 5194 
3 5194 5200 5195 
3 3544 2781 2785 
3 1009 1013 1011 
3 2388 2381 2387 
3 2387 2391 2396 
3 2387 2396 2388 
3 1163 1055 1061 
3 302 308 307 
3 313 364 307 
3 308 313 307 
3 2215 2218 2221 
3 2218 2223 2221 
3 2222 2215 2221 
3 792 796 790 
3 790 789 792 
3 789 1544 792 
3 1112 1116 1111 
3 1111 1109 1112 
3 3391 3359 3392 
3 3392 3394 3391 
3 2203 2185 2176 
3 2172 2209 2203 
3 2203 2176 2172 
3 5633 5635 5632 
3 5633 5632 5630 
3 5752 5756 5754 
3 5754 5748 5752 
3 4294 4279 4286 
3 4286 4284 4291 
3 4292 4294 4286 
3 4291 4292 4286 
3 4830 4825 4829 
3 4825 4824 4829 
3 1260 1245 1256 
3 1256 1261 1260 
3 1245 1247 1256 
3 4639 4636 4641 
3 4641 4644 4639 
3 4932 4935 4927 
3 4927 4935 4933 
3 4927 4924 4932 
3 5147 5152 5149 
3 5188 5198 5193 
3 5186 5188 5193 
3 2780 2784 2781 
3 2781 2778 2780 
3 2784 2785 2781 
3 2781 2776 2778 
3 1601 1596 1599 
3 2610 2606 2614 
3 2610 2614 2616 
3 2381 2388 2384 
3 2381 2384 2378 
3 313 337 364 
3 2218 2069 2223 
3 789 1547 1544 
3 163 237 201 
3 196 163 201 
3 177 173 172 
3 175 179 177 
3 177 172 175 
3 3715 3720 3718 
3 3714 3715 3718 
3 2196 2194 2187 
3 2196 2187 2195 
3 5634 5629 5635 
3 5641 5634 5635 
3 5629 5632 5635 
3 5754 4985 5748 
3 4275 4273 4279 
3 4294 4275 4279 
3 1261 1263 1266 
3 1266 1260 1261 
3 4909 4906 4903 
3 3382 3384 3387 
3 3387 3388 3382 
3 5197 5195 5200 
3 5200 5202 5197 
3 1596 1589 1592 
3 1592 1599 1596 
3 2596 2599 2600 
3 2600 2599 2606 
3 2394 2391 2389 
3 2390 2394 2389 
3 2389 2385 2390 
3 3025 3024 3020 
3 3030 3024 3025 
3 2822 2816 2818 
3 2818 2826 2822 
3 2820 2826 2818 
3 2834 2840 2838 
3 2838 2830 2834 
3 314 327 337 
3 327 339 337 
3 337 313 314 
3 2233 2226 2222 
3 4130 4132 4133 
3 3082 3088 5116 
3 5116 5120 3082 
3 237 163 160 
3 237 160 243 
3 237 243 239 
3 3309 3311 3315 
3 3721 3724 3720 
3 3720 3715 3719 
3 3720 3719 3721 
3 3395 3398 3394 
3 3394 3392 3395 
3 5629 5627 5632 
3 5627 5630 5632 
3 5754 4989 4985 
3 4987 4983 4985 
3 4989 4987 4985 
3 4233 4230 4278 
3 4230 4281 4278 
3 4278 4281 4284 
3 4278 4240 4233 
3 4013 4009 4007 
3 4013 4007 4012 
3 4395 4427 4393 
3 4395 4397 4400 
3 4395 4400 4427 
3 4393 4390 4395 
3 4906 4902 4903 
3 5158 5162 5157 
3 5157 5152 5153 
3 5153 5158 5157 
3 5202 5199 5197 
3 424 420 419 
3 424 419 423 
3 424 423 427 
3 1008 1012 1013 
3 2599 2596 2593 
3 2599 2593 2595 
3 2599 2595 2604 
3 2604 2606 2599 
3 2391 2399 2401 
3 2391 2394 2399 
3 2401 2396 2391 
3 2125 2123 2129 
3 2129 2127 2125 
3 3019 3020 3024 
3 3024 3030 3028 
3 3024 3028 3027 
3 3022 3019 3024 
3 3024 3027 3022 
3 2826 2820 2827 
3 2830 2829 2834 
3 308 314 313 
3 184 165 163 
3 163 159 160 
3 163 196 184 
3 179 175 181 
3 3316 3315 3311 
3 2181 2195 2187 
3 2180 2181 2187 
3 4230 4282 4281 
3 4281 4282 4285 
3 4285 4284 4281 
3 4925 4924 4916 
3 5166 5172 5162 
3 5158 5166 5162 
3 5182 5190 5198 
3 5198 5188 5182 
3 417 419 420 
3 420 658 417 
3 1907 1901 1896 
3 1896 1908 1907 
3 1907 1905 1901 
3 1350 1348 1346 
3 1348 1344 1346 
3 2394 2390 2393 
3 2394 2393 2397 
3 2394 2397 2400 
3 2394 2400 2399 
3 2111 2106 2121 
3 2106 2116 2121 
3 2121 2117 2111 
3 2123 2117 2121 
3 3020 3015 3018 
3 3020 3019 3017 
3 3020 3017 3015 
3 2820 2817 2827 
3 2829 2825 833 
3 833 2834 2829 
3 588 591 590 
3 590 587 584 
3 584 588 590 
3 590 594 587 
3 158 160 159 
3 157 158 159 
3 3318 3320 3315 
3 3315 3316 3318 
3 3705 3665 3715 
3 3665 3656 3715 
3 3715 3656 3719 
3 3715 3714 3705 
3 2195 2181 2185 
3 2412 2413 2416 
3 4285 4290 4284 
3 4290 4291 4284 
3 4822 4820 4824 
3 4825 4822 4824 
3 5325 5319 5332 
3 5369 5365 5367 
3 5367 5372 5369 
3 4925 4932 4924 
3 5170 5176 5172 
3 5172 5176 5183 
3 5172 5166 5170 
3 5183 5177 5172 
3 5178 5182 5188 
3 5188 5186 5178 
3 418 423 419 
3 417 416 419 
3 419 416 418 
3 1908 1896 1885 
3 1885 1909 1908 
3 1348 1343 1344 
3 2409 2419 2396 
3 2401 2409 2396 
3 2419 2388 2396 
3 2106 2108 2116 
3 3033 3028 3030 
3 3094 3033 3030 
3 2819 2823 2817 
3 2823 2827 2817 
3 594 595 587 
3 835 842 843 
3 835 843 841 
3 3758 4319 4323 
3 158 243 160 
3 3319 3318 3316 
3 3656 3665 3660 
3 3656 3660 3654 
3 3656 3654 3649 
3 3649 3719 3656 
3 2181 2180 2174 
3 2174 2177 2181 
3 2177 2185 2181 
3 1806 1802 2413 
3 2413 2412 2410 
3 4989 4995 4990 
3 4990 4987 4989 
3 4273 4270 4267 
3 4267 4243 4273 
3 4273 4275 4270 
3 4820 4822 4821 
3 4820 4821 4819 
3 4426 4427 4400 
3 5362 5360 5365 
3 5365 5369 5366 
3 5365 5366 5362 
3 5360 5364 5365 
3 5765 5761 5767 
3 5163 5170 5166 
3 5166 5158 5163 
3 1340 1336 1337 
3 1337 1341 1340 
3 426 429 423 
3 423 422 426 
3 429 427 423 
3 423 418 422 
3 1905 1906 1901 
3 2604 2611 2606 
3 2606 2611 2614 
3 2419 2426 2388 
3 2426 2384 2388 
3 1273 1277 1280 
3 2117 2118 2113 
3 2113 2111 2117 
3 2117 2123 2118 
3 3028 3033 3034 
3 3028 3034 3032 
3 3032 3027 3028 
3 2827 2823 2828 
3 2827 2828 2833 
3 595 602 585 
3 586 587 595 
3 585 586 595 
3 842 887 846 
3 846 843 842 
3 5407 5410 5399 
3 5397 5403 5407 
3 5399 5397 5407 
3 193 184 196 
3 200 193 196 
3 3255 3250 3257 
3 3719 3649 3643 
3 3643 3721 3719 
3 2177 2176 2185 
3 2412 2408 2410 
3 4236 4233 4240 
3 4243 4236 4240 
3 4816 4819 4815 
3 1245 1239 1247 
3 1239 1242 1247 
3 5771 5073 5766 
3 5766 5765 5771 
3 5771 5227 5073 
3 5177 5183 5189 
3 5189 5184 5177 
3 1332 1329 1336 
3 1336 1340 1332 
3 427 429 431 
3 1906 1904 1901 
3 2611 2604 2625 
3 2625 2622 2611 
3 2622 2614 2611 
3 2384 2426 2429 
3 2384 2429 2383 
3 2383 2378 2384 
3 2123 2125 2118 
3 3022 3014 3019 
3 3019 3014 3017 
3 613 618 614 
3 847 841 843 
3 843 846 847 
3 3088 3082 3087 
3 3087 3089 3088 
3 241 239 243 
3 172 171 175 
3 3245 3257 3250 
3 3710 3705 3714 
3 5361 5359 5354 
3 5361 5354 5358 
3 5361 5358 5363 
3 5363 5368 5361 
3 4275 4277 4271 
3 4275 4271 4270 
3 4275 4294 4297 
3 4275 4297 4277 
3 4825 4821 4822 
3 1234 1235 1242 
3 1242 1235 1238 
3 1239 1234 1242 
3 5028 5026 5023 
3 5027 5028 5023 
3 5023 5022 5027 
3 5026 4902 5023 
3 5184 5189 5191 
3 5184 5191 5187 
3 1341 1345 1346 
3 1341 1346 1344 
3 1344 1340 1341 
3 1904 1960 1902 
3 1900 1901 1904 
3 1902 1900 1904 
3 2622 2616 2614 
3 2378 2379 2373 
3 2383 2379 2378 
3 2378 2373 2375 
3 3014 3022 3021 
3 3014 3021 3009 
3 3006 3012 3014 
3 3009 3006 3014 
3 3012 3017 3014 
3 2754 2747 901 
3 901 900 2754 
3 4123 4131 4129 
3 3758 3763 4319 
3 3763 3767 4319 
3 5120 5125 3077 
3 3077 3082 5120 
3 158 157 155 
3 174 175 171 
3 3257 3245 3268 
3 3643 3722 3721 
3 5368 5363 5370 
3 5370 5374 5368 
3 4301 4300 4294 
3 4300 4297 4294 
3 4294 4292 4301 
3 4821 4825 3344 
3 4821 3344 3348 
3 3350 3352 4821 
3 3348 3350 4821 
3 3352 4819 4821 
3 5379 5372 5376 
3 5147 5153 5152 
3 1334 1332 1340 
3 1340 1344 1343 
3 1340 1343 1334 
3 3580 3581 3572 
3 1563 1568 1565 
3 1565 1568 1573 
3 1343 1348 1347 
3 1343 1339 1333 
3 1343 1347 1339 
3 1333 1334 1343 
3 2363 2390 2385 
3 1286 1280 1283 
3 1286 1283 1289 
3 1289 1292 1286 
3 3017 3012 3015 
3 2747 2743 903 
3 903 901 2747 
3 3766 3772 3767 
3 3767 3763 3766 
3 3772 4312 3767 
3 3082 3077 3081 
3 3081 3087 3082 
3 175 174 182 
3 175 182 181 
3 1674 1676 1671 
3 1674 1671 1669 
3 1669 1672 1674 
3 1688 1696 1687 
3 2172 2211 2209 
3 3118 3126 3120 
3 3120 3098 3118 
3 1265 1259 1258 
3 1258 1264 1265 
3 1259 1253 1258 
3 4297 4300 4304 
3 4298 4277 4297 
3 4304 4298 4297 
3 3352 4815 4819 
3 5373 5369 5372 
3 5372 5379 5373 
3 4895 4903 4902 
3 4902 4896 4895 
3 5026 4896 4902 
3 5156 5163 5158 
3 5158 5153 5156 
3 658 662 415 
3 415 417 658 
3 1568 1563 1567 
3 1568 1567 1571 
3 1568 1571 1578 
3 1578 1573 1568 
3 1333 1327 1334 
3 1898 1899 1902 
3 1903 1898 1902 
3 1902 1963 1903 
3 3033 3094 3064 
3 3033 3064 3037 
3 3037 3034 3033 
3 618 621 620 
3 620 614 618 
3 4137 4143 4144 
3 4312 3772 3774 
3 3090 3158 3089 
3 3089 3087 3090 
3 3638 3818 3725 
3 3725 3722 3638 
3 2211 2164 2162 
3 2211 2172 2164 
3 1264 1270 1269 
3 1269 1265 1264 
3 4292 4291 4296 
3 4292 4296 4301 
3 2886 2887 2882 
3 2882 2885 2886 
3 5153 5147 5145 
3 5150 5156 5153 
3 5145 5150 5153 
3 413 410 416 
3 416 417 413 
3 410 418 416 
3 1578 1589 1573 
3 2964 2971 2976 
3 2976 2968 2964 
3 2964 2967 2971 
3 2636 2637 2639 
3 2636 1216 2637 
3 2639 2635 2636 
3 3034 3037 3039 
3 3039 3032 3034 
3 625 620 621 
3 4508 4509 4584 
3 4143 4137 4135 
3 4143 4135 4141 
3 3158 3090 3157 
3 3157 3161 3158 
3 155 157 154 
3 153 155 154 
3 189 181 182 
3 182 193 189 
3 3243 3268 3245 
3 3238 3243 3245 
3 3245 3239 3238 
3 3639 3638 3722 
3 3722 3643 3639 
3 5453 5449 5446 
3 4290 4295 4291 
3 4295 4296 4291 
3 2885 2882 1735 
3 2885 1732 3965 
3 1735 1732 2885 
3 3433 3434 3429 
3 3432 3433 3429 
3 3430 3432 3429 
3 3429 3427 3430 
3 411 413 417 
3 417 415 411 
3 3367 2536 2541 
3 3363 3337 3367 
3 3366 3363 3367 
3 3367 2541 3371 
3 3367 3371 3368 
3 3367 3368 3366 
3 3367 2533 2536 
3 3337 2533 3367 
3 1213 2637 1216 
3 1943 1940 1944 
3 1944 1947 1943 
3 2126 2125 2127 
3 2127 2128 2126 
3 3027 3029 3021 
3 3021 3022 3027 
3 3027 3032 3029 
3 616 610 614 
3 620 616 614 
3 789 1552 1547 
3 1921 1860 1862 
3 1862 2358 1921 
3 766 769 760 
3 760 756 766 
3 3087 3085 3090 
3 3081 3085 3087 
3 3807 3813 3811 
3 2176 2177 2171 
3 2171 2172 2176 
3 3098 3106 3115 
3 3115 3118 3098 
3 1250 1249 1253 
3 1254 1250 1253 
3 1259 1254 1253 
3 4322 4301 4296 
3 4325 4322 4296 
3 4296 4295 4325 
3 3966 3965 1732 
3 1726 3966 1732 
3 1732 1735 1731 
3 1732 1727 1726 
3 1731 1727 1732 
3 3427 3425 2618 
3 2618 3430 3427 
3 3469 2688 3534 
3 3466 2688 3469 
3 3469 3462 3466 
3 418 410 414 
3 414 422 418 
3 2771 2732 2736 
3 2771 2736 2766 
3 2533 2535 2537 
3 2530 2535 2533 
3 2537 2536 2533 
3 2533 3337 3332 
3 3332 2530 2533 
3 2977 2971 2967 
3 2967 2974 2977 
3 2635 2639 2638 
3 2635 2638 2634 
3 3039 3029 3032 
3 900 901 899 
3 900 899 896 
3 2358 2356 2353 
3 2353 1921 2358 
3 756 760 752 
3 3086 3090 3085 
3 3085 3081 3086 
3 195 189 193 
3 193 200 199 
3 193 199 195 
3 3272 3268 3278 
3 2163 2164 2172 
3 2172 2171 2163 

