# vtk DataFile Version 4.2
3D Slicer output. SPACE=LPS
ASCII
DATASET POLYDATA
POINTS 5824 float
16.501 29.961 -21.7271 16.4189 29.777 -22.4114 15.7475 30.5779 -22.2063 
16.2326 29.5686 -23.0811 16.7594 28.6708 -23.5121 15.5573 30.3664 -22.8998 
14.9244 31.1458 -22.5297 15.3885 30.1631 -23.3419 15.5829 29.6153 -23.7423 
15.8842 29.0896 -23.9792 16.364 28.3132 -24.2561 14.7189 30.8359 -23.1842 
14.9958 29.7908 -24.0189 15.5251 28.7993 -24.4666 14.0596 31.3345 -23.1367 
14.441 30.4669 -23.7889 15.8982 27.7915 -24.8999 14.1782 30.0261 -24.2435 
13.7091 30.6975 -23.9242 14.6122 29.193 -24.6238 13.3361 31.3618 -23.5135 
15.1337 28.3498 -24.9139 13.5966 29.812 -24.5494 12.9406 30.7698 -24.104 
14.2013 28.6834 -24.9946 14.6775 27.7106 -25.3008 14.0515 27.9177 -25.2649 
13.2548 29.0997 -24.9102 13.3778 28.4078 -25.1045 13.9998 27.0378 -25.4265 
12.6899 29.7998 -24.6448 13.2823 27.5163 -25.2068 13.3973 26.4679 -25.194 
12.5157 28.2372 -24.9527 12.5631 27.3563 -24.8719 12.2557 29.0429 -24.8146 
12.1084 30.649 -24.2796 12.6273 26.4797 -24.5019 11.974 27.1848 -24.2931 
12.4815 26.2564 -23.6761 11.517 28.7777 -24.5925 11.4703 29.3633 -24.5807 
11.5242 30.0311 -24.4844 11.5005 28.0132 -24.3412 11.8159 26.8876 -23.6164 
11.9446 26.8961 -22.8911 11.0753 27.5926 -23.4287 12.1427 27.0755 -22.2336 
10.7285 28.5632 -24.0944 11.2092 27.5437 -22.568 11.8046 27.7864 -21.5234 
11.3147 27.8563 -21.8147 10.4219 28.1343 -23.3329 10.4794 28.0264 -22.5838 
10.677 28.1483 -21.8983 10.2258 28.7788 -23.8297 10.5436 29.5446 -24.2495 
9.81211 28.4573 -22.5545 9.75748 28.6598 -21.7865 9.54239 28.7044 -22.9411 
9.64602 29.0169 -23.4931 9.77147 29.939 -23.9251 8.7267 29.1167 -22.0163 
8.67283 29.3123 -22.7586 9.05947 29.6382 -23.4322 11.0045 30.5222 -24.257 
9.25801 30.2433 -23.7129 10.2044 30.6624 -24.0403 8.45057 30.2375 -23.2821 
9.45793 31.0549 -23.7344 8.47054 30.8916 -23.3849 10.7108 31.4062 -23.8762 
11.9169 31.3573 -23.8904 9.80135 31.7472 -23.5922 8.51845 31.6068 -23.3183 
11.5478 31.9715 -23.5009 8.78598 32.1398 -23.2041 11.0621 32.2133 -23.3733 
12.492 31.8947 -23.3512 10.5481 32.4518 -23.2256 9.5456 32.5477 -23.1194 
7.73158 32.4208 -22.7742 11.72 32.5443 -22.9635 8.47623 32.8644 -22.7433 
10.1397 33.1115 -22.6979 8.9867 33.2539 -22.5479 7.45092 33.0496 -22.3612 
7.95269 33.4618 -22.2095 11.3424 33.0007 -22.5909 8.35316 33.9375 -21.8309 
9.399 33.7431 -22.0798 10.6511 33.5718 -22.1107 8.69111 34.4219 -21.1997 
9.6185 34.2485 -21.3525 10.1326 34.0437 -21.5415 12.4279 32.5458 -22.6925 
10.9331 33.9497 -21.322 9.45974 34.6858 -20.4295 10.3615 34.3623 -20.7355 
11.8119 33.358 -21.8552 10.4762 34.512 -20.096 13.3711 32.0549 -22.7605 
12.5907 32.9556 -21.9606 11.2799 34.1389 -20.3909 11.7634 33.7924 -20.8912 
13.1293 32.5608 -22.1931 12.507 33.3405 -21.1866 11.1815 34.3076 -19.6513 
13.384 32.6967 -21.6237 14.1865 31.8101 -22.3628 12.6236 33.4578 -20.4684 
12.1471 33.8024 -19.9119 13.3642 32.9032 -21.0114 14.1973 32.0878 -21.7773 
11.2456 34.2916 -18.9978 14.0918 32.3721 -21.1611 14.9579 31.4174 -21.9329 
13.4156 32.9845 -20.3255 14.7317 31.8692 -21.122 15.44 31.1222 -21.5216 
14.1696 32.427 -20.3205 16.1747 30.4558 -21.0188 14.9054 31.799 -20.4464 
15.6136 31.1011 -20.6565 13.8318 32.6818 -19.6848 15.3048 31.3753 -19.9351 
13.0342 33.2483 -19.4437 15.9826 30.6212 -19.8962 14.5828 32.0203 -19.5778 
12.1748 33.7764 -18.9999 15.2883 31.2538 -19.3258 13.8157 32.5936 -19.0673 
15.9247 30.4104 -19.0903 13.0131 33.1749 -18.8024 14.5337 31.8491 -18.7783 
15.1895 31.0198 -18.5333 12.1036 33.6453 -18.1497 12.9337 33.0456 -18.1916 
13.7232 32.4108 -18.269 14.4007 31.6015 -18.0002 12.6121 33.0348 -17.5854 
13.6001 32.2218 -17.6937 15.0264 30.7094 -17.7651 12.6604 32.668 -17.0438 
13.447 31.9945 -17.1345 14.0176 31.4627 -17.2162 14.3877 31.0946 -17.281 
14.8185 30.31 -17.0247 13.9636 30.8579 -16.5251 13.2002 31.6276 -16.4234 
13.2847 30.7702 -15.785 7.40666 31.5261 -22.8729 6.84816 32.1629 -22.5161 
7.57363 30.6806 -22.8941 7.82681 29.8655 -22.5738 7.04325 30.566 -22.515 
6.32303 31.1318 -22.2718 7.38579 29.8033 -21.9482 6.42188 30.3521 -21.8399 
7.02035 29.8667 -21.1475 6.22586 30.1039 -21.0359 8.06791 29.4855 -21.4686 
8.07512 29.6104 -20.875 7.05867 29.9938 -20.3282 9.00157 29.1963 -21.2145 
8.16042 29.8492 -20.2469 10.2786 28.7307 -21.2084 9.69511 29.1476 -20.8715 
9.09249 29.5534 -20.4564 10.9856 28.5617 -21.0074 11.8571 28.2763 -20.7857 
10.1773 29.3696 -20.2373 10.9488 29.0437 -20.2716 11.6659 28.7733 -19.9426 
9.00467 29.8995 -19.8374 10.0556 29.6749 -19.6183 11.6971 28.6835 -19.2508 
11.0864 29.195 -19.3074 11.5096 28.3982 -18.627 10.4665 29.5977 -19.0242 
10.7747 29.0978 -18.4523 9.57058 30.0715 -18.8881 8.77529 30.2294 -19.2225 
9.97203 29.7254 -18.3229 7.80844 30.2303 -19.5242 10.4636 28.7054 -17.8659 
9.69054 29.5256 -17.727 9.84622 28.4005 -17.3033 9.72267 29.0365 -17.446 
8.75139 30.4139 -18.3724 9.11706 30.139 -17.898 9.23457 29.0133 -17.0631 
8.87334 30.009 -17.449 7.78578 30.5568 -18.6734 8.60784 29.7369 -16.9648 
8.12054 30.5558 -17.6986 6.96747 30.3086 -19.4559 8.16759 29.2983 -16.3952 
7.84414 30.3605 -16.9522 7.23704 30.7536 -17.8647 6.80297 30.6361 -18.5549 
6.07578 30.2015 -19.9466 7.45313 30.0217 -16.285 5.92405 30.4038 -19.171 
6.81841 30.8055 -17.1486 6.16972 30.7123 -18.1921 6.95977 30.6222 -16.6447 
6.63533 30.5004 -16.182 6.64828 29.9838 -15.6482 5.85066 30.865 -17.3452 
5.96223 30.5321 -15.7351 5.81315 30.855 -16.4705 5.11632 30.8026 -15.9305 
4.75641 30.6319 -15.2447 5.39113 30.7008 -17.9584 4.53962 30.8297 -16.105 
4.7467 30.7987 -16.8409 3.69258 30.6253 -15.2629 3.97789 30.6838 -16.2178 
3.0034 30.4434 -15.6439 4.68634 30.6682 -17.5278 3.06008 30.3887 -16.3624 
3.43024 30.4166 -17.0769 3.97049 30.5049 -17.5301 4.40092 30.4892 -18.102 
4.9719 30.4654 -18.6469 2.45795 30.0921 -17.3614 3.29494 30.2733 -18.0351 
4.19244 30.3471 -18.7996 2.29145 30.162 -18.2211 3.57885 30.3186 -18.9938 
2.57683 30.3618 -18.8594 4.71636 30.3207 -19.6243 2.7896 30.6507 -19.4693 
1.39555 31.1101 -18.9631 3.55443 30.6442 -19.9493 1.95306 31.5419 -19.4988 
5.55291 30.2429 -20.5195 2.58805 31.399 -19.9001 4.76257 30.5106 -20.6188 
1.33988 32.2645 -18.9919 4.19015 31.0246 -20.7704 3.43389 31.5446 -20.5267 
5.20934 30.7724 -21.3123 2.45557 32.3887 -19.8764 5.42773 31.4149 -21.7785 
4.79 31.7939 -21.4499 4.02583 32.1169 -20.9845 5.98047 32.0508 -22.1251 
4.80699 32.6478 -21.3569 3.31825 32.7271 -20.4091 5.46971 32.5574 -21.7529 
1.96898 33.1112 -19.2103 4.52828 33.2534 -20.9378 6.52142 33.0449 -22.0302 
3.7219 33.4417 -20.3342 2.70548 33.431 -19.6277 5.84797 33.484 -21.472 
2.12219 33.8789 -18.7492 3.36874 33.9765 -19.6745 3.03331 34.3067 -19.0653 
4.09747 34.269 -19.8556 4.60905 34.167 -20.2601 5.29168 33.9756 -20.8095 
2.75283 34.5732 -18.4469 3.85788 34.7345 -19.0825 3.46701 34.917 -18.4538 
4.53789 34.8886 -19.2596 7.04635 33.8423 -21.6339 6.27301 34.2171 -20.9862 
4.43527 35.2653 -18.3706 5.57499 34.7784 -19.9544 6.95545 34.3545 -21.0657 
7.64901 34.3632 -21.1994 6.43431 34.6679 -20.4579 5.57752 35.1224 -19.3101 
7.20286 34.6608 -20.6668 6.60906 35.0346 -19.8433 5.44603 35.3726 -18.5839 
8.28274 34.7767 -20.555 7.37384 35.011 -20.0427 8.11382 34.9712 -20.103 
7.26904 35.2847 -19.2593 5.37702 35.4823 -18.0081 6.58383 35.3909 -18.825 
8.08119 35.1611 -19.5261 9.00012 34.946 -19.8662 9.09993 35.0395 -19.316 
7.55072 35.3975 -18.5029 6.57376 35.5062 -17.9809 10.1886 34.7261 -19.3887 
8.66262 35.2039 -18.6765 6.33439 35.516 -17.38 9.76085 34.8943 -18.5962 
8.38134 35.2507 -17.9715 7.66975 35.3699 -17.6593 10.521 34.6002 -18.5768 
8.9986 35.0698 -17.8375 9.76935 34.8272 -17.986 11.2961 34.1545 -18.2142 
9.72529 34.7566 -17.586 10.7037 34.3493 -17.744 7.48684 35.2975 -16.9986 
8.65411 35.0121 -17.082 9.57317 34.6648 -17.0667 10.5953 34.1924 -17.1465 
11.466 33.7829 -17.4053 6.71479 35.3318 -16.5306 7.99083 35.0138 -16.4445 
10.0154 34.2497 -16.5969 9.03426 34.5738 -16.2839 11.8465 33.2964 -16.9792 
10.8897 33.7249 -16.5877 7.22116 35.0725 -16.0392 8.14254 34.7589 -15.9478 
11.6153 32.9813 -16.2732 9.82454 33.9393 -15.8865 12.4197 32.3359 -16.3376 
10.6721 33.4003 -15.9006 8.8817 34.2486 -15.5789 12.5246 31.5683 -15.7141 
11.9415 32.1199 -15.6632 11.3628 32.6117 -15.6241 11.8226 31.4658 -15.0639 
10.4616 33.0226 -15.2871 11.0865 32.1893 -15.0242 9.65081 33.5753 -15.2536 
8.01786 34.4864 -15.3562 10.7673 31.7041 -14.4495 9.67571 33.0924 -14.7617 
10.1738 32.4319 -14.5494 8.7124 33.8535 -14.9197 10.1524 31.4821 -13.9166 
9.17096 32.7646 -14.1443 8.67801 33.3888 -14.3924 9.32496 32.2025 -13.8363 
9.36608 31.6244 -13.5143 7.08423 34.8191 -15.3848 8.3635 32.9004 -13.7663 
7.46425 34.2118 -14.6208 7.82868 33.4065 -13.9048 8.23067 32.1969 -13.1856 
7.48364 32.9758 -13.335 7.85198 31.3887 -12.4924 7.13999 33.7866 -13.9366 
7.24617 32.1091 -12.5845 6.6955 33.0087 -12.9626 6.50449 34.3421 -14.3025 
6.37544 33.7545 -13.5219 6.16918 32.3518 -12.1982 5.96205 32.8086 -12.457 
5.8451 33.3955 -12.931 5.26459 32.8361 -12.1702 5.59029 34.0733 -13.567 
4.962 33.6601 -12.8537 4.57423 33.1327 -12.1842 5.66224 34.6004 -14.3303 
4.25156 34.0512 -13.0931 3.77269 33.5868 -12.4073 4.85828 34.4968 -13.8909 
6.10574 34.9101 -15.0692 3.16613 34.1832 -13.0535 3.91617 34.6345 -13.8903 
5.07424 34.9627 -14.7986 6.12879 35.2409 -15.9001 5.36561 35.2624 -15.6545 
5.70896 35.4743 -16.69 3.9951 35 -14.6656 4.38819 35.2515 -15.4655 
2.6535 34.6164 -13.794 4.82968 35.5127 -17.438 4.41318 35.4294 -16.2612 
4.61584 35.4929 -16.8864 3.59028 35.1978 -15.2861 3.678 35.3991 -16.4236 
3.71673 35.2751 -17.6843 2.78866 34.972 -14.7248 2.90814 35.1583 -15.5457 
3.21895 35.2638 -17.0084 2.82346 35.2028 -16.2367 2.79115 34.9924 -17.5621 
2.24619 35.0468 -15.982 2.15854 34.8308 -17.1784 1.74643 34.8815 -15.5676 
1.72738 34.772 -14.6095 2.09058 34.4281 -18.0213 1.73273 34.7928 -16.5023 
1.24436 34.5269 -14.1171 1.40081 34.2891 -17.4091 0.849918 34.5286 -15.4563 
0.904887 34.3671 -16.4375 0.500878 34.3817 -14.9444 1.30891 33.5603 -18.2547 
0.270428 33.967 -16.3171 0.724997 33.4043 -17.7723 0.398847 33.5802 -17.1767 
-0.248963 33.8593 -15.4827 -0.392543 33.3838 -16.2994 0.754177 32.4644 -18.386 
-0.0333626 32.7443 -17.461 -0.718932 32.7774 -16.5862 0.290078 31.8504 -18.1651 
-0.640152 32.1234 -17.1556 0.539967 30.9317 -18.3062 -0.111763 31.3517 -17.8473 
1.14018 30.4315 -18.3726 1.50275 29.905 -17.6175 0.164898 30.3472 -17.8115 
-0.738993 31.0382 -17.3141 2.08631 29.9804 -16.6441 0.576258 29.6412 -17.2644 
1.86218 29.9217 -16.0001 2.14805 30.1201 -15.3928 1.22975 29.6222 -16.5208 
-0.369383 29.9503 -17.2879 1.25148 29.6572 -15.1454 0.468238 29.2746 -16.3065 
0.646838 29.2706 -15.6095 -0.409813 29.3446 -16.7441 -0.364592 28.7704 -15.8035 
-0.164353 28.6659 -15.121 -1.18444 30.5096 -16.9049 -1.11429 29.6656 -16.7118 
-1.2035 28.8793 -16.1318 -1.2002 28.2614 -15.4509 -1.3282 31.3645 -16.6903 
-1.77629 29.6736 -16.2997 -1.95841 28.3749 -15.5424 -1.7356 30.7058 -16.4012 
-2.22399 29.3456 -15.8668 -2.2731 30.2767 -15.9136 -2.67807 28.8601 -15.4118 
-1.41686 32.1351 -16.1969 -1.88487 31.4329 -16.028 -2.37615 30.8958 -15.6467 
-0.943703 33.1341 -15.7739 -2.92087 30.0303 -15.2273 -2.28627 31.4536 -15.4398 
-1.69223 32.3883 -15.5473 -3.42647 28.9869 -14.7691 -1.31562 33.0561 -15.1605 
-2.86137 31.0761 -14.8559 -2.23319 32.116 -14.897 -3.42447 30.0608 -14.5893 
-1.68118 32.912 -14.5572 -3.99117 29.2007 -14.068 -3.28527 31.0363 -14.1404 
-0.710363 33.6802 -14.6884 -2.75437 31.9006 -14.0774 -3.87747 30.2145 -13.7513 
-4.30067 29.5501 -13.4054 -2.01198 32.7364 -13.9589 -3.31747 31.4371 -13.377 
-4.02457 30.5219 -13.029 -2.30979 32.5346 -13.3588 -3.32037 31.5815 -12.6637 
-1.10402 33.4568 -13.9097 -3.93247 30.9091 -12.2381 -2.51229 32.3483 -12.7412 
0.0407775 34.1289 -14.2946 -3.45317 31.4207 -11.7519 -1.45971 33.1625 -13.1584 
-2.69287 32.096 -11.9948 -0.221553 33.8767 -13.5197 -1.60223 32.8917 -12.3976 
0.637418 34.2368 -13.6676 -0.557943 33.4992 -12.7297 -1.94905 32.3954 -11.5085 
0.415337 33.8405 -12.7835 -0.847223 33.0497 -11.9053 1.69885 34.299 -13.2857 
1.14845 33.8812 -12.6046 0.264938 33.4114 -12.0238 -0.696582 32.7814 -11.3253 
-1.28175 32.2995 -10.7814 1.81663 33.792 -12.3823 0.405378 32.9621 -11.298 
1.39243 33.2505 -11.6321 0.0286477 32.5134 -10.7243 2.75029 33.7144 -12.3538 
-0.208772 32.1205 -10.2135 2.27215 33.2001 -11.6489 1.34352 32.6822 -10.9271 
3.06282 33.0839 -11.6733 1.14171 32.1181 -10.236 2.65646 32.5088 -10.9841 
3.67981 32.7929 -11.5653 2.20828 32.0166 -10.3552 4.60556 32.4542 -11.5797 
3.68619 32.0577 -10.8774 2.94221 31.6952 -10.2499 2.38066 31.4549 -9.79901 
1.73731 31.302 -9.40918 3.74136 31.5629 -10.4609 4.69048 31.8633 -11.1249 
2.55492 31.0044 -9.36256 3.55303 31.0431 -9.86189 5.79169 31.9294 -11.7018 
4.82813 31.2594 -10.7027 4.38559 30.835 -10.1118 3.27724 30.5868 -9.22891 
5.70642 31.1603 -11.11 6.61313 31.4209 -11.8003 7.19554 30.7114 -11.7349 
5.47368 30.4532 -10.464 6.4899 30.4283 -11.1292 4.1236 30.1967 -9.3041 
4.97608 30.0672 -9.80857 6.18732 29.8224 -10.5346 7.10845 29.6661 -11.1305 
6.66443 29.2061 -10.5182 5.77568 29.3114 -9.8066 6.89454 28.4254 -10.2172 
6.37318 28.4085 -9.59551 6.73958 27.6928 -9.34061 4.64435 29.5306 -8.91264 
5.36738 29.0106 -8.99589 6.01088 28.2547 -8.77786 6.67594 27.4307 -8.12563 
6.17672 27.9844 -7.76704 5.57403 28.4708 -7.86369 5.08247 28.8483 -8.00886 
6.93822 27.7448 -6.91252 4.45876 29.2878 -8.19685 8.04811 27.7291 -6.21134 
6.23295 28.3829 -6.71404 7.25983 28.4225 -6.03345 5.61742 28.6502 -6.83919 
6.57979 28.957 -5.67489 4.77088 28.975 -7.26082 5.73795 29.0376 -5.88647 
5.05751 29.0182 -6.43007 3.83883 29.4418 -7.66977 4.71194 29.3226 -5.72038 
3.44313 29.951 -8.4591 4.20771 29.2393 -6.63974 3.62227 29.4249 -6.27744 
3.10313 29.6546 -7.41864 2.47395 30.525 -8.71129 2.68793 29.6309 -6.74428 
2.1868 30.2835 -8.18689 2.25923 29.9631 -7.55648 1.90276 29.7905 -6.74722 
1.35272 30.3746 -7.95738 1.24808 31.0949 -9.01559 1.18098 30.0464 -7.18228 
0.803617 29.9503 -6.72957 0.727598 30.6606 -8.24028 0.454108 31.7056 -9.64839 
0.353788 31.1028 -8.82978 0.158538 30.4075 -7.68491 -0.340792 31.505 -9.3592 
-0.399613 30.9403 -8.51562 -0.418243 30.2095 -7.18146 -0.676933 30.5989 -7.93767 
-1.03951 31.8548 -9.96327 -1.11754 31.2649 -9.06316 -0.935712 30.0223 -6.63418 
-1.35152 30.3168 -7.40477 -1.41562 30.598 -7.98614 -1.64125 31.5601 -9.69176 
-1.76924 30.8816 -8.55864 -1.92498 31.9272 -10.4849 -1.84431 30.1119 -6.99066 
-2.28628 30.4215 -7.83169 -2.33567 31.208 -9.39187 -2.61737 31.8789 -11.0985 
-2.65257 31.4534 -10.1488 -2.68477 30.7364 -8.67708 -2.69547 30.0247 -6.9879 
-2.87627 30.3645 -7.96289 -3.36787 31.3046 -10.8426 -3.38387 30.7384 -9.2479 
-3.47977 30.2556 -8.16306 -3.56887 30.9519 -10.0986 -3.61537 29.9995 -7.52078 
-4.00137 30.8438 -11.2375 -4.14947 30.3493 -9.38586 -4.32817 30.4295 -10.4168 
-4.23947 30.0212 -8.43104 -4.34627 29.6382 -6.91649 -4.73567 29.9045 -9.42065 
-4.53627 30.0776 -12.0263 -4.76847 29.9125 -11.2073 -4.91717 29.5234 -7.9475 
-5.05607 29.596 -10.4467 -5.27747 29.3225 -9.80945 -5.28217 29.3041 -8.89361 
-5.39197 29.1407 -7.45213 -6.00627 28.7579 -7.00113 -5.82147 28.6877 -8.5774 
-6.19567 28.2901 -8.00643 -6.57287 28.0185 -7.38129 -6.90327 27.5682 -7.30263 
-5.94667 28.292 -9.53762 -5.70357 28.5762 -10.1177 -7.26457 26.8827 -7.18434 
-6.29117 27.7912 -8.98126 -6.64587 27.3435 -8.35714 -6.95627 26.7602 -8.10157 
-6.62787 26.6685 -9.22358 -6.20397 27.4889 -9.88527 -5.38497 28.8534 -11.124 
-6.60637 25.9511 -9.7155 -6.24727 26.8432 -10.2917 -5.77477 28.0112 -10.8658 
-6.27957 25.8286 -10.5267 -5.99547 26.2925 -11.103 -5.77167 27.2511 -11.3751 
-5.04557 29.0435 -12.0393 -5.33857 28.1631 -11.9894 -5.79747 25.3479 -11.4115 
-4.63177 29.4192 -12.7833 -5.57737 26.3941 -11.8402 -5.37197 27.2826 -12.2095 
-4.87807 28.4547 -12.8309 -5.09507 27.6583 -12.66 -5.25617 25.5506 -12.1768 
-5.13367 26.3845 -12.5487 -4.51617 28.5802 -13.4346 -4.70647 27.4975 -13.2357 
-4.64457 26.3032 -13.0533 -4.32277 27.918 -13.7475 -4.62617 24.8954 -12.4944 
-4.30917 25.6009 -13.0205 -4.11457 26.6996 -13.6352 -3.76557 28.1637 -14.3594 
-3.67227 27.2665 -14.1648 -3.65037 24.8421 -12.8731 -3.50777 25.6917 -13.4093 
-2.90177 27.9977 -14.9389 -3.19127 26.3169 -13.851 -2.94327 27.2059 -14.4846 
-2.75987 25.1925 -13.0228 -2.82137 24.6766 -12.6462 -2.33546 26.6824 -14.0888 
-2.44352 25.9433 -13.48 -1.9673 27.6682 -14.9334 -1.9589 27.1118 -14.3707 
-2.08392 24.9084 -12.3004 -1.75365 26.4109 -13.3656 -1.82613 25.7506 -12.6828 
-1.38841 27.2039 -13.9768 -1.69379 25.0176 -11.6798 -0.962273 27.9639 -14.7052 
-1.31505 26.5856 -12.6223 -1.13528 27.1438 -13.2398 -1.30952 26.286 -11.9759 
-0.724953 27.8672 -13.8372 -0.905342 27.2316 -12.1001 -0.786802 27.5178 -12.4783 
-1.01782 26.8397 -11.5616 -0.583283 27.9296 -13.1842 -0.417923 28.1161 -12.6036 
-0.168553 28.5308 -14.2402 -0.552182 27.8212 -11.7181 0.0194977 28.6863 -13.4417 
-0.0398924 28.5551 -12.1994 0.475218 29.1229 -14.8223 0.533677 29.1777 -14.1607 
0.377318 29.0169 -12.7898 0.751198 29.3615 -13.5731 1.32638 29.7374 -14.3337 
1.11296 29.5468 -13.0666 1.98087 30.0836 -14.7391 1.58274 29.8475 -13.6772 
2.82196 30.4009 -14.7896 2.37064 30.1445 -13.914 1.54421 29.53 -12.5855 
2.21285 29.8897 -13.208 3.09598 30.3529 -14.2493 3.97381 30.4858 -14.6487 
3.77026 30.069 -13.8501 3.39906 29.8386 -13.4089 4.68359 30.1417 -14.4394 
2.91357 29.6346 -12.947 5.47328 30.2521 -15.0547 4.69094 29.5748 -13.955 
6.17794 29.5964 -15.0545 5.37014 29.5427 -14.4294 4.37587 29.2418 -13.5123 
6.07798 28.7528 -14.6261 5.3041 28.6855 -13.9725 5.82604 27.9959 -14.2144 
3.63844 29.1018 -12.8758 4.59729 28.4582 -13.274 5.25986 27.7241 -13.6099 
5.35787 26.8991 -13.4765 4.04386 28.2553 -12.6501 4.43913 27.6834 -12.7744 
4.864 26.9901 -12.8999 2.66689 29.1683 -12.3141 3.35954 28.5765 -12.2563 
3.93068 27.565 -12.0857 2.08596 29.1292 -11.9739 4.2064 26.8222 -11.8859 
2.76984 28.4305 -11.6348 3.321 27.8926 -11.6486 1.234 29.1259 -11.8394 
0.609547 28.9937 -11.9099 2.71938 27.9794 -11.1001 1.88039 28.5601 -11.145 
3.46921 27.2099 -11.1636 0.106458 28.5636 -11.5586 0.959378 28.756 -11.1803 
3.88785 26.4039 -10.9297 2.58933 27.6596 -10.589 0.651538 28.4117 -10.6405 
3.12293 26.8908 -10.2606 1.45114 28.1548 -10.346 -0.169852 28.1194 -10.8782 
2.03365 27.5876 -9.9474 3.3622 26.3578 -9.91843 -0.682472 27.4729 -11.0388 
0.215487 27.9388 -9.99449 1.01972 27.8163 -9.68755 -0.469942 27.552 -10.3082 
2.28758 27.0105 -9.38623 1.54107 27.2512 -9.08394 0.352028 27.4875 -9.20841 
-0.288132 27.3588 -9.55382 -0.823722 26.8503 -10.1855 2.95061 26.276 -9.12121 
-1.02587 26.5627 -10.8258 0.784808 27.202 -8.73864 -0.219262 26.8917 -8.81425 
-0.699172 26.5983 -9.30734 -1.35647 25.7084 -11.2777 -1.1366 26.0078 -10.486 
1.82492 26.6907 -8.4759 -1.01808 25.9783 -9.75049 0.728678 26.7323 -8.13807 
-1.24328 25.3915 -10.3674 -0.356172 26.354 -8.33159 -0.933032 25.7741 -9.09722 
2.55693 26.1155 -8.36445 -1.53698 24.6233 -11.0099 1.26505 26.2884 -7.67652 
0.232107 26.2891 -7.72581 3.2058 25.4699 -8.37155 -1.31301 24.6563 -10.2096 
2.10751 25.9206 -7.69792 -1.1769 24.8354 -9.59885 2.76723 25.3395 -7.66802 
-1.46137 23.9461 -10.4429 1.77616 25.516 -7.10988 -0.920842 25.2311 -8.51188 
-0.192403 25.7549 -7.49055 -0.670503 25.5049 -7.96849 0.810387 25.6605 -6.97383 
-1.07217 24.659 -8.90957 2.68826 24.7377 -7.07622 -1.21052 23.8514 -9.494 
-1.66966 23.0216 -10.5605 1.90496 24.86 -6.67006 0.201358 25.2199 -6.80525 
-1.32372 23.0247 -9.75442 -0.861412 24.5144 -7.92648 -0.460822 24.8287 -7.17239 
-0.980972 23.9254 -8.3565 -1.10187 23.4062 -8.92576 1.17282 24.6333 -6.35094 
-1.39139 22.1703 -9.75931 -0.676273 24.0954 -7.32939 -0.939992 23.1684 -8.26392 
-0.231912 24.2725 -6.65105 -1.11603 22.3473 -9.0896 -0.787333 23.5271 -7.62109 
0.385557 24.3201 -6.28688 -0.935152 22.2832 -8.42847 -0.476292 23.305 -6.92079 
-1.24655 21.3896 -9.33352 0.0648373 23.3639 -6.28485 -0.661633 22.6795 -7.43167 
0.960788 23.5365 -6.02425 1.89955 23.8459 -6.22836 -0.943583 21.3067 -8.6233 
2.69725 24.034 -6.70877 -0.673912 21.8931 -7.72187 -0.0121724 22.3751 -6.48059 
1.09337 22.4916 -6.00091 -0.325272 21.7431 -7.02872 1.99832 22.9326 -6.11357 
-0.611542 20.7641 -7.93175 -1.03751 19.9156 -8.90884 -0.150333 21.1009 -7.04528 
0.646128 21.5695 -6.29444 -0.699772 19.8767 -8.3501 -0.240853 20.4159 -7.39172 
-0.750403 18.7537 -8.58659 -0.376192 19.3823 -7.96611 -0.0270125 19.6357 -7.47113 
-0.349312 18.0867 -8.25277 0.871047 20.8362 -6.50743 0.554657 20.1448 -6.85507 
0.114178 18.9562 -7.56754 0.0982574 18.17 -7.82791 0.785777 19.0956 -7.2516 
1.08168 18.3581 -7.52053 1.76708 21.4663 -6.28131 1.69003 19.8039 -6.99741 
1.79666 18.3211 -7.75618 1.91834 19.0705 -7.46514 2.16522 22.1106 -6.22401 
2.10872 20.6327 -6.71532 2.46298 18.181 -8.30623 2.59478 19.569 -7.50185 
2.83765 21.4605 -6.73979 2.94215 20.5818 -7.17837 2.84813 23.135 -6.5511 
2.92242 22.2534 -6.60858 2.95603 18.9772 -8.19998 3.2148 20.1131 -7.65506 
3.46477 22.0698 -7.05386 3.52005 21.1317 -7.40033 3.49517 23.02 -7.07883 
3.35691 23.9464 -7.22417 3.97526 22.2618 -7.57274 3.44765 24.6129 -7.78877 
3.98516 23.1727 -7.68918 4.04962 21.3351 -7.87882 3.75018 20.1734 -8.13557 
4.37142 21.7618 -8.16528 3.98711 24.0058 -8.13863 4.42327 22.9364 -8.317 
4.028 19.9203 -8.61827 4.6743 22.2022 -8.65501 3.7559 19.312 -8.76444 
4.36983 20.4034 -8.75156 4.70434 21.1533 -8.87659 3.61627 18.6717 -9.12696 
3.20436 17.9783 -9.18518 4.2752 19.3703 -9.40115 3.43621 17.4052 -9.93446 
3.91283 18.2578 -9.88477 4.83509 20.1573 -9.66585 4.03541 17.5715 -10.7326 
4.33903 18.3565 -10.4567 4.6268 19.2444 -10.0774 4.83696 18.8512 -10.8765 
4.67861 18.1161 -11.3646 5.1074 21.0699 -9.73289 5.21986 19.8556 -10.7603 
5.22887 20.4183 -10.3523 5.2537 19.3021 -11.3941 5.08585 21.9443 -9.56925 
5.476 20.6283 -10.9859 5.36781 21.3807 -10.3803 4.39063 23.769 -8.76522 
5.09057 22.5543 -9.74625 4.83266 23.1399 -9.38298 3.88233 24.7777 -8.72007 
4.61484 23.7386 -9.26985 3.58874 25.4165 -8.97155 4.42455 24.2961 -9.40698 
3.84952 25.4446 -9.55352 4.29644 24.8336 -9.74564 4.83581 23.9382 -10.1784 
4.00995 25.6246 -10.175 5.19155 23.0933 -10.4378 5.39985 22.26 -10.6659 
4.65272 24.7258 -10.6074 4.31137 25.5801 -10.8144 5.00433 24.2542 -11.1266 
4.41905 26.0575 -11.5973 4.7044 25.2634 -11.4225 4.80784 26.2418 -12.44 
5.36065 23.0764 -11.1497 4.92496 25.5301 -12.1824 5.10624 24.6924 -11.9087 
5.34121 25.9116 -13.1338 5.32586 23.6531 -11.6028 5.41206 24.9762 -12.8305 
5.4664 23.6419 -12.0959 5.54128 24.0604 -12.6321 5.56723 21.3237 -11.1376 
5.60868 21.8941 -11.4069 5.78299 24.2859 -13.3148 5.62159 22.6526 -11.9162 
5.73282 23.2242 -12.6991 5.76094 21.8275 -12.102 5.68168 21.0487 -11.6748 
6.05164 23.3561 -13.6324 5.85535 22.4179 -12.7431 5.96977 22.8148 -13.3141 
5.98583 21.9833 -13.0911 6.2279 22.4115 -13.9222 5.55776 20.087 -11.6443 
5.92016 21.1816 -12.7668 5.77319 20.6296 -12.2173 6.14786 21.5792 -13.6511 
6.18122 20.9397 -13.828 5.89001 20.326 -12.8789 5.55775 19.4244 -12.2422 
6.03609 20.1838 -13.6408 5.77019 19.4627 -13.0131 5.18075 18.6326 -11.9444 
6.21265 19.963 -14.3061 5.85641 19.2103 -13.5897 5.50093 18.6471 -12.8824 
4.98248 17.9119 -12.2889 5.39405 17.9616 -13.2761 6.01034 18.77 -14.3928 
5.68702 17.9489 -14.0678 7.61025 27.1459 -6.88146 7.19676 26.9016 -7.88193 
8.73611 27.1572 -6.21463 7.10873 26.9908 -8.97326 8.03355 26.5361 -6.98228 
9.22664 26.5115 -6.27225 7.68563 26.187 -8.09006 8.71661 25.8153 -6.85111 
9.55078 25.6809 -6.40706 8.22596 25.6073 -7.68728 10.5906 25.5529 -6.10745 
9.37977 24.9565 -6.80121 10.8531 24.4442 -6.24254 12.225 23.6887 -6.03758 
9.35513 24.4059 -7.16104 11.377 23.4397 -6.29805 10.1078 23.8087 -6.81682 
8.61285 24.7872 -7.94648 10.5748 22.9512 -6.87319 8.1339 25.3677 -8.54066 
9.70939 23.2078 -7.56308 9.00347 23.9386 -8.19173 9.2202 23.3166 -8.53591 
9.56507 22.656 -8.50265 8.12135 25.5011 -9.32122 8.6704 24.339 -9.08532 
7.70814 26.3741 -9.51131 9.05178 23.6918 -9.73975 8.47494 25.1543 -9.85618 
9.39651 22.7853 -9.71508 8.86635 24.5182 -10.1921 9.4845 23.0655 -10.5123 
9.40832 23.9077 -10.8646 9.93105 22.3789 -11.1176 8.34037 26.0134 -10.3507 
9.92478 23.3469 -11.4748 9.25765 24.7153 -11.0254 10.4792 22.6527 -12.04 
8.96813 25.412 -10.929 10.2828 24.0785 -12.0808 9.94685 24.5414 -11.8191 
10.6755 23.4707 -12.3694 9.73714 25.165 -11.754 9.29843 25.946 -11.5163 
10.4113 25.153 -12.3557 8.90584 26.4863 -11.2879 9.88011 25.9575 -12.0525 
8.22422 26.8664 -10.7161 7.41439 27.3905 -10.066 8.713 27.1383 -11.3353 
9.95752 26.606 -12.2329 7.94652 27.6483 -10.8165 10.6381 26.0613 -12.6352 
9.56489 27.2247 -12.0577 7.4023 28.5005 -10.7486 8.74049 27.9248 -11.6261 
8.10968 28.3994 -11.2958 7.72014 29.2118 -11.3524 8.61198 28.7291 -11.8085 
9.72589 27.8972 -12.3355 8.30915 29.5399 -11.9091 7.78473 30.178 -11.8431 
9.34941 28.7138 -12.3078 8.37911 30.6645 -12.4374 9.12341 29.5034 -12.4226 
9.01525 30.179 -12.6177 9.06143 31.0594 -13.0386 10.509 27.4069 -12.742 
10.2111 28.5426 -12.8049 10.042 29.1607 -12.8785 10.0334 29.8031 -13.088 
10.0124 30.5312 -13.3669 10.7712 29.7763 -13.5271 10.7051 30.8556 -13.9411 
10.9327 29.1361 -13.4099 11.1171 30.1973 -13.9086 11.0741 28.3858 -13.2879 
11.46 30.9284 -14.4791 11.6646 29.6503 -14.0376 11.8326 28.9682 -13.9099 
12.1187 30.1903 -14.5685 11.327 27.6211 -13.2804 12.4524 29.4928 -14.4912 
12.5434 30.6526 -15.1134 11.9401 28.115 -13.7454 11.2259 26.7778 -13.0891 
12.6745 28.3384 -14.2569 11.9009 27.1377 -13.5379 12.536 27.2046 -13.9247 
11.3621 25.9306 -13.0907 12.1013 26.4493 -13.5669 11.0687 24.9651 -12.8284 
12.0879 25.6968 -13.4993 11.0116 24.0907 -12.715 11.7461 24.6598 -13.2527 
11.1847 22.9974 -12.7764 11.786 23.63 -13.2471 11.6885 22.3148 -13.1567 
12.0294 22.7657 -13.3963 12.2789 24.1052 -13.5524 12.5357 25.0253 -13.717 
12.3647 23.2014 -13.6006 12.669 22.2196 -13.7985 12.9758 23.1843 -13.9376 
12.9668 23.9991 -13.9261 13.4113 22.7178 -14.1697 13.1441 25.3828 -14.0758 
14.1413 22.5315 -14.5308 13.4985 24.4712 -14.2211 13.8235 23.6809 -14.3678 
13.0596 26.2831 -14.1057 14.5388 23.1993 -14.7241 13.7437 25.334 -14.4056 
14.4472 24.4316 -14.7317 15.0549 23.6882 -15.0204 13.208 27.4 -14.3686 
14.402 25.2024 -14.7738 13.8284 26.4401 -14.5827 14.4045 25.7856 -14.8435 
13.1665 29.0469 -14.8079 13.1897 29.9033 -15.2 13.6323 28.0496 -14.802 
14.1758 27.2132 -14.9488 13.9307 28.5851 -15.1852 13.9125 29.4308 -15.5292 
13.8605 30.1118 -15.8638 14.314 28.8596 -15.5851 14.5705 29.709 -16.2698 
14.5348 27.9993 -15.4235 14.9304 28.7486 -16.0521 14.6766 26.4985 -15.1347 
15.044 27.2378 -15.5655 15.3974 28.0489 -16.1356 15.2201 26.0304 -15.4135 
15.1904 25.3775 -15.2841 15.1858 24.6197 -15.1834 15.7435 27.3663 -16.168 
15.6934 26.4291 -15.8422 15.8177 25.2562 -15.691 16.2314 26.1735 -16.1925 
16.0259 24.333 -15.698 15.7574 23.5819 -15.427 16.4431 25.2258 -16.135 
7.34816 29.2453 -15.768 10.1637 28.009 -17.4315 6.70058 29.0101 -15.195 
8.84603 28.4861 -16.6426 7.85304 28.6232 -15.9643 7.32567 28.474 -15.5423 
8.33364 27.9614 -16.2134 6.97324 28.099 -15.2052 9.46236 27.6383 -16.9518 
7.94021 27.5437 -15.9125 9.0293 27.1761 -16.6743 7.4212 27.3636 -15.5064 
6.50609 27.6746 -14.7639 8.60204 26.8419 -16.4042 9.97908 26.7247 -17.2705 
7.9289 26.7171 -15.9253 9.20725 26.2419 -16.8634 7.2926 26.6085 -15.4135 
6.32852 27.0662 -14.5358 8.47222 25.9037 -16.4238 5.94787 26.6538 -14.0948 
6.82356 26.2117 -14.9901 7.59267 25.8539 -15.7315 5.91331 25.9211 -13.9458 
6.4246 25.6084 -14.55 5.80449 25.3213 -13.6729 6.98263 25.2871 -15.1959 
6.31807 24.9581 -14.3814 6.04707 24.5039 -13.8959 7.74749 25.1874 -15.9593 
6.65306 24.6114 -14.832 6.22776 23.9117 -14.1145 7.18286 24.6309 -15.4747 
9.38662 25.6089 -17.0635 6.72832 23.9027 -14.9503 8.51249 24.9314 -16.6189 
6.40555 23.3072 -14.4088 7.95786 24.371 -16.2844 7.39898 23.8636 -15.8204 
9.52239 24.9836 -17.2529 8.97539 24.183 -17.0872 6.83565 22.9398 -15.1898 
9.8156 24.5244 -17.5002 7.15783 23.1141 -15.6412 6.55014 22.5416 -14.6902 
8.54499 23.6806 -16.9051 7.99069 23.2151 -16.5519 7.55106 22.8087 -16.1793 
9.66257 23.5752 -17.6199 8.98008 22.9406 -17.3747 7.16366 22.106 -15.8116 
6.6758 21.7611 -15.0316 7.94391 22.3539 -16.688 8.38165 22.2939 -17.0955 
6.41346 21.3391 -14.4609 7.70305 21.7275 -16.5872 8.91441 21.9478 -17.5677 
6.82213 21.0781 -15.4461 8.21856 21.3398 -17.1877 7.25589 20.8759 -16.2255 
6.6777 20.2631 -15.3802 7.93904 20.6184 -17.1111 6.37224 19.4528 -14.9978 
7.39252 19.9892 -16.6525 6.63507 19.2996 -15.6526 6.24577 18.4406 -15.1769 
5.93246 17.5126 -14.9316 7.1331 19.3061 -16.4952 6.27376 17.7629 -15.5306 
6.72365 18.4311 -16.1325 6.57823 17.4848 -16.201 6.40313 16.8274 -16.0959 
7.30883 18.5669 -16.9641 7.1095 17.7624 -16.9302 6.92283 16.9882 -16.8776 
7.7358 19.1829 -17.2877 7.08757 16.2798 -17.2831 8.19439 19.9011 -17.5417 
7.56576 17.6425 -17.5322 7.64187 16.5083 -17.917 8.10792 17.6123 -18.1005 
8.22116 18.2454 -18.0255 8.39194 19.1751 -17.911 8.26355 16.2325 -18.6125 
8.44415 17.2493 -18.5002 8.82681 17.8853 -18.6029 8.84965 18.8074 -18.3592 
8.98856 16.0144 -19.2415 9.10563 16.7532 -19.1154 9.26471 17.4733 -19.0113 
9.68022 16.0845 -19.6308 9.46516 18.1948 -18.9081 9.93087 17.4025 -19.3553 
10.227 15.8151 -19.9387 10.4553 16.7551 -19.7268 9.17577 19.5749 -18.3503 
9.87616 18.6817 -18.9625 10.7363 17.552 -19.5727 8.82819 20.6589 -17.8345 
10.6113 18.5135 -19.271 10.3196 19.5009 -18.9071 9.9497 19.9302 -18.6474 
9.64678 20.4053 -18.3822 9.12498 21.4151 -17.8338 11.2154 19.2524 -19.218 
9.7674 21.2535 -18.2175 10.8035 20.312 -18.8506 10.5051 21.1244 -18.5538 
10.091 21.9557 -18.1898 9.70008 22.5489 -17.8736 11.2992 20.7344 -18.8797 
11.1171 21.9649 -18.563 10.6672 22.802 -18.2335 10.3511 23.5091 -17.959 
10.226 25.4638 -17.5409 10.6173 24.3459 -17.908 10.599 27.4035 -17.6316 
10.6111 25.9907 -17.6655 11.1283 27.9588 -18.0761 10.945 26.396 -17.809 
11.0497 25.0414 -17.9791 11.4131 26.9112 -18.076 11.8283 27.3546 -18.408 
11.5616 25.8582 -18.1372 12.1511 27.6891 -18.7958 11.5929 25.04 -18.2082 
12.1796 26.4305 -18.4676 11.3582 23.9341 -18.2708 12.6945 26.9664 -18.9287 
12.1153 25.0615 -18.4222 12.5959 25.7498 -18.6357 13.2535 26.3096 -19.1386 
12.6905 25.0487 -18.667 11.5312 23.0753 -18.4755 13.243 25.588 -18.9789 
12.2498 24.1222 -18.5588 13.4678 24.8221 -19.0434 13.104 24.0856 -18.8821 
12.5154 23.3332 -18.7407 12.0889 22.6424 -18.7118 13.8684 24.0074 -19.2142 
11.7904 21.6749 -18.8057 13.0767 22.8153 -18.9734 13.5956 23.179 -19.1212 
12.708 21.8754 -18.9937 14.4001 22.951 -19.4563 12.2439 20.9589 -19.0415 
13.9743 22.1641 -19.3114 13.4023 21.6534 -19.1933 12.0735 20.1564 -19.1688 
13.1898 20.7699 -19.263 14.7086 21.9475 -19.6157 14.4478 21.3338 -19.5311 
14.0766 20.7109 -19.479 13.416 20.1602 -19.3993 12.3372 19.5303 -19.3413 
11.8557 18.6398 -19.4781 13.6527 19.5029 -19.5408 12.8161 18.8273 -19.5427 
11.5454 17.9102 -19.6243 11.2746 17.0309 -19.8298 11.1625 16.0599 -20.0994 
12.5689 18.1004 -19.6795 12.0363 17.2148 -19.8631 11.9253 16.13 -20.1551 
12.7486 16.7955 -20.0052 12.4961 15.9194 -20.229 13.1438 17.401 -19.8771 
13.522 18.106 -19.7646 12.8398 15.2463 -20.4035 13.2855 15.9213 -20.2198 
13.7443 16.517 -20.0999 13.9393 15.4084 -20.3443 14.2007 17.1858 -20.0107 
14.1783 18.9641 -19.7225 14.6177 15.075 -20.4627 14.3403 17.969 -19.9081 
14.664 16.2147 -20.2506 14.9791 17.4366 -20.1341 15.3147 15.5925 -20.5198 
14.8308 18.8303 -19.9014 15.3453 16.84 -20.3357 15.5538 16.1485 -20.5154 
14.7742 20.1021 -19.7463 14.9319 19.5048 -19.8571 15.2474 18.3825 -20.0976 
16.0444 15.7483 -20.8557 15.7361 17.6996 -20.4025 16.0192 17.0534 -20.6569 
15.5118 19.2677 -20.1222 15.0214 20.9499 -19.7922 16.1897 16.5013 -20.8505 
15.9668 18.5648 -20.4545 15.536 20.0828 -20.0907 16.5763 16.2437 -21.3272 
16.3355 17.6692 -20.866 16.6512 17.0463 -21.3356 16.8399 16.4193 -21.9784 
16.1475 19.3628 -20.5595 16.6836 17.843 -21.343 16.4963 18.5789 -20.9971 
16.8493 17.1768 -22.0051 16.7528 16.6065 -22.8009 16.8256 17.6017 -22.2848 
16.7823 18.5542 -21.7592 16.0574 20.1195 -20.4744 16.6129 17.6602 -22.9198 
16.7176 18.3749 -22.4691 15.606 20.9499 -20.1089 16.6355 19.5236 -21.3037 
16.6986 19.1265 -22.2634 16.3598 18.313 -23.2168 16.4939 19.043 -22.7836 
16.4901 20.2669 -21.0999 16.6701 19.8606 -21.893 16.2842 20.7281 -20.8015 
16.4874 19.9974 -22.4572 16.0757 18.9746 -23.4993 16.2197 19.6315 -23.0483 
16.5082 20.8174 -21.6772 16.3268 20.4384 -22.5672 16.0751 21.1957 -20.5818 
15.9034 20.1575 -23.3397 15.7433 19.755 -23.7915 16.0248 20.7796 -22.8957 
16.2661 21.3607 -22.1361 15.563 21.7482 -20.1251 15.6157 20.814 -23.4976 
16.2933 21.6737 -21.3078 15.934 21.505 -22.6739 16.0247 21.9289 -20.7065 
15.693 21.5233 -23.0226 15.1326 22.3886 -19.8581 15.6868 22.3684 -20.3187 
15.9696 22.2623 -22.128 16.0403 22.5039 -21.591 15.8616 22.7747 -20.7473 
15.3743 22.1052 -23.1614 15.5653 22.5792 -22.6058 15.3193 23.0958 -20.0848 
15.7734 23.2887 -21.3115 14.7373 23.5611 -19.7008 15.5122 23.6694 -20.6065 
15.5175 23.3172 -22.1128 15.5282 23.8242 -21.4144 15.0764 24.2634 -20.2198 
15.2876 24.3749 -20.8489 14.3089 24.575 -19.5427 15.2446 24.2795 -21.5889 
15.0717 23.8533 -22.347 14.6521 24.9756 -20.0058 14.9999 24.9542 -20.9218 
13.8759 25.5627 -19.4367 14.6217 25.5673 -20.5284 14.8214 24.7946 -21.804 
14.2947 25.7808 -19.9984 13.8623 26.4098 -19.8452 14.4658 25.687 -21.1963 
14.103 26.3656 -20.5291 13.2009 27.0716 -19.4939 12.4181 28.0039 -19.4036 
13.4946 27.0985 -20.1992 13.0026 27.607 -19.9917 12.4706 28.1305 -20.0804 
13.4445 27.0341 -20.8866 12.6883 27.6964 -20.8542 13.9484 26.2212 -21.4099 
13.1626 26.8936 -21.496 12.5021 27.3424 -21.5443 14.2556 25.4268 -21.9647 
13.3863 26.4116 -21.8628 13.5662 25.9601 -22.1956 12.88 26.4998 -22.2672 
14.2802 24.8556 -22.4959 13.6642 25.497 -22.581 14.7136 24.1776 -22.559 
12.739 26.1854 -22.9175 15.0951 23.1353 -22.883 13.1588 25.5649 -23.2674 
13.5441 25.1698 -23.1889 14.0616 24.4974 -23.1422 14.616 23.6899 -23.0993 
14.9048 22.7353 -23.4395 12.8756 25.7932 -24.0765 15.3141 21.4819 -23.6481 
14.4545 23.4171 -23.6474 13.5999 24.7259 -23.8768 14.1237 23.8742 -23.8509 
15.4102 20.4192 -24.2836 14.7707 22.5086 -23.9605 14.9978 21.738 -24.1894 
15.1714 21.0864 -24.5443 13.4287 25.0499 -24.4097 14.5082 22.9097 -24.5182 
14.9661 21.8724 -24.9739 13.158 25.8366 -24.7486 14.0281 23.9919 -24.6016 
14.6329 23.0489 -25.1817 15.3074 21.9763 -25.6138 15.033 22.7327 -25.5447 
14.0698 24.5109 -25.1521 14.604 23.7738 -25.4335 13.9149 25.2888 -25.2843 
15.1364 23.595 -25.7861 14.6153 24.8066 -25.6469 15.2504 24.2423 -25.8698 
14.3925 25.8763 -25.6054 15.2327 24.97 -25.8334 16.7295 24.0303 -16.1301 
16.8458 24.7446 -16.3474 17.5119 24.0613 -16.7442 18.1611 24.0273 -17.3614 
17.6425 24.8118 -17.0587 16.9759 25.4737 -16.6274 18.4584 24.4494 -17.8671 
17.3904 25.6755 -17.0976 16.8046 26.3374 -16.7554 17.8445 25.6102 -17.5994 
18.4796 25.0227 -18.1788 16.408 27.0822 -16.6644 17.4519 26.5343 -17.5865 
18.197 25.782 -18.194 16.8714 27.2645 -17.2712 16.0839 27.9768 -16.775 
15.4528 28.9385 -16.677 16.53 28.1003 -17.3924 15.495 29.5653 -17.2198 
16.076 28.8229 -17.3539 17.3778 27.2767 -17.9762 15.8043 29.6759 -17.7687 
16.6413 28.5094 -17.8903 15.7934 30.1227 -18.305 16.2721 29.5477 -18.4216 
18.0565 26.4421 -18.4292 16.7229 28.9437 -18.5013 17.2348 28.1095 -18.5011 
17.7766 27.1874 -18.5688 16.8556 29.1624 -19.1175 16.5132 29.8023 -19.4281 
17.4486 28.2878 -19.2007 17.9361 27.3951 -19.1287 17.2307 28.8549 -19.6059 
16.9701 29.3978 -20.0862 16.6096 29.9454 -20.4579 17.8433 27.9342 -19.7107 
17.376 28.8659 -20.2566 18.3752 26.7085 -19.3279 17.6854 28.4194 -20.3331 
16.9212 29.5647 -21.0006 18.5733 26.0406 -19.0763 18.3338 27.1778 -19.9114 
18.6686 25.4437 -18.7629 18.0922 27.8044 -20.5021 17.4557 28.8329 -21.0824 
18.8731 26.152 -20.0178 19.0231 25.4363 -19.541 18.5688 26.9884 -20.5277 
19.0784 24.2121 -18.7026 19.1136 24.7155 -19.1077 17.1781 29.1405 -21.7218 
18.0266 27.9811 -21.2574 19.4068 23.7317 -19.039 18.9793 26.2123 -20.6547 
19.3641 25.0628 -20.1446 18.557 27.0971 -21.2488 19.7083 23.8072 -19.794 
19.788 23.9719 -20.2257 17.0167 28.9876 -22.6096 17.911 28.0135 -22.0449 
17.5363 28.466 -22.3053 18.884 26.4802 -21.5221 19.6929 24.5556 -20.7476 
19.2868 25.6408 -21.2002 20.0888 23.1498 -20.3719 18.3362 27.3243 -22.1241 
17.4225 28.2367 -23.0186 18.7618 26.601 -22.0775 19.6943 24.6988 -21.47 
20.0716 23.6131 -21.0928 19.3475 25.4776 -21.8853 17.7545 27.7403 -23.0874 
18.3823 26.9939 -22.7104 19.146 25.781 -22.3303 20.0509 23.7668 -21.7903 
19.6595 24.6817 -22.2367 20.3452 22.8217 -21.4015 18.6729 26.35 -22.9865 
18.0474 27.0238 -23.4549 19.1176 25.4817 -22.9958 20.0386 23.6433 -22.4012 
20.3268 22.876 -22.1611 19.5176 24.6197 -22.9761 17.3016 27.7432 -23.8218 
18.566 26.0516 -23.5914 19.1617 24.889 -23.576 16.8506 27.4449 -24.5335 
17.5536 26.7762 -24.3804 18.3259 25.8742 -24.1501 14.7404 26.5351 -25.594 
15.3358 27.1682 -25.3738 16.3762 26.9193 -25.1427 17.8541 26.0062 -24.6266 
15.9465 26.448 -25.5016 17.0962 26.3016 -25.0527 15.4421 25.9138 -25.7206 
16.3432 25.8344 -25.5886 18.7727 25.0708 -24.128 17.8116 25.5006 -24.9596 
16.0424 25.152 -25.8386 16.8092 25.3986 -25.5826 17.3904 25.1017 -25.4272 
18.3358 24.8485 -24.8206 16.0774 24.243 -25.9832 16.8182 24.4323 -25.8612 
18.8291 24.4979 -24.4512 17.9681 24.4265 -25.326 19.3887 24.1401 -23.7901 
19.9086 23.5634 -23.0499 18.7181 23.861 -24.9289 17.4537 23.855 -25.7955 
19.1565 23.7417 -24.465 20.2015 22.7609 -23.009 19.8822 23.0815 -23.6117 
20.539 22.0614 -22.3578 19.5266 23.2046 -24.2234 18.383 23.4607 -25.3822 
19.0605 23.0609 -24.9291 20.4469 21.9336 -23.0005 19.9135 22.4215 -24.0095 
20.2219 22.0798 -23.553 19.4747 22.4087 -24.7271 18.0259 23.0722 -25.7301 
19.8947 21.7524 -24.4021 16.6289 23.5402 -26.0583 20.1818 21.3474 -24.0926 
18.7947 22.4715 -25.3871 20.5135 20.8143 -23.636 19.3968 21.6346 -25.0911 
15.9207 23.2186 -26.0466 20.2426 20.5757 -24.2961 16.8948 22.9642 -26.1007 
17.6222 22.5639 -26.0012 19.8682 20.7803 -24.8011 18.3155 21.9347 -25.8321 
20.3265 19.7373 -24.4321 18.802 21.3947 -25.6551 15.6886 22.4823 -25.9552 
16.4691 22.3943 -26.1637 19.2666 20.7902 -25.4366 19.6783 20.1375 -25.1761 
20.0275 19.4643 -24.9183 17.5607 21.7056 -26.1392 16.9561 21.7033 -26.2064 
16.1679 21.731 -26.0951 17.7794 21.0937 -26.1588 18.4561 20.5917 -25.9851 
19.0905 19.8546 -25.733 19.656 19.0256 -25.4016 16.6587 21.0423 -26.2183 
17.3387 20.568 -26.2743 18.0398 20.033 -26.1999 15.7396 21.1221 -25.8113 
17.0482 20.065 -26.2842 16.267 20.3765 -26.0632 18.5611 19.1919 -26.089 
17.6115 19.5062 -26.3011 19.186 18.451 -25.8355 15.4169 20.6869 -25.2476 
18.4621 18.287 -26.1926 17.6781 18.6967 -26.3186 16.8177 19.2596 -26.2211 
18.7867 17.5693 -26.0995 15.8227 19.9439 -25.638 18.1656 17.8871 -26.271 
16.3955 19.0606 -26.0014 18.0365 16.9481 -26.2787 17.4365 17.5795 -26.2938 
16.8979 18.1405 -26.204 15.8861 19.1544 -25.4676 15.5646 19.6911 -24.8097 
16.3174 18.1256 -25.8069 16.6687 17.2354 -25.972 17.1683 16.479 -26.1432 
15.688 19.2652 -24.3172 16.0198 18.1946 -25.3824 15.8026 18.6014 -24.7712 
16.1435 17.3468 -25.3358 15.9142 17.9557 -24.6021 15.9447 18.4615 -23.972 
16.4925 16.2232 -25.6269 16.1468 16.7553 -25.0781 16.0216 17.3556 -24.4422 
16.1208 16.5733 -24.427 16.21 16.0061 -24.9247 16.2128 17.614 -23.6774 
16.232 16.5183 -23.9746 16.4578 16.8851 -23.3832 -0.671502 17.6357 -8.61667 
-1.16989 17.5749 -8.99076 -1.47577 16.7856 -9.07172 -1.30131 18.332 -9.14438 
-2.23017 16.247 -9.17875 -1.87349 17.6696 -9.39599 -2.39604 17.0185 -9.41107 
-3.07737 16.535 -9.26865 -1.39764 19.1548 -9.30948 -2.00643 18.5481 -9.64872 
-2.68267 17.7615 -9.66477 -3.55727 17.3483 -9.47905 -2.40239 19.0544 -9.97066 
-2.92507 18.6604 -9.96913 -3.63267 18.2765 -9.80291 -1.43719 20.4409 -9.53803 
-1.92266 19.9286 -9.93461 -4.36307 17.7546 -9.35838 -3.54867 18.9597 -10.0717 
-2.76617 19.7185 -10.303 -4.42707 19.0377 -9.84192 -3.53137 19.834 -10.4102 
-1.71753 21.4204 -10.138 -2.3436 20.7435 -10.4857 -3.19407 20.4575 -10.6527 
-4.13597 19.8446 -10.2924 -2.23625 21.5218 -10.6969 -3.07777 21.2346 -10.9836 
-2.12586 22.4911 -10.9689 -4.03947 20.6511 -10.6625 -2.93347 22.0083 -11.2656 
-1.92499 23.9331 -11.4044 -2.72627 22.7079 -11.5173 -2.50116 23.5872 -11.8299 
-4.01027 21.3149 -10.9761 -3.67457 22.0048 -11.3406 -3.11427 24.0184 -12.3658 
-3.42187 23.3172 -12.0127 -3.68317 22.6693 -11.6753 -4.11797 24.1286 -12.3615 
-4.15407 23.4653 -11.9861 -4.37187 21.9787 -11.1777 -4.63387 23.0567 -11.5877 
-4.79937 23.8957 -11.905 -4.87737 22.7181 -11.2816 -4.79017 21.4097 -10.7093 
-4.78587 20.5118 -10.3019 -5.37807 24.5869 -11.7273 -5.17927 22.2216 -10.8493 
-5.39097 23.5996 -11.3009 -5.57317 22.8302 -10.803 -5.79007 24.2235 -11.1137 
-5.29767 21.1262 -10.2528 -5.89347 23.225 -10.6156 -4.98867 19.5236 -9.75119 
-5.77627 21.6743 -10.0933 -6.12147 24.8049 -10.7881 -5.42797 20.3412 -9.80715 
-6.00577 22.4371 -10.1798 -6.26167 23.8375 -10.3281 -5.07397 18.6693 -9.34545 
-5.70897 19.6813 -9.31222 -5.26247 18.2042 -9.02385 -6.16367 20.9493 -9.41529 
-6.43207 22.6551 -9.73346 -6.57717 24.9022 -9.93327 -6.61387 22.0166 -9.28198 
-6.78447 23.826 -9.45653 -6.91817 24.9232 -9.19768 -6.90877 23.033 -9.11974 
-7.00407 25.8625 -8.65697 -7.22617 23.8137 -8.62039 -7.32897 25.6161 -7.95728 
-7.36617 24.5976 -8.23776 -7.51977 25.9347 -7.31479 -7.80837 26.4094 -6.53245 
-7.59367 25.1774 -7.5656 -7.84737 25.4223 -6.96006 -8.23967 25.2696 -6.39709 
-7.76477 24.1677 -7.52111 -7.99237 24.5864 -7.0089 -7.59447 23.4943 -7.94195 
-7.24657 22.6758 -8.50352 -7.96347 23.423 -7.30756 -8.47457 23.9801 -6.45841 
-6.83827 21.5554 -8.85129 -7.65367 22.6052 -7.84522 -8.35687 23.1627 -6.76536 
-7.38587 21.8607 -8.17463 -7.99027 22.4166 -7.33794 -6.71037 20.7117 -8.7371 
-7.28717 21.0155 -8.1297 -7.94167 21.6174 -7.3646 -6.37727 19.8861 -8.78994 
-8.89727 22.6048 -6.19683 -8.45367 22.0971 -6.72819 -6.93407 20.2632 -8.33284 
-6.08597 18.9877 -8.70858 -7.57067 20.5783 -7.67349 -9.09277 22.035 -6.05361 
-8.04317 20.8526 -7.15456 -6.79157 19.4269 -8.20358 -8.48527 20.8845 -6.66906 
-7.37897 19.6653 -7.6561 -8.95887 21.2458 -6.20989 -6.79027 18.7581 -7.95846 
-9.44977 21.177 -5.79885 -8.01517 19.8338 -7.02296 -5.97357 17.9383 -8.37046 
-8.97137 20.2468 -6.17084 -8.51537 19.7791 -6.52381 -7.29947 18.6194 -7.41672 
-7.85167 18.9661 -6.9852 -9.56757 20.0891 -5.7182 -6.68457 17.7892 -7.68816 
-8.80327 19.0906 -6.1946 -8.32727 18.634 -6.49283 -7.73577 18.0497 -6.83609 
-9.44197 19.1196 -5.75115 -7.35777 17.549 -7.00224 -8.96697 18.1028 -5.92344 
-10.1514 18.4362 -5.31417 -8.28987 17.499 -6.25935 -9.66757 17.9968 -5.50532 
-10.4251 17.4208 -5.13083 -9.50037 17.1208 -5.4729 -7.41577 16.7721 -6.68646 
-8.78397 16.6786 -5.76671 -10.2001 16.437 -5.12476 -8.12507 16.3832 -6.07857 
-9.47887 16.0664 -5.33992 -6.54107 16.6253 -7.33633 -8.68367 15.6452 -5.60731 
-7.47317 15.9103 -6.35893 -9.66357 15.1834 -5.15597 -8.98737 14.8805 -5.33848 
-7.82227 15.1486 -5.91523 -6.88367 15.7185 -6.70361 -9.41347 13.8835 -5.08208 
-8.72027 14.1783 -5.32126 -8.12197 14.4762 -5.60986 -8.44817 13.4099 -5.29782 
-9.15787 12.8803 -5.06303 -6.93247 14.6932 -6.2747 -7.37907 13.8264 -5.7794 
-7.73097 13.2616 -5.51237 -8.36307 12.2878 -5.22407 -8.80487 11.597 -5.12504 
-7.52127 12.2897 -5.45503 -8.29317 10.6517 -5.33142 -7.77597 11.3709 -5.37501 
-7.33147 10.6877 -5.56263 -6.69167 13.9367 -6.1459 -6.74057 12.9521 -5.83466 
-6.82197 11.9479 -5.64306 -6.74557 10.9413 -5.67651 -6.22437 11.7274 -5.81327 
-6.05597 12.8375 -6.09262 -5.83447 10.8739 -5.9269 -6.23997 14.5854 -6.66214 
-5.44207 11.9622 -6.12121 -5.75057 13.2716 -6.3872 -5.03747 10.8711 -6.13237 
-6.21667 15.5778 -7.13168 -5.66387 14.6875 -7.09702 -5.34247 13.7402 -6.82516 
-5.91527 16.8191 -7.93451 -5.72997 15.8987 -7.65397 -4.85627 12.6588 -6.591 
-4.49267 11.4825 -6.36748 -5.25347 15.4194 -7.7591 -5.29417 16.6892 -8.34846 
-5.05907 17.3394 -8.79728 -5.01747 14.6641 -7.51874 -4.66737 13.732 -7.22298 
-4.60427 15.625 -8.28677 -4.54447 16.2245 -8.61311 -4.43577 14.7448 -7.92521 
-4.12307 16.5906 -8.98841 -4.17067 12.8119 -7.0084 -4.02407 13.4573 -7.44457 
-3.77617 15.7663 -8.77876 -3.76527 11.1229 -6.53271 -3.69307 11.9658 -6.84469 
-3.66837 15.0315 -8.4846 -3.62167 14.1712 -8.05426 -3.43197 13.3178 -7.67591 
-3.25907 12.3884 -7.25204 -2.90657 11.2057 -6.86626 -2.77867 12.9157 -7.75239 
-2.91277 13.9065 -8.20861 -2.49037 12.0547 -7.42568 -2.77377 15.0134 -8.74304 
-2.89697 15.7574 -9.0164 -2.09824 13.3472 -8.16275 -2.24296 14.4006 -8.57133 
-1.99794 15.3579 -8.89957 15.0937 14.5753 -20.6413 15.6597 14.0352 -20.9373 
15.8696 14.8276 -20.8957 16.1242 13.4601 -21.3387 16.2224 14.3341 -21.2527 
16.3826 15.2551 -21.2316 16.5496 14.0015 -21.6946 16.6178 14.8463 -21.6374 
16.6971 15.6959 -21.6147 16.6233 13.1484 -22.049 16.842 15.2019 -22.1902 
16.8131 14.3307 -22.3539 16.7751 13.5839 -22.3615 16.8592 15.6738 -22.4905 
16.8393 14.687 -22.6758 16.7631 12.7563 -22.7877 16.7725 13.473 -22.945 
16.7476 15.0871 -23.0028 16.7312 15.7713 -22.9945 16.7209 14.2663 -23.1227 
16.6994 12.3083 -23.1952 16.6504 13.4528 -23.3708 16.5597 15.8027 -23.365 
16.5684 14.8758 -23.4621 16.6417 12.7027 -23.4195 16.5442 13.9283 -23.6026 
16.366 15.9194 -23.767 16.4012 15.1544 -23.8272 16.3975 14.4534 -23.9531 
16.4999 12.9404 -23.819 16.5009 12.2475 -23.8631 16.2466 15.336 -24.4055 
16.4675 11.5974 -23.9788 16.3977 13.4835 -24.1467 16.407 12.4513 -24.3967 
16.4323 11.7255 -24.4179 16.3542 13.8426 -24.5765 16.401 13.0325 -24.6397 
16.357 14.3286 -24.8643 16.5346 11.9699 -24.9506 16.382 15.2114 -25.2336 
16.5896 12.6106 -25.1565 16.5784 13.3606 -25.25 16.7124 14.4138 -25.6021 
16.8131 13.6955 -25.6189 16.8961 11.577 -25.497 17.0262 12.5196 -25.6749 
16.9145 15.3759 -25.9062 17.2754 12.8957 -25.8752 17.421 13.8592 -26.0272 
17.4331 14.7531 -26.1024 17.3558 10.879 -25.7705 17.6687 12.0867 -25.9767 
17.8501 13.315 -26.0996 17.7985 11.3936 -25.9657 17.7346 15.7865 -26.2315 
18.2838 12.659 -26.0786 18.3298 14.3156 -26.1523 18.1881 15.2639 -26.2162 
18.4674 13.3661 -26.0923 18.5298 11.7037 -25.9872 18.5062 10.8418 -25.9216 
19.0521 12.4619 -25.8684 19.059 13.3762 -25.92 18.6593 16.2517 -26.1544 
19.22 11.1467 -25.6863 18.9533 15.1117 -26.0231 19.2237 14.0709 -25.8652 
19.5567 12.4366 -25.5855 19.7668 11.1998 -25.3067 19.5988 13.3151 -25.6079 
19.7607 11.947 -25.3932 20.0696 12.8988 -25.1915 20.2463 12.1143 -24.9233 
20.3014 11.3039 -24.7512 20.0845 14.0275 -25.2236 19.8744 14.4505 -25.4307 
20.4558 12.926 -24.7299 19.6414 14.8712 -25.6313 20.2854 13.6442 -24.9965 
20.6506 11.9067 -24.3053 20.8151 12.5979 -24.1028 20.6986 13.5548 -24.41 
19.4276 15.8498 -25.7798 20.5328 14.4927 -24.694 20.2054 15.2956 -25.1089 
19.8969 15.9448 -25.4144 19.24 16.9917 -25.8906 19.8942 16.6801 -25.3993 
19.7472 17.6199 -25.4825 20.3436 16.4628 -24.9011 20.5625 15.9262 -24.6177 
20.3026 17.2415 -24.8981 20.1478 18.0444 -25.0088 20.7391 15.4421 -24.3482 
20.243 18.6748 -24.7931 20.6933 16.6691 -24.3549 20.6933 17.5832 -24.246 
20.5966 18.3989 -24.288 20.9366 14.3433 -23.9724 20.9639 15.1217 -23.9158 
20.9629 16.8213 -23.7929 21.0288 16.0188 -23.7318 21.0302 17.3007 -23.5515 
21.0443 13.2324 -23.6353 21.167 15.2767 -23.386 21.1464 13.9648 -23.423 
20.9756 11.7785 -23.5447 21.2632 14.5457 -23.0664 21.2258 16.5456 -23.066 
21.1816 12.6943 -23.0896 21.2957 15.845 -22.8756 21.3424 15.1434 -22.6954 
21.3169 13.5266 -22.6132 21.2332 12.1902 -22.5543 21.3734 14.2886 -22.3825 
21.3166 12.8084 -22.191 21.3712 13.5824 -21.8271 21.2417 12.0182 -21.7677 
21.2915 13.0977 -21.2752 21.407 15.0199 -21.8835 21.1506 12.2855 -20.9548 
21.3728 14.6017 -21.3369 21.4077 15.7996 -21.912 21.3755 16.3987 -22.2038 
20.9796 18.2033 -23.4865 20.5626 19.5175 -24.0716 20.8145 18.9052 -23.7078 
21.2886 17.2561 -22.5466 21.1794 17.8369 -22.8911 21.3498 15.7869 -21.1288 
20.8261 19.4192 -23.4859 21.3581 17.0357 -21.7866 21.3391 16.5171 -21.1796 
21.1035 18.9121 -22.7286 20.8455 20.0346 -23.0939 21.3075 17.2006 -21.2285 
21.2377 18.3721 -22.0511 21.2922 17.7086 -21.4652 21.0331 19.7945 -22.3023 
21.1983 17.0244 -20.6008 20.7472 20.9245 -22.7801 21.2017 18.4098 -21.2451 
21.1301 19.2601 -21.7408 21.1307 17.9788 -20.6229 21.0972 19.0494 -21.0407 
21.0356 19.8491 -21.5656 20.8498 20.8772 -22.0082 20.92 20.4383 -21.378 
20.9773 19.6425 -20.8379 20.5863 22.0049 -21.6657 20.7419 21.2151 -21.1947 
20.8421 20.2157 -20.6337 20.6861 20.7687 -20.4287 20.5873 21.4508 -20.6108 
20.8886 19.0938 -20.2111 20.4166 22.3107 -20.8029 20.2198 22.4955 -20.1907 
20.3286 21.8211 -20.0075 20.4217 21.1306 -19.8394 20.5779 20.1692 -19.7836 
20.0725 21.9243 -19.4126 19.797 23.0404 -19.433 20.0686 20.9633 -19.0031 
20.4008 19.5262 -19.1811 20.1259 20.1482 -18.8443 20.5717 19.0089 -19.3981 
20.8054 18.2206 -19.7274 21.0062 17.4094 -20.0639 20.1537 18.8722 -18.6208 
21.1575 16.5038 -20.3785 20.4181 18.1107 -18.9408 20.6648 17.4317 -19.3018 
21.2256 15.404 -20.5719 20.9789 16.1908 -19.8756 21.2547 14.1718 -20.784 
20.5625 16.846 -19.0684 20.7213 16.2962 -19.3285 21.0739 14.7463 -20.1258 
20.9746 15.2548 -19.8611 21.0693 12.9386 -20.4403 21.0681 13.8207 -20.2358 
20.6799 15.5328 -19.251 20.7966 14.0565 -19.5813 20.7761 13.0939 -19.6985 
20.6471 14.7441 -19.2297 20.433 12.8366 -19.1688 20.3764 13.6008 -18.9335 
20.3243 15.9122 -18.6671 20.2371 14.1932 -18.659 20.0515 12.7189 -18.6574 
20.2666 15.1296 -18.6143 19.857 13.5134 -18.2836 20.2109 17.0068 -18.5192 
19.7703 14.4449 -18.0656 19.831 15.242 -18.056 19.2723 13.6388 -17.6967 
19.9247 16.2673 -18.1281 19.1642 14.6038 -17.4749 19.5456 15.6815 -17.7327 
18.5348 14.1465 -17.0598 20.0213 17.7922 -18.3007 19.2787 16.1289 -17.46 
18.9154 15.5006 -17.1947 19.6818 16.9063 -17.8498 18.4681 15.0482 -16.9133 
18.8429 16.646 -17.0758 19.1997 17.2261 -17.3743 18.3389 16.1173 -16.7372 
19.5204 17.7494 -17.7032 19.742 18.5374 -18.0088 18.6348 17.705 -16.9205 
18.133 17.1433 -16.5547 19.1745 18.3078 -17.3897 18.5709 18.6489 -16.8952 
18.9205 18.9873 -17.2059 19.7589 19.8541 -18.2135 19.3288 19.487 -17.6493 
19.6008 20.9404 -18.241 19.7501 21.6675 -18.6904 18.624 19.7073 -17.0231 
19.0563 20.3511 -17.4953 19.4864 22.7835 -18.6861 19.5146 22.1062 -18.4618 
19.174 21.113 -17.7485 19.1308 21.8417 -17.8652 19.0581 22.6861 -18.007 
18.8411 23.6754 -18.0632 18.7493 21.3981 -17.3554 18.583 22.3797 -17.38 
18.4918 23.1425 -17.4656 18.4444 20.9022 -17.0089 18.0927 21.9823 -16.8577 
17.8999 23.327 -16.927 18.0699 20.169 -16.6284 17.5885 22.7456 -16.5658 
17.9001 19.1777 -16.4385 17.7442 21.1526 -16.4776 17.8871 18.2502 -16.3963 
17.1364 23.318 -16.3124 17.3858 21.9911 -16.3117 16.8937 22.3117 -16.0161 
17.4557 20.0266 -16.1978 16.4659 23.1599 -15.833 17.0666 21.1175 -16.0173 
16.3169 22.1478 -15.6442 15.8027 22.3895 -15.3669 16.4423 21.2234 -15.6566 
15.3859 22.8896 -15.161 15.6474 21.5381 -15.2514 16.6606 20.115 -15.7342 
14.9627 22.1189 -14.9233 16.049 20.7599 -15.4328 16.9158 19.2609 -15.8496 
15.5226 20.3795 -15.1858 14.8996 21.0576 -14.9036 15.9832 19.7395 -15.3941 
14.7684 20.2834 -14.8674 15.9568 19.0404 -15.3954 17.163 18.2154 -15.9756 
15.0392 19.4487 -15.0099 16.3779 18.5016 -15.5938 17.3557 17.2601 -16.0991 
15.2714 18.4411 -15.151 15.7268 17.981 -15.3501 16.5322 17.5058 -15.7029 
17.5686 16.2495 -16.2728 16.9622 16.3997 -15.97 17.7732 15.2313 -16.4804 
16.3462 16.5665 -15.7012 15.6018 17.2508 -15.3624 16.9697 15.4151 -16.0744 
17.4178 14.5678 -16.3854 17.8227 13.712 -16.7083 17.022 13.9013 -16.306 
16.1597 15.6266 -15.7327 16.3483 14.5919 -15.9355 15.6467 16.2467 -15.4765 
16.2512 13.5324 -16.0485 15.5768 15.1769 -15.5739 15.7453 14.1452 -15.7657 
15.0506 16.3453 -15.249 15 14.2743 -15.4474 14.8553 15.3654 -15.2723 
14.7769 17.3669 -15.0504 14.1679 15.5564 -14.9562 14.1305 14.5396 -15.0103 
14.1521 16.4152 -14.8777 14.2005 17.9828 -14.7797 14.2379 18.7037 -14.7412 
14.1129 21.5375 -14.5443 13.8166 17.2308 -14.6719 14.0712 19.5921 -14.6194 
14.0502 20.6574 -14.5533 13.4326 21.9195 -14.2135 13.426 20.6248 -14.2744 
12.9339 21.2903 -13.9909 13.1349 20.0825 -14.1609 13.2549 19.2528 -14.2617 
12.6554 20.3896 -13.8694 13.227 18.2848 -14.3068 12.0959 21.3306 -13.4679 
12.6253 19.3004 -13.8945 12.0459 20.4133 -13.4489 13.5562 15.3632 -14.6349 
13.2567 16.6856 -14.4136 13.3977 14.2898 -14.5657 12.799 17.5836 -14.0807 
13.0288 15.8831 -14.2925 12.3646 18.5084 -13.7388 12.0028 19.2352 -13.4334 
12.65 16.7987 -14.0049 12.7633 15.3986 -14.0889 12.8138 14.5747 -14.0928 
12.3405 16.2171 -13.7445 12.1501 17.1926 -13.5733 12.0025 17.9812 -13.4403 
12.2279 15.2713 -13.5267 11.8151 16.4992 -13.1461 11.6334 18.4312 -13.0738 
12.0673 14.6799 -13.1496 11.6468 17.2701 -13.0028 11.7525 15.9866 -12.9651 
11.7115 15.3815 -12.7007 11.5839 19.7889 -13.0473 11.391 16.4284 -12.3296 
11.3012 17.4384 -12.458 11.4593 15.7245 -12.0279 11.6262 14.9769 -11.7868 
11.1778 18.5902 -12.4915 11.1967 16.5749 -11.4759 11.4456 15.763 -11.1593 
11.0701 17.2296 -11.6508 11.5622 21.6459 -13.0504 10.9693 17.9256 -11.8262 
11.3176 21.0929 -12.8077 11.0449 19.8512 -12.4311 10.99 21.9934 -12.523 
10.8766 19.153 -12.0675 11.1933 16.9069 -10.6735 10.9211 20.7642 -12.3373 
11.475 16.2866 -10.4005 10.9282 17.6915 -10.8454 10.7106 18.6092 -11.2759 
10.5897 19.3763 -11.4519 10.5563 20.1159 -11.6547 10.4032 21.5826 -11.7088 
10.3162 20.5313 -11.2482 10.8876 18.132 -10.266 10.405 19.6113 -10.7254 
11.6836 16.6019 -9.74593 10.6281 18.932 -10.1875 10.0961 21.1725 -10.837 
10.2102 20.3556 -10.2961 11.3702 17.6038 -9.56079 10.4101 19.8228 -9.80591 
9.80659 21.8347 -10.2832 11.0225 18.5631 -9.43312 10.0835 20.837 -9.811 
10.7747 19.3835 -9.21406 10.0179 21.2013 -9.40661 10.5309 20.2022 -8.97109 
9.71984 22.0168 -9.12058 10.4162 21.0101 -8.43846 10.1147 21.9689 -8.04155 
11.3219 19.1492 -8.49081 10.9968 20.3021 -8.11297 11.6759 18.0108 -8.82803 
10.6071 22.1063 -7.31132 10.9387 21.2534 -7.51568 11.5112 19.74 -7.88405 
11.3765 22.4094 -6.61654 11.66 20.5387 -7.29375 12.0421 21.3662 -6.67644 
12.5359 22.3307 -6.20018 11.955 18.1913 -8.3729 12.1941 19.4836 -7.41692 
12.5848 20.3025 -6.80884 13.1877 21.5055 -6.20553 14.0539 22.0059 -5.95963 
12.2758 18.5452 -7.85295 13.495 20.7074 -6.3019 12.8846 19.0805 -7.12637 
15.083 21.0729 -5.94007 13.4984 19.5811 -6.62228 14.4733 20.1913 -6.15747 
14.3849 19.2496 -6.38831 15.285 19.6434 -6.08253 13.9255 18.5637 -6.75832 
13.2319 18.151 -7.30883 16.1939 19.2614 -5.98356 15.2799 18.5793 -6.25833 
16.9124 18.4967 -5.96962 13.0539 17.6081 -7.69506 14.9863 17.6796 -6.53409 
16.1721 17.8611 -6.14779 14.2413 17.4999 -6.94303 12.6817 17.2563 -8.19683 
11.9666 16.9639 -9.12541 12.3704 17.0284 -8.62516 13.986 16.8315 -7.34864 
13.4352 16.7565 -7.79625 15.8202 16.9701 -6.36655 17.0232 16.9956 -6.07679 
14.9124 16.5217 -6.86335 12.8861 16.3947 -8.45903 14.4029 16.0321 -7.34851 
13.4861 15.9851 -8.11538 15.705 16.062 -6.57192 16.5437 16.2458 -6.25153 
12.5913 15.9816 -8.97996 12.1915 15.8741 -9.50185 11.8976 15.5447 -10.1437 
13.1115 15.3079 -8.81653 14.2083 15.266 -7.80851 15.3361 15.3305 -6.9368 
16.7653 15.4846 -6.28564 12.6434 14.9327 -9.53218 17.7509 15.5729 -6.07708 
11.9195 14.8034 -10.7323 13.715 14.8603 -8.45198 12.4393 14.484 -10.0759 
13.2157 14.6049 -9.09361 13.0521 14.118 -9.55024 16.2966 14.6475 -6.57815 
17.113 14.5901 -6.28601 14.977 14.4707 -7.45778 17.8702 14.5037 -6.11803 
15.565 14.3913 -7.04299 14.2936 14.1104 -8.24362 13.9729 13.8038 -8.72392 
13.495 13.5566 -9.37323 15.876 13.7297 -6.99247 15.0246 13.6844 -7.71145 
17.1901 13.5493 -6.36609 14.0764 13.1978 -8.92128 14.71 13.2171 -8.21354 
18.0231 13.3064 -6.15479 16.4849 13.1094 -6.73854 15.7176 12.9204 -7.3267 
15.2838 12.7799 -7.78977 18.5177 12.3618 -6.09364 16.3041 12.4326 -6.97884 
17.4635 12.2497 -6.39878 14.798 12.6001 -8.39963 16.5892 11.8319 -6.89704 
15.8723 11.9859 -7.44888 17.976 11.1958 -6.29118 17.1514 11.3259 -6.6343 
18.7906 10.8919 -6.08675 17.9342 10.1885 -6.37163 18.3754 9.81538 -6.23513 
17.1855 10.4467 -6.70679 16.289 11.1076 -7.27728 15.166 11.9935 -8.22061 
15.695 11.5013 -7.77671 16.6714 10.2644 -7.10243 16.2905 10.1174 -7.50307 
15.6264 10.7682 -8.10836 15.207 11.3549 -8.43373 16.0035 9.81691 -7.92132 
15.5502 9.88284 -8.53888 14.0713 12.541 -9.27628 15.0455 10.7722 -8.89853 
14.5319 11.714 -9.1524 15.298 9.43023 -9.1066 14.9149 10.0333 -9.44987 
14.5051 10.8527 -9.62526 13.3652 12.8936 -9.91331 13.678 12.1865 -9.95628 
12.8517 13.4954 -10.1824 13.9149 11.4384 -10.0981 12.1261 14.0696 -10.9608 
12.8993 12.6286 -10.7435 12.3179 13.423 -11.1839 14.3945 9.99146 -10.2869 
13.1694 11.8361 -10.9353 11.8452 14.2437 -11.883 14.9264 8.96453 -9.97536 
13.7195 10.8281 -10.8101 12.0715 13.5412 -12.1017 12.4373 12.6704 -11.7972 
11.9447 14.2427 -12.6678 14.9 8.19631 -10.4363 12.2636 13.16 -12.7982 
12.9757 11.429 -11.7584 14.3856 9.0857 -10.9201 12.3772 13.8491 -13.4471 
13.8861 9.84886 -11.2923 12.5071 12.3191 -12.8748 13.3602 10.5484 -11.785 
14.5886 7.90921 -11.2931 12.6683 11.7494 -12.6287 14.1449 8.75066 -11.6931 
12.5852 12.7648 -13.4794 12.6923 13.4512 -13.8008 13.4873 9.9241 -12.1728 
13.1072 10.5532 -12.6229 14.2013 8.04732 -12.1659 12.9154 11.0639 -13.1044 
13.7213 9.04117 -12.5635 12.8961 11.743 -13.7039 13.41 9.65417 -12.9721 
13.0868 10.5613 -13.4374 12.9777 12.6783 -14.0661 13.0941 13.5543 -14.2853 
13.5507 9.12162 -13.3537 14.0425 7.76626 -13.027 13.3374 9.87776 -13.7698 
13.7747 8.39771 -13.4867 13.6487 8.86829 -14.0664 13.3191 10.6637 -14.1828 
14.0003 7.46412 -13.9466 13.5452 9.58181 -14.2864 13.3115 11.6226 -14.3393 
13.896 8.16765 -14.4925 13.4125 12.7726 -14.5405 13.8147 9.18087 -14.7396 
14.121 7.20578 -14.6257 13.7928 10.0544 -14.8157 13.745 10.7741 -14.7993 
13.801 12.0501 -14.8583 13.872 11.3863 -14.9305 13.8959 12.9323 -14.939 
14.1456 8.09923 -15.1551 14.1072 13.8239 -15.0362 14.1875 9.16562 -15.3005 
14.2217 10.5343 -15.2713 14.4029 12.1694 -15.3137 14.4316 11.298 -15.3948 
14.5361 13.1682 -15.3337 14.4984 9.82948 -15.5726 15.2771 13.4726 -15.6621 
15.1641 12.6526 -15.7061 15.0609 11.6764 -15.7609 14.9729 10.779 -15.814 
14.4022 7.11198 -15.4295 14.5514 8.1319 -15.7524 14.8252 8.94254 -15.9512 
15.2212 9.82695 -16.0987 15.7476 11.9576 -16.0659 14.8797 7.26772 -16.1341 
14.8953 6.58927 -16.1833 15.1 7.85833 -16.2907 16.1435 12.7517 -16.1225 
15.5683 8.5183 -16.5184 15.7952 10.3177 -16.3442 15.4771 6.97235 -16.6912 
16.0092 11.2009 -16.3013 15.8577 7.46482 -16.8682 16.006 9.23868 -16.6419 
15.802 6.27473 -17.0162 16.6403 11.8998 -16.4681 16.3637 8.1006 -17.0396 
16.5449 10.6296 -16.6477 16.6522 9.77724 -16.8625 17.1046 12.7803 -16.5172 
17.3165 11.8339 -16.7842 17.2302 11.0349 -16.8958 16.8311 8.80947 -17.1465 
17.732 12.6559 -16.8378 17.3703 10.2766 -17.1199 18.1246 12.0202 -17.1801 
18.4794 13.1385 -17.1845 17.952 11.095 -17.2695 17.4374 9.44888 -17.3281 
18.6821 12.2087 -17.4991 19.1285 12.7752 -17.7235 18.0537 10.0361 -17.5536 
18.6118 10.9597 -17.7195 19.603 12.563 -18.1861 19.225 11.6896 -18.0246 
19.9007 11.7731 -18.6757 19.395 10.9282 -18.3537 16.5806 7.27279 -17.3113 
17.7773 8.81094 -17.664 18.9509 10.0741 -18.1814 18.4347 9.34698 -17.9682 
16.2646 6.17122 -17.3346 17.1743 7.75116 -17.5472 16.7639 6.45178 -17.5821 
19.6116 10.2036 -18.7616 17.9994 7.98538 -17.9924 18.8926 9.00263 -18.4119 
16.6978 5.35077 -17.7693 17.785 7.21678 -18.0385 18.6014 8.37086 -18.3312 
17.5479 6.59071 -18.0371 17.3077 5.81391 -18.0606 17.18 4.83161 -18.1939 
18.5221 7.45149 -18.5135 19.5009 9.29517 -18.9228 17.8306 5.58543 -18.4867 
18.3021 6.5489 -18.5927 19.2341 8.29961 -18.9375 17.683 4.3373 -18.6802 
18.2601 5.3962 -18.8911 19.1318 7.37049 -19.1263 18.8646 6.57058 -19.0998 
18.1684 4.38604 -19.0885 18.7448 5.87612 -19.2056 18.7109 5.03289 -19.4428 
18.6128 4.06106 -19.6586 19.4088 6.63996 -19.7217 19.2887 5.78568 -19.8999 
19.7185 8.44781 -19.4729 19.057 4.77459 -19.9704 19.7094 7.30431 -19.8886 
19.9993 11.0404 -18.9984 19.9879 9.33156 -19.5398 20.1333 10.4024 -19.3689 
20.3777 11.6578 -19.3669 20.694 12.2508 -19.7409 20.3864 9.92295 -19.9656 
20.5696 10.6785 -20.0258 20.7376 11.5019 -20.0785 20.2698 8.88396 -20.181 
21.0084 11.8805 -20.6362 20.9005 10.9529 -20.7124 20.7523 10.2082 -20.6621 
20.5603 9.25986 -20.6463 20.0771 7.7829 -20.3174 20.9849 10.5332 -21.2916 
21.1022 11.1513 -21.4571 20.7294 9.26645 -21.1625 19.8369 6.52108 -20.4688 
18.9989 3.67636 -20.354 20.3892 7.93022 -20.9418 19.3271 4.63838 -20.4781 
19.6972 5.51076 -20.7342 20.1767 7.00388 -20.9706 19.4012 3.88525 -21.0836 
19.6287 4.55824 -21.2125 20.1128 6.43213 -21.2 19.8421 5.22316 -21.3243 
19.297 3.13136 -21.4532 20.0426 5.89069 -21.4293 19.9162 5.06996 -21.8652 
19.6285 3.97949 -21.9017 20.3621 6.99921 -21.7224 20.1802 6.01367 -22.1634 
20.614 8.22865 -21.5599 19.7834 4.44835 -22.5208 19.9834 5.24335 -22.6069 
20.8886 9.57969 -21.6551 20.565 7.67016 -22.1895 20.3983 6.97471 -22.5114 
20.1541 6.11171 -22.9395 20.7608 8.66138 -22.1306 20.9919 10.0644 -21.9475 
20.5885 8.00309 -22.8344 21.144 11.1015 -22.2526 21.0303 10.3442 -22.4719 
20.8397 9.21463 -22.6634 21.1344 11.4362 -22.775 20.3121 7.15895 -23.2612 
20.9122 10.0781 -23.0785 20.9676 10.7737 -23.2397 20.6212 8.78312 -23.3725 
20.7397 9.55431 -23.4187 20.4293 8.11604 -23.5728 20.7169 11.0387 -24.0026 
20.6316 10.1298 -23.9477 20.372 9.07211 -24.1233 20.3397 10.619 -24.5877 
20.2117 9.46554 -24.5075 20.137 8.41049 -24.3153 20.0081 9.83706 -24.8657 
20.1039 7.44972 -24.0049 19.8836 10.4325 -25.1012 19.7151 8.78755 -24.9604 
19.3963 9.41449 -25.3624 19.1395 10.1695 -25.6332 19.7234 7.73649 -24.7001 
19.2567 8.64769 -25.3398 18.892 9.46064 -25.6761 19.1909 7.88478 -25.2535 
18.6417 8.56229 -25.6681 19.9971 6.3715 -23.6919 18.5896 7.69621 -25.57 
19.7011 6.70725 -24.399 19.3048 6.9225 -24.944 18.8353 6.83065 -25.2934 
19.6623 5.78684 -24.1058 19.2302 5.99183 -24.7719 19.8557 5.3222 -23.377 
19.4007 5.21492 -24.3018 19.4435 3.23879 -22.3857 19.6144 4.39006 -23.3481 
19.519 3.69125 -22.9552 19.2133 2.47135 -22.3143 19.4294 4.5384 -23.9289 
19.2463 2.87982 -23.1007 19.209 3.29239 -23.6264 19.0279 2.30109 -23.2568 
19.0782 3.65974 -24.1212 18.8691 2.27841 -23.6936 19.0134 4.56552 -24.5795 
18.7915 2.65923 -24.0949 18.7265 3.85891 -24.6749 18.3777 1.70094 -24.2201 
18.7027 5.06339 -25.0317 18.4809 2.73968 -24.5457 18.3048 3.30331 -24.9104 
17.9452 1.70897 -24.7013 18.2461 4.27355 -25.1821 18.4351 6.06043 -25.3995 
17.7412 2.26504 -25.0124 17.4799 1.19532 -24.8724 17.8972 3.59067 -25.2316 
17.6278 2.98271 -25.2238 17.0862 1.62245 -25.1434 18.0518 5.2853 -25.4452 
16.6777 1.05395 -25.1411 16.9982 2.35524 -25.298 17.7079 4.6593 -25.464 
17.3562 4.09028 -25.4559 16.1188 1.63796 -25.2196 16.836 3.37437 -25.4156 
16.1923 2.56283 -25.2824 15.4928 2.05516 -25.0222 15.4526 2.75538 -24.945 
16.775 4.38359 -25.4601 16.0287 3.59753 -25.2208 15.0036 1.91987 -24.6996 
15.2119 3.26548 -24.6672 14.7728 2.41236 -24.3726 17.3059 5.3927 -25.5688 
16.4082 4.77313 -25.3414 15.6525 4.2831 -24.8895 15.3003 4.33005 -24.4647 
16.3561 5.52308 -25.2577 17.6964 6.35525 -25.6346 15.8179 5.31199 -24.8258 
17.0726 5.98925 -25.5503 18.1581 7.07821 -25.6238 16.4692 6.43686 -25.2523 
15.9217 6.03191 -24.7385 17.6928 7.41217 -25.702 16.8735 6.93141 -25.4668 
17.8385 8.23528 -25.7442 16.147 6.93553 -24.8281 17.0471 7.83827 -25.5238 
18.181 9.06419 -25.8197 18.2055 9.88651 -25.8829 16.4389 7.65131 -25.0559 
17.1224 8.73281 -25.5508 17.4234 9.23588 -25.7096 17.6136 10.2387 -25.8363 
16.5082 8.44215 -25.0237 16.9534 10.1277 -25.4606 16.7105 9.40773 -25.1868 
16.5824 9.9158 -25.0058 16.145 7.76471 -24.5249 16.578 10.9637 -24.9736 
16.3712 9.13113 -24.6278 16.4276 10.1061 -24.5849 16.4177 10.974 -24.3962 
16.2557 8.71834 -24.3209 15.8826 6.74125 -24.344 16.4166 10.5297 -24.1919 
16.3549 9.63785 -24.1434 16.1622 8.22892 -24.058 15.9809 7.35268 -24.1136 
16.4199 9.99842 -23.8706 16.5037 11.2414 -23.827 16.3186 9.1116 -23.8414 
16.5171 10.7104 -23.6416 16.4564 9.81944 -23.524 16.6281 11.6803 -23.3993 
16.2833 8.76365 -23.6903 16.5965 10.9013 -23.3506 16.5596 10.448 -23.1103 
16.3935 9.32627 -23.2903 16.0294 7.56289 -23.7584 16.1827 8.22639 -23.4591 
15.4777 5.31695 -24.2383 15.6155 5.96357 -24.048 15.7643 6.54153 -23.868 
14.9482 3.47571 -24.2255 15.1235 4.38059 -24.0042 15.4017 5.33658 -23.8661 
14.5807 2.60588 -23.9946 15.8759 6.95993 -23.536 14.8279 3.57683 -23.8703 
15.623 6.0879 -23.6542 14.5111 2.80884 -23.6873 14.8748 3.91272 -23.6487 
15.2418 4.95712 -23.6383 14.6155 3.50331 -23.381 15.4567 5.71732 -23.4132 
14.9902 4.50037 -23.3553 14.2093 3.32548 -22.9998 15.032 5.05913 -23.0529 
14.5006 4.30882 -22.8809 13.6275 3.48898 -22.6609 13.9448 4.23818 -22.6096 
15.6653 6.58637 -23.1813 15.298 5.91397 -22.9563 14.5045 5.25654 -22.5814 
13.1826 4.06352 -22.5058 14.9011 5.86778 -22.6276 13.6752 5.0987 -22.4102 
15.2552 6.73311 -22.5921 15.9586 7.59099 -23.1423 14.3151 6.16687 -22.3104 
15.5971 7.29887 -22.6957 12.8192 5.01736 -22.4176 13.7445 6.07315 -22.2513 
14.7524 7.09085 -22.2273 13.1258 6.05935 -22.2797 13.6882 6.82058 -22.136 
15.8525 8.06503 -22.6568 15.283 8.0703 -22.1844 16.211 8.78918 -22.9367 
14.1072 7.54586 -22.0121 15.7938 8.89713 -22.3109 14.5537 8.24687 -21.9043 
16.4014 9.97997 -22.7438 16.0656 9.72332 -22.3083 15.0025 8.96206 -21.8481 
16.6562 11.4854 -22.8492 16.4861 10.9714 -22.5063 16.6537 12.1483 -22.4673 
15.4745 9.88684 -21.7938 15.8821 10.4137 -21.9074 16.1476 11.1107 -21.9496 
16.2392 11.8527 -21.8385 16.3218 12.6668 -21.7128 15.5678 11.3695 -21.465 
14.9093 10.3847 -21.4878 14.4563 9.7064 -21.5882 13.8446 8.44172 -21.8536 
15.6218 12.2732 -21.2873 14.1348 9.27213 -21.6778 15.0022 11.3345 -21.2933 
15.6647 13.1965 -21.1038 14.9688 12.0873 -21.1287 14.3614 10.786 -21.3566 
15.1159 12.7115 -21.0216 14.8469 13.577 -20.7964 14.5014 13.0329 -20.8794 
14.0731 11.6414 -21.1913 14.1385 12.5594 -20.9798 13.7063 9.93396 -21.5882 
14.3293 14.4229 -20.5699 13.8327 13.6958 -20.7363 13.5927 10.7726 -21.4327 
13.3479 12.0463 -21.1854 13.2611 12.9139 -20.9821 13.3122 14.4736 -20.5801 
12.9654 10.85 -21.5293 13.3159 8.92576 -21.8372 12.6297 11.7151 -21.3862 
12.8765 9.79261 -21.7661 13.2518 7.86925 -22.0226 12.3065 10.8128 -21.6531 
12.9427 7.16347 -22.1765 12.5841 8.74389 -22.0133 12.4087 7.96935 -22.1657 
12.445 6.72071 -22.3138 12.2697 5.94101 -22.4146 12.0494 5.26784 -22.4914 
11.9887 9.83552 -21.9044 11.8184 6.4992 -22.4285 11.9204 8.59146 -22.1421 
11.8212 7.37367 -22.3327 11.2955 5.05549 -22.5589 11.2444 6.12237 -22.4942 
11.1516 7.74278 -22.3009 11.501 9.22348 -22.0615 10.4931 5.3071 -22.4677 
10.6399 6.64227 -22.3712 11.2015 8.73149 -22.1423 9.85205 5.58294 -22.1832 
10.4382 7.96636 -22.1087 9.96165 6.8988 -22.0576 9.36641 5.75803 -21.7493 
9.2692 6.62354 -21.4781 10.1914 8.6974 -21.8672 9.61244 7.72737 -21.6477 
10.6792 9.40434 -21.9184 9.16067 7.51152 -21.1562 9.47704 8.61335 -21.3718 
11.3509 10.4486 -21.7852 9.75105 9.54996 -21.4262 10.6176 10.4255 -21.6588 
11.7049 11.3762 -21.5626 12.5558 12.6763 -21.1406 12.7204 13.7263 -20.8285 
11.4814 12.1007 -21.3542 10.7829 11.5161 -21.4194 10.0142 10.7615 -21.3216 
11.8219 12.8292 -21.1475 11.9517 13.6971 -20.8861 12.2788 14.4976 -20.6349 
11.7443 15.097 -20.4526 11.1575 13.4774 -20.9062 11.3582 14.311 -20.668 
10.7788 12.9271 -21.003 10.4369 12.3119 -21.0862 10.859 15.1965 -20.3056 
10.5466 14.2591 -20.5249 9.9186 11.7255 -21.0214 10.1142 13.4876 -20.6172 
9.99258 14.6371 -20.2094 9.6587 12.4245 -20.6897 9.41041 13.0803 -20.3469 
9.43891 15.2257 -19.7623 9.25551 14.2492 -19.9281 9.4276 10.7675 -20.919 
8.8525 13.2634 -19.8656 8.77573 14.793 -19.4224 8.95765 12.2069 -20.2031 
9.1035 11.499 -20.4831 8.547 15.4665 -19.0658 8.37054 13.7626 -19.2889 
8.06788 14.7296 -18.7749 8.3558 12.4771 -19.4996 8.59685 11.4658 -19.9297 
9.11483 9.79274 -20.7798 8.7785 10.5524 -20.2547 8.92497 8.39834 -20.6592 
8.30214 10.906 -19.4902 8.70177 9.10021 -20.2063 8.52724 9.84109 -19.8578 
8.82631 6.48976 -20.6471 8.74389 7.05337 -20.2512 8.67038 7.81109 -20.0327 
8.01388 11.5099 -19.0028 8.36321 9.24712 -19.3328 8.50812 8.24446 -19.3932 
8.5932 7.29446 -19.362 8.67567 6.47105 -19.1876 8.0826 10.3478 -18.8749 
8.56015 7.58114 -18.7559 8.37872 8.51217 -18.6524 8.1665 9.4812 -18.5361 
8.76075 6.67906 -18.2866 8.60165 7.61096 -17.991 8.91805 6.73651 -17.5833 
8.30092 8.75294 -17.9114 8.56107 7.99932 -17.5151 8.89399 7.17321 -17.1857 
7.99823 9.80219 -17.9872 8.818 7.70887 -16.7622 8.20841 9.05916 -17.1948 
9.27345 7.1055 -16.1929 8.44084 8.61977 -16.6791 7.82589 10.843 -18.3568 
8.8835 8.18651 -15.7333 8.41883 8.92945 -16.0204 7.78953 10.1497 -17.2452 
7.89489 9.81129 -16.6674 8.42677 9.1419 -15.3325 7.90565 9.82718 -16.0562 
8.9759 8.51919 -14.8964 7.61661 10.9549 -17.7589 7.92159 9.91346 -15.3618 
8.48945 9.34787 -14.5666 7.46859 10.7388 -16.6311 7.66141 11.7658 -18.3468 
7.84646 12.3796 -18.7735 7.35924 11.1657 -17.0047 7.30893 11.7693 -17.4954 
7.7441 13.069 -18.6058 7.38807 12.4884 -17.979 7.74953 13.7253 -18.5645 
7.12602 12.6821 -17.5248 7.24797 13.426 -17.8507 7.41703 14.46 -18.0386 
7.58157 15.3496 -18.1011 6.88433 12.3569 -16.7902 6.93799 14.091 -17.3589 
6.81871 13.3549 -17.0961 6.98275 15.0363 -17.361 6.88509 11.8551 -16.2249 
7.30962 10.8723 -15.7014 6.60027 14.7249 -16.7992 6.4996 13.2269 -16.4085 
6.4605 13.9654 -16.5298 6.64321 15.7627 -16.7385 6.77563 11.8171 -15.6969 
7.37406 10.7535 -15.0152 7.84045 10.2176 -14.5119 6.17168 13.57 -15.8655 
6.27565 12.8596 -15.6303 6.13154 14.7149 -15.9951 6.82192 11.5407 -14.9604 
6.4222 12.205 -15.1095 6.27682 15.939 -16.1018 7.19792 11.0347 -14.2634 
5.82044 13.8641 -15.26 6.0157 12.7799 -14.7629 6.29613 12.1592 -14.2536 
6.63521 11.7031 -14.0211 5.89128 15.5519 -15.5019 5.59796 14.53 -14.9888 
5.95214 16.6345 -15.3321 5.58244 13.5747 -14.5432 5.51148 15.4903 -14.8071 
5.70189 12.8876 -13.9009 5.57277 16.9533 -14.415 5.42357 16.2872 -14.4186 
5.19015 14.5931 -14.2108 5.08903 15.5401 -14.0018 5.2399 16.9774 -13.6834 
4.94274 16.02 -13.5847 5.19198 13.6902 -13.7168 4.86651 14.8854 -13.6162 
4.71309 16.3672 -12.9784 4.83197 14.2382 -13.3351 4.58527 15.2251 -13.0787 
4.87915 17.2703 -12.6813 4.35509 16.4381 -12.2428 4.21669 15.4454 -12.3553 
4.43652 17.2731 -11.7531 4.44678 14.5021 -12.6399 4.00534 16.0483 -11.7926 
3.95663 16.8613 -11.1997 3.7156 15.6394 -11.3477 3.98015 14.6925 -11.6853 
5.34936 13.1118 -13.0957 4.92293 13.5105 -12.6007 4.53804 13.7965 -11.9578 
6.12346 12.2721 -13.5179 5.71122 12.6777 -12.5547 4.71957 13.5225 -11.3523 
6.23475 12.1843 -12.8331 5.48721 12.9234 -11.7907 6.71688 11.6769 -13.2648 
6.21773 12.3986 -11.8603 7.50404 10.8612 -13.4778 7.00257 11.5836 -12.6404 
8.15322 10.0481 -13.8594 9.28662 8.615 -14.0698 6.94851 11.8662 -12.0022 
8.69751 9.53928 -13.6665 7.64949 11.0141 -12.6992 8.3501 10.2343 -13.0345 
9.28887 9.21999 -13.166 8.35797 10.5449 -12.4691 7.6028 11.4039 -12.0109 
9.10402 9.93649 -12.41 9.61362 9.47651 -12.3809 8.33171 11.0179 -11.8063 
9.93781 9.78298 -11.6512 8.97848 10.7349 -11.5318 9.61048 10.5124 -11.1866 
8.17854 11.6813 -11.062 7.45329 12.019 -11.1684 9.87167 10.9499 -10.5269 
8.863 11.6577 -10.6019 9.5978 11.5882 -10.1356 6.86358 12.4644 -10.894 
10.2149 11.726 -9.44257 8.03861 12.3181 -10.3589 9.35305 12.241 -9.65187 
8.62289 12.5939 -9.71355 9.83565 12.5807 -8.86936 8.02396 12.6833 -9.92023 
5.78337 12.9463 -10.9813 7.2174 12.8076 -10.1325 9.08301 13.0533 -8.90546 
7.87268 13.0464 -9.51173 6.19745 12.9991 -10.38 8.49526 13.5572 -8.55585 
6.51922 13.2274 -9.77847 7.38958 13.4672 -9.10854 4.86815 13.4657 -10.723 
5.46801 13.4092 -9.97722 7.61352 13.9387 -8.32249 6.39075 13.6115 -9.15774 
6.71298 13.9242 -8.55614 5.27778 13.6933 -9.4295 6.92888 14.3239 -7.79702 
4.36054 13.8422 -10.1147 5.87537 14.0101 -8.54094 3.82268 14.3588 -10.8157 
4.68858 13.9343 -9.18563 3.40784 15.5479 -10.7506 5.87486 14.3641 -7.80233 
3.51993 14.4867 -9.94943 3.2131 15.2039 -10.2718 3.42135 16.5172 -10.5126 
4.84415 14.2024 -8.34072 3.73032 14.3007 -9.09059 3.05064 14.9843 -9.64834 
3.02157 16.2798 -9.9795 2.69018 15.9869 -9.48762 3.91245 14.3682 -8.37248 
5.20709 14.511 -7.41169 2.79346 14.9862 -8.93928 2.70272 17.1325 -9.15456 
4.10044 14.4762 -7.65095 3.09519 14.6637 -8.19016 4.67738 14.605 -6.9151 
2.24397 16.1195 -8.82699 3.86463 14.5168 -6.6007 2.06467 17.2849 -8.44864 
2.34816 15.1917 -8.21229 2.85836 14.6469 -7.39997 1.8595 16.0124 -8.30632 
2.9115 14.2266 -6.53045 1.55041 16.8545 -8.08828 1.87628 15.1288 -7.71376 
1.2536 17.4147 -7.83703 1.26222 16.0027 -7.87517 2.06549 14.2796 -6.99468 
0.538307 17.5313 -7.72277 1.24158 15.0098 -7.55733 0.604158 16.4488 -7.83757 
0.613407 15.4669 -7.83266 1.28397 14.2824 -7.34985 0.185077 16.4855 -8.06897 
-0.0642826 17.2216 -8.15128 1.92769 13.5496 -6.794 0.344648 15.3208 -8.00675 
0.660427 14.5004 -7.76053 -0.334062 16.5375 -8.42454 0.0223277 15.4214 -8.22736 
-0.805872 16.5151 -8.71003 -0.402033 15.4468 -8.43988 -1.34559 16.0121 -8.90819 
0.0937575 14.5404 -8.08702 -0.952942 15.317 -8.66505 -0.514473 14.5247 -8.3669 
0.714557 13.719 -7.64526 -1.34912 14.5914 -8.61182 1.49335 13.2254 -7.10044 
-0.136132 13.8476 -8.11525 -1.29323 13.6993 -8.35377 0.198098 13.1844 -7.86819 
-0.520763 13.2565 -8.13283 -1.24548 12.9587 -8.11127 0.698007 12.5264 -7.56133 
1.1733 12.6408 -7.29337 -0.00111264 12.3725 -7.80628 -0.795762 12.2899 -7.89132 
-1.67 12.3336 -7.81887 -0.786323 11.6354 -7.67044 -1.72092 11.5428 -7.4453 
0.253037 11.7136 -7.60687 -0.831132 11.0557 -7.43629 -2.22294 10.8086 -6.93516 
-1.62292 10.3523 -6.93031 -0.906412 10.5197 -7.19445 0.142048 10.9282 -7.43421 
-0.984892 9.69328 -6.79464 0.118828 10.3001 -7.2369 0.928178 11.1681 -7.3274 
-0.208102 9.43624 -6.81172 0.495218 9.67929 -7.00279 1.06226 10.354 -7.14328 
1.6464 12.2223 -6.98567 0.783418 8.82987 -6.63161 1.57446 11.2683 -7.04489 
1.31284 9.66409 -6.93984 1.90714 10.2694 -6.85993 1.71054 8.75008 -6.59991 
2.20259 9.34352 -6.65966 2.17516 11.7365 -6.64025 2.14104 12.5177 -6.59212 
2.41622 11.0147 -6.54512 2.38747 8.23018 -6.36684 2.66051 10.2019 -6.4772 
2.9754 9.41066 -6.36344 3.08795 8.60258 -6.30522 2.81174 11.6964 -6.13261 
3.2522 10.4608 -6.04642 2.57677 12.8151 -6.20562 3.74741 8.73046 -6.06748 
3.28023 11.4692 -5.77167 3.86836 9.58385 -5.83611 3.17554 12.4287 -5.68826 
2.98283 13.3768 -5.91497 3.89343 10.5269 -5.53019 4.53919 8.92185 -5.65303 
3.7533 11.7591 -5.27356 4.30203 10.8826 -5.07967 3.74398 12.8401 -5.16028 
4.72456 9.85863 -5.19035 3.72535 14.0069 -5.67381 4.39825 11.8765 -4.71199 
5.45356 9.27254 -5.08482 4.94296 10.7987 -4.66644 4.22822 13.4327 -4.90651 
6.02066 8.44662 -5.30879 4.63798 12.5863 -4.46945 5.73907 10.09 -4.60955 
5.29613 11.4618 -4.26673 4.54614 14.1775 -5.14466 5.85461 10.9785 -4.21247 
6.58083 9.41028 -4.76858 4.86859 13.3387 -4.42769 5.31376 12.1501 -4.11459 
6.43286 10.4298 -4.32679 7.16952 9.01116 -4.96181 6.35314 11.42 -3.9974 
5.5218 12.8713 -4.03318 7.1817 10.1316 -4.46789 6.40257 12.1514 -3.8616 
7.9043 9.58549 -4.80189 7.14014 11.2527 -4.07274 8.30512 8.96082 -5.16174 
7.96043 10.4987 -4.46732 6.26143 13.1881 -3.9126 5.58226 13.8704 -4.30978 
8.82236 9.83737 -4.98819 7.80811 11.4527 -4.16624 7.05468 12.8129 -3.89218 
7.78288 12.2343 -4.06811 8.76549 10.699 -4.70173 5.38374 14.55 -5.04682 
7.01146 13.7576 -4.1267 6.27021 14.3864 -4.49769 5.00867 14.6909 -6.0561 
8.5487 11.6164 -4.41887 7.96453 13.048 -4.19528 6.03115 14.8432 -5.62375 
7.26555 14.3187 -4.53585 6.77084 14.741 -4.99382 5.75166 14.728 -6.70106 
6.56615 14.8649 -6.22491 8.03056 14.0774 -4.70685 8.77399 12.3208 -4.52351 
7.60035 14.7417 -5.37362 6.4474 14.6506 -7.07275 8.54799 13.3638 -4.63644 
9.40198 11.1566 -4.9523 7.49199 14.8437 -6.1976 9.80563 10.4868 -5.33788 
9.51524 11.824 -5.00149 8.47466 14.4067 -5.59887 9.31982 12.6267 -4.96502 
7.494 14.6246 -6.97334 8.26539 14.6296 -6.15504 8.94786 13.8884 -5.38652 
9.43261 13.1994 -5.34201 9.94915 12.3715 -5.51942 9.1701 14.0468 -6.14418 
10.2308 11.5266 -5.6409 8.64692 14.3516 -6.81996 9.72489 13.545 -6.14795 
8.08296 14.2912 -7.53034 10.1241 12.8377 -6.07746 9.41058 13.8406 -7.03389 
10.5531 12.1126 -6.31725 8.76752 13.9377 -7.75366 10.1132 13.1771 -6.85568 
9.5698 13.4076 -7.92001 10.6253 12.4571 -7.23123 10.2934 12.7156 -8.0206 
17.3915 9.28065 -6.70795 19.4002 8.71379 -5.9877 18.2369 8.74006 -6.32728 
18.7425 7.89854 -6.18143 17.5116 8.382 -6.70037 16.6504 9.04189 -7.33071 
19.3659 7.42193 -6.0103 17.9171 7.6472 -6.50995 18.5635 6.79737 -6.26265 
17.0935 7.82035 -7.05447 19.1984 6.18731 -6.06268 17.6077 6.88486 -6.71279 
16.5189 8.06346 -7.62374 16.0689 8.7977 -8.09577 18.1969 5.96561 -6.41444 
16.9891 6.82485 -7.20139 19.2623 5.21082 -6.04588 15.6118 8.81763 -8.81814 
16.2044 7.70988 -8.11923 17.3897 5.92022 -6.86928 16.511 6.86497 -7.77203 
15.6936 8.07835 -8.90672 17.9649 5.34307 -6.5245 15.9595 7.31785 -8.61076 
15.3081 8.22542 -9.60782 16.0709 6.51067 -8.49441 15.6578 7.00471 -9.28531 
16.7406 5.72242 -7.46855 16.3572 5.98955 -8.00086 15.2876 7.25957 -10.0328 
15.9051 5.927 -8.85865 15.5114 6.13705 -9.81528 17.3154 4.95114 -6.89255 
16.2831 5.25671 -8.06188 15.8878 5.15979 -8.88344 16.7189 4.41817 -7.36355 
15.5546 4.91619 -9.81131 18.1295 4.36 -6.42029 16.2985 4.33933 -7.90715 
15.7055 4.27575 -9.24821 15.9421 4.1204 -8.53885 17.2805 3.82745 -6.83515 
19.0836 3.64426 -6.06727 15.7944 3.52877 -8.72693 18.199 3.2412 -6.33995 
16.2277 3.29862 -7.75962 16.8091 3.02206 -7.07039 19.1271 2.62838 -6.00101 
17.5462 2.65021 -6.56669 18.4414 2.02829 -6.16988 19.5173 1.59329 -5.83457 
15.7836 2.98308 -8.5148 18.635 1.04941 -6.03368 17.705 1.48839 -6.37407 
16.9041 1.71224 -6.78047 18.9536 0.168535 -5.86948 16.299 2.16056 -7.351 
17.5675 0.236715 -6.2589 18.1901 -0.468755 -5.9917 15.7694 2.44553 -8.28037 
16.7516 0.768235 -6.6855 16.0658 1.24131 -7.31216 17.0514 -1.1262 -6.22085 
16.3975 -0.135415 -6.68104 15.9939 0.574805 -7.16539 15.6837 1.77818 -8.11422 
16.1807 -1.09203 -6.56311 15.4251 0.00743502 -7.58937 15.3673 -0.832885 -7.2369 
15.3916 0.965575 -8.31011 15.5189 2.92866 -9.37602 15.4352 1.83654 -8.91902 
15.0248 -0.424275 -8.15192 14.7663 -1.61506 -7.71305 15.0277 0.209245 -8.90586 
14.6406 -1.36393 -8.39726 15.1482 0.989725 -9.41394 14.6574 -0.843135 -9.31311 
14.3366 -1.8728 -9.13414 15.3381 2.49569 -9.94953 15.1719 1.41711 -9.88232 
14.8253 -0.118305 -9.74062 14.5084 -1.11616 -10.2129 14.2061 -2.07175 -10.1623 
14.9074 0.486875 -10.4882 15.1318 1.6602 -10.4905 14.6062 -0.627955 -10.9047 
14.2839 -1.71719 -11.085 13.9738 -2.67005 -10.9652 14.742 0.0612752 -11.3048 
14.9635 1.11857 -11.115 14.2549 -1.63087 -12.0339 14.4658 -0.891055 -11.9311 
14.0319 -2.33768 -12.0918 13.7419 -3.1927 -12.0554 13.8544 -2.6984 -13.0514 
14.2608 -1.35012 -12.9449 14.813 0.763285 -11.8996 14.6105 0.0153648 -12.5121 
15.1288 2.23864 -11.0407 15.4323 3.79025 -10.1224 14.9766 1.94296 -11.8441 
15.247 3.47418 -10.8738 15.0871 2.86809 -11.55 14.8299 1.55901 -12.5383 
15.2524 4.28164 -10.8949 15.3068 4.88888 -10.6601 15.2395 6.02182 -10.5883 
15.1021 4.38486 -11.4956 14.9756 7.13979 -10.8147 15.0081 3.56206 -12.0381 
15.0823 5.58155 -11.2165 14.9111 2.61909 -12.4777 14.884 5.57943 -11.86 
14.729 6.73579 -11.7009 14.9106 4.71209 -12.1515 14.8642 3.60821 -12.7236 
14.4519 6.76176 -12.5115 14.677 5.3748 -12.7135 14.7069 4.61144 -13.0777 
14.2653 6.80696 -13.1964 14.7717 2.65741 -13.304 14.714 3.74056 -13.4663 
14.4734 5.58823 -13.4887 14.7244 1.75957 -13.3784 14.2499 6.40919 -13.8847 
14.6097 0.683125 -13.3861 14.4501 -0.230985 -13.5194 14.536 4.76722 -14.0583 
14.3629 5.73235 -14.4923 14.6361 3.14784 -14.2599 14.3341 6.20024 -14.9175 
14.5939 1.35603 -14.1423 14.5594 4.22919 -14.5723 14.6276 2.34058 -14.3571 
14.4745 5.18111 -15.0013 14.5391 5.56595 -15.4393 14.576 3.89099 -15.1856 
14.5879 4.57433 -15.4249 14.7265 5.90324 -15.9501 14.7559 4.43222 -16.0217 
14.9913 5.11319 -16.3936 15.2665 5.78372 -16.6521 14.7724 3.45316 -16.1032 
14.9884 4.03657 -16.5059 14.5921 2.42256 -15.2569 14.6711 2.90749 -15.8076 
15.6727 5.13346 -17.1127 15.3566 4.22954 -16.9529 16.2004 4.94467 -17.5284 
15.0493 2.99227 -16.7143 15.8607 4.07926 -17.4255 14.5537 1.58414 -14.8337 
15.4713 3.18348 -17.2109 14.7883 2.05927 -16.3711 14.6233 1.41916 -16.0383 
15.1572 2.00538 -17.0093 14.5029 1.01713 -15.3318 14.458 0.366795 -14.4058 
14.3944 0.067125 -15.2061 14.8568 0.933895 -16.7185 14.4927 0.347615 -15.9326 
14.2779 -0.686065 -14.6049 14.1671 -1.34874 -14.004 13.9424 -2.26691 -13.8129 
14.296 -0.742155 -15.5027 13.6313 -3.30691 -14.1006 13.9578 -2.14491 -14.7648 
14.1306 -1.52061 -15.1248 13.704 -3.21721 -14.823 14.5433 -0.398475 -16.3382 
13.9403 -2.71536 -15.4814 14.3153 -1.3629 -16.0233 14.167 -2.14388 -15.9274 
14.3953 -2.11109 -16.404 14.1975 -3.03241 -16.2672 14.8405 -0.0753849 -16.8661 
14.7494 -1.11585 -16.8582 14.6968 -2.35275 -16.934 14.4298 -3.749 -16.7037 
15.1393 0.369465 -17.1978 15.088 -1.31969 -17.3082 14.911 -3.1558 -17.2491 
15.2355 -0.563815 -17.4084 15.1769 -2.14244 -17.4818 15.0084 -3.98671 -17.3768 
15.4283 0.909765 -17.4463 15.5763 -0.0207651 -17.6973 15.5722 -2.1857 -17.9051 
15.5189 -3.3516 -17.9187 15.611 -4.14331 -18.0541 15.698 -1.17351 -17.9352 
15.5729 2.04544 -17.4528 15.9691 -2.49581 -18.3513 16.1163 -4.14411 -18.6973 
16.2368 -3.2772 -18.7598 15.8663 3.01339 -17.587 15.9037 1.18988 -17.8454 
16.0393 -0.202505 -18.1434 16.1816 -1.2602 -18.4187 16.1476 2.51479 -17.8749 
16.3317 3.61743 -17.8452 16.227 0.745645 -18.1828 16.3097 1.91895 -18.0848 
16.8608 4.10392 -18.1267 16.7836 2.98693 -18.275 16.5619 -2.20054 -18.9974 
16.6981 1.24234 -18.5055 16.5788 -1.28377 -18.8338 16.8752 2.16614 -18.4907 
16.6786 0.330365 -18.6438 16.6654 -0.437375 -18.7711 17.2653 3.34505 -18.5709 
17.2332 1.63482 -18.8998 17.4628 2.43534 -18.9294 17.7016 3.32443 -18.9336 
17.0207 -1.13207 -19.3221 17.2925 0.863565 -19.1336 17.2148 0.044995 -19.2509 
16.7748 -3.0461 -19.4793 17.7819 1.87612 -19.3864 17.0721 -2.13046 -19.6912 
18.1343 3.13067 -19.4048 17.5567 -0.297085 -19.7822 17.8158 0.986155 -19.7024 
17.4272 -1.34256 -20.0074 18.3869 2.31874 -19.9871 18.6592 3.06937 -20.0718 
18.2211 1.46242 -20.0953 18.0452 0.526685 -20.233 18.9524 2.7221 -20.7962 
18.5218 1.37884 -20.7053 17.9985 -0.138135 -20.4924 18.8449 1.86399 -21.1729 
18.4601 0.616745 -21.1246 19.0236 1.9926 -21.734 18.7666 1.19708 -21.6813 
17.8795 -1.02086 -20.7587 18.2326 -0.300455 -21.2762 18.8234 1.1998 -22.2497 
18.5272 0.337665 -21.8717 18.9375 1.69961 -22.8198 18.605 0.553775 -22.597 
18.6452 0.948255 -23.0904 18.3451 -0.321325 -22.2865 18.1267 -0.971155 -21.6973 
18.55 1.23037 -23.6429 18.3683 0.289875 -23.2862 17.5121 -2.04058 -20.4943 
18.1642 -0.611205 -22.9378 17.8906 -1.6444 -21.3995 18.0277 -1.33017 -22.3876 
17.1826 -3.0102 -20.2488 17.5754 -2.57733 -21.0889 16.7622 -4.00851 -19.7188 
16.4328 -4.86081 -19.3174 17.7282 -2.36636 -21.8187 17.1108 -3.8628 -20.5344 
16.8305 -4.79991 -20.2805 17.3216 -3.57591 -21.1738 16.6832 -5.69581 -20.6406 
17.4931 -3.13141 -21.9653 17.0384 -4.6211 -21.3293 17.7038 -2.31761 -22.4662 
16.8 -5.35881 -21.2955 17.2474 -3.8944 -21.8389 16.4209 -6.31691 -21.5628 
16.9523 -4.5419 -22.2296 16.5532 -5.64591 -22.057 17.2421 -3.5379 -22.5995 
16.3863 -5.46281 -22.5951 16.7764 -4.29061 -22.933 15.7983 -6.3431 -22.7247 
16.4439 -4.94651 -22.9417 17.6731 -1.91145 -23.0836 17.2317 -3.1129 -23.0642 
16.7437 -3.8228 -23.3545 15.1732 -6.6225 -23.0804 17.3196 -2.44504 -23.3967 
15.6503 -5.53861 -23.338 17.813 -1.02815 -23.5225 16.1432 -4.53731 -23.5343 
18.018 -0.127465 -23.7411 16.8407 -2.954 -23.7456 17.3637 -1.63701 -23.8486 
17.9813 0.742675 -24.2771 17.7249 0.0417649 -24.2635 17.4789 -0.699735 -24.187 
16.8609 -1.8952 -24.2213 17.243 0.313995 -24.7579 17.0111 -0.446655 -24.6406 
16.1613 -3.43471 -24.0529 15.8876 -3.961 -23.9701 16.7625 -1.1929 -24.5391 
16.2454 -2.68481 -24.2831 15.4302 -4.46301 -23.9576 14.6985 -5.93901 -23.5893 
14.8555 -5.0644 -23.8817 16.1152 -1.89839 -24.5896 14.1687 -6.49041 -23.4664 
15.0102 -3.85341 -24.2245 15.3335 -3.216 -24.385 13.9637 -5.3185 -23.8011 
15.4396 -2.60045 -24.5228 13.5756 -6.00211 -23.5655 14.2483 -4.303 -24.0618 
13.4958 -4.51631 -23.7775 13.0243 -5.3823 -23.4485 14.5507 -2.90906 -24.3694 
13.9237 -3.37941 -24.0875 15.5219 -1.58128 -24.7323 16.1683 -0.517555 -24.9114 
16.5576 0.329785 -25.0226 14.7979 -1.8249 -24.5851 15.7653 0.414875 -25.0606 
15.2087 -0.704365 -24.819 14.0464 -2.29684 -24.2274 15.0955 -0.0706847 -24.8314 
15.3673 1.03092 -24.9743 14.5547 -1.05748 -24.5532 14.2664 -1.44479 -24.3808 
14.6453 -0.062135 -24.6066 14.9132 1.05594 -24.7173 14.104 -0.829705 -24.2516 
14.3906 0.563585 -24.3412 14.5315 1.37212 -24.3421 14.1239 -0.158255 -24.197 
13.7873 -1.35526 -24.0237 14.3106 1.47297 -24.0301 14.0323 0.590855 -23.9354 
13.7159 -0.288765 -23.7754 14.1314 1.65056 -23.6644 13.8662 0.829625 -23.6108 
13.4711 -1.9121 -23.7973 13.4423 -0.953735 -23.6126 13.5374 0.111595 -23.4374 
13.359 -2.72394 -23.7542 13.2832 -3.60771 -23.715 14.215 2.3851 -23.3969 
13.5833 0.940525 -23.2138 13.0939 -1.58025 -23.3548 12.9626 -2.47024 -23.3784 
13.1232 -0.532285 -23.1506 13.827 2.09435 -23.0709 12.8083 -4.3677 -23.3537 
12.8382 -3.2534 -23.3346 12.3666 -5.0621 -22.9959 12.6599 -2.04527 -22.9991 
12.5459 -2.83451 -23.003 12.3258 -4.0706 -22.9155 11.9195 -4.6303 -22.5601 
12.0219 -3.30081 -22.5535 12.5464 -1.13415 -22.7745 12.11 -2.08346 -22.5403 
11.476 -4.43561 -22.121 11.4261 -3.4211 -22.1009 11.164 -4.26121 -21.8638 
11.4796 -2.69739 -22.1584 10.6005 -4.78171 -21.4295 10.6985 -3.98261 -21.6069 
11.7121 -1.7406 -22.3274 10.6926 -3.2338 -21.7547 10.018 -4.25701 -21.2386 
10.8569 -2.05546 -22.0156 10.417 -2.57179 -21.8173 10.0239 -3.2717 -21.5308 
12.8108 0.0774052 -22.7925 11.9002 -0.673455 -22.4351 11.1069 -1.07162 -22.2313 
13.278 1.37821 -22.8561 12.2977 0.490075 -22.5642 11.4601 -0.256665 -22.3728 
12.8176 1.41599 -22.6686 13.4376 2.67639 -22.7318 12.6767 2.36276 -22.5883 
12.1318 1.48058 -22.5468 11.5725 0.733355 -22.4711 12.8067 3.30832 -22.545 
12.2748 2.7746 -22.5536 11.7365 2.30918 -22.5594 12.348 4.11361 -22.5164 
11.8443 3.30048 -22.5717 11.3383 1.63424 -22.5305 10.9715 0.396415 -22.4082 
11.655 4.31006 -22.5683 11.0324 2.53352 -22.5704 11.1279 3.32671 -22.5908 
10.9079 4.2771 -22.5751 10.4723 1.77935 -22.4885 10.5002 0.955735 -22.4375 
10.3948 3.18103 -22.5203 10.4104 -1.29688 -22.097 10.3404 -0.224545 -22.2787 
9.94443 2.11711 -22.4018 9.76592 0.521555 -22.2712 9.77087 -2.32749 -21.758 
9.79 -1.0153 -22.0647 9.37316 -3.97621 -21.1367 9.41824 -3.02261 -21.4716 
9.52383 -1.68154 -21.8686 8.88881 -3.70671 -21.1082 8.87855 -2.57832 -21.4868 
9.31272 -0.337735 -22.0553 8.18593 -3.93271 -20.799 8.27133 -3.28951 -21.0603 
8.65141 -1.74249 -21.5938 8.91044 -0.915505 -21.8266 8.06457 -2.67476 -21.1283 
7.44264 -3.2849 -20.5895 7.94352 -1.96859 -21.1655 7.46041 -2.47343 -20.7162 
8.07181 -1.14986 -21.3183 7.34937 -1.67285 -20.5687 6.9072 -2.28554 -19.9415 
8.22072 -0.395105 -21.4526 9.23866 0.926905 -22.1131 8.56121 0.178325 -21.7061 
7.67186 -0.684625 -20.8696 7.29512 -0.803965 -20.1321 7.01612 -1.29482 -19.5863 
7.94569 0.437765 -20.9973 9.41713 1.92279 -22.2035 8.83935 1.37543 -21.8707 
7.58706 0.112255 -20.3118 8.38608 1.1525 -21.4604 9.51793 2.93446 -22.2163 
8.86689 2.41326 -21.7678 10.0133 4.13178 -22.3861 7.92931 1.11206 -20.5739 
9.28194 3.78959 -21.9788 8.43824 2.28096 -21.1801 9.53363 4.63375 -22.082 
8.85649 3.32173 -21.5805 8.99535 4.4091 -21.5524 8.49664 3.11105 -20.8915 
8.68767 4.04634 -21.0341 8.98514 5.47812 -21.277 8.14373 1.97878 -20.44 
8.75241 5.45437 -20.6494 8.60174 4.40175 -20.3376 8.45177 3.45819 -20.2091 
8.31531 2.72898 -20.0578 8.68087 5.70976 -19.8194 8.64806 4.80247 -19.6656 
7.98964 1.49967 -19.7425 7.62243 0.420195 -19.6186 8.59209 3.73161 -19.3608 
8.47838 2.97716 -19.2612 8.72311 4.45226 -19.082 8.31067 2.2 -19.1727 
7.29072 -0.515205 -19.1645 8.04147 1.29087 -19.0636 8.79452 5.49608 -18.8057 
7.63351 0.085335 -18.7834 7.19461 -1.03286 -18.3796 7.91166 0.478385 -18.4942 
8.80659 3.39019 -18.5144 8.55694 2.06484 -18.4216 8.92063 4.603 -18.4733 
7.81205 -0.168905 -18.0161 8.25542 0.873435 -18.1546 7.82221 -0.631325 -17.514 
8.7273 1.57511 -17.8191 8.97457 2.65181 -17.922 9.02454 5.68525 -17.9589 
9.13843 4.71123 -17.9213 9.15978 3.72114 -17.865 8.55165 0.608375 -17.4795 
9.3026 5.86505 -17.1721 9.51586 5.05787 -17.0785 9.44088 3.18883 -17.3043 
9.54942 4.15858 -17.1808 9.27082 6.41573 -16.8643 9.27459 1.76262 -17.1179 
9.54947 2.38864 -16.9636 9.7318 6.19763 -16.0618 10.0202 4.19777 -16.4295 
9.99652 5.35977 -16.1159 9.92093 3.3319 -16.6119 9.1041 1.02587 -16.9941 
10.4825 4.69042 -15.6084 10.5042 3.7487 -15.7659 10.1618 2.54303 -16.1647 
8.65632 -0.019235 -16.8975 9.82237 1.40686 -16.2654 8.00741 -0.972805 -16.8895 
10.6194 2.80273 -15.5563 9.34993 0.509675 -16.4085 8.64054 -0.758475 -16.3244 
10.363 1.56495 -15.6108 9.45585 -0.144425 -15.8712 10.0401 0.550235 -15.5861 
9.01582 -1.07251 -15.6189 8.38826 -1.76304 -15.5795 10.0815 -0.0197051 -15.2064 
9.58898 -0.885485 -15.175 8.25391 -2.29499 -15.0563 9.21427 -1.74325 -14.7989 
8.07532 -2.81757 -14.5013 8.8253 -2.41884 -14.417 8.82108 -2.92293 -13.8117 
8.37556 -3.5321 -13.2984 9.53596 -2.30471 -13.8916 10.2972 -0.483335 -14.6216 
10.0345 -1.29289 -14.3201 10.6852 0.883175 -14.8783 9.79658 -2.79641 -13.0511 
10.1955 -1.80538 -13.6452 10.7916 0.222345 -14.352 10.7576 -0.631125 -13.8466 
10.5811 -1.93767 -12.8986 10.9262 -1.01388 -13.2404 11.1082 1.42109 -14.4503 
10.9815 2.48821 -14.9589 11.1847 0.471225 -13.852 11.3862 0.0180852 -13.1246 
11.1541 -1.30104 -12.4071 11.4677 1.34612 -13.769 11.4935 -0.404355 -12.4139 
11.5791 -0.560535 -11.7166 11.7989 0.873645 -12.648 11.8075 0.280785 -11.8243 
11.8236 2.04921 -13.3151 11.534 2.7412 -14.0685 11.9683 0.831105 -11.2314 
12.0734 2.01143 -12.5698 12.0973 1.44557 -11.6731 11.0261 3.75459 -14.9542 
11.4483 3.51332 -14.2695 12.2848 2.31057 -11.6566 11.8818 3.4043 -13.4761 
12.0975 3.30769 -13.0049 12.294 3.00889 -12.3196 11.57 4.47263 -13.9197 
12.0116 4.32768 -13.1405 11.0853 4.93125 -14.5482 10.5954 5.40874 -15.1213 
10.1428 6.29023 -15.2409 11.5232 5.30632 -13.6903 10.6919 6.13551 -14.4726 
9.59531 7.30783 -15.2576 11.1131 6.02016 -13.8849 10.1772 6.98463 -14.5671 
9.58221 7.83548 -14.6243 10.6193 6.87386 -13.9791 10.0193 7.56999 -14.1755 
9.92963 8.09684 -13.6838 10.8508 7.20218 -13.2917 12.0252 5.22305 -12.8251 
11.4853 6.41248 -13.0207 9.93907 8.64653 -12.9853 10.4952 8.13441 -12.8207 
12.3409 4.36468 -12.3455 12.451 3.6795 -11.8451 12.1907 2.09672 -10.806 
12.0347 6.10679 -12.2864 12.4385 3.25842 -11.1967 11.3803 7.51039 -12.2025 
12.5067 4.77118 -11.6727 12.3826 5.55486 -11.8387 10.3499 9.03592 -11.9993 
11.8789 6.82248 -12.0205 11.0281 8.29574 -11.9194 12.5834 4.5422 -10.9955 
12.3292 3.47963 -10.3046 12.5444 5.74642 -10.9921 12.2507 6.76252 -11.2402 
11.5644 8.04338 -11.3804 12.5238 4.81027 -10.2688 11.9797 3.80716 -9.40881 
12.5475 5.9606 -10.1921 12.0044 7.69545 -10.8631 12.2981 5.08125 -9.49472 
12.4204 6.85107 -10.4529 12.4725 6.60618 -9.7015 12.2821 7.46999 -10.2185 
12.2478 5.92033 -9.09125 11.5806 4.51271 -8.66702 10.9506 9.17595 -11.1159 
11.6785 5.30677 -8.5033 11.5902 8.76919 -10.5683 12.0014 6.36368 -8.5493 
12.3211 7.28745 -9.17079 12.0375 8.32436 -10.0349 12.2073 8.11782 -9.35944 
11.893 7.07301 -8.19662 10.4823 10.1676 -10.6798 11.233 9.71686 -10.1781 
11.3699 6.323 -7.8529 11.7438 9.33788 -9.56066 12.0959 8.2499 -8.53621 
10.7345 10.6706 -9.89542 11.3433 10.2405 -9.3999 11.9009 9.32218 -8.79732 
11.6549 7.57922 -7.72826 10.8804 11.1226 -9.21205 11.8557 8.65308 -7.91539 
11.4122 10.6989 -8.56277 10.7051 11.8189 -8.67177 11.7366 9.88811 -8.16978 
11.003 11.7569 -7.85792 11.6876 9.56822 -7.59798 11.5331 10.4024 -7.62123 
11.3142 11.0501 -7.43778 10.9612 11.5223 -6.80225 11.3766 8.2948 -7.22154 
11.3871 9.1469 -7.06809 11.2382 10.4273 -6.83749 11.0995 9.6967 -6.61478 
10.6145 10.8759 -6.03052 10.5253 10.0667 -5.97421 10.7708 8.84171 -6.47752 
10.1957 9.04535 -5.9771 9.61177 9.60812 -5.43802 10.5998 8.00039 -6.63053 
10.8603 7.07753 -7.16476 9.41984 8.58825 -5.72088 9.8463 7.8392 -6.2531 
10.0718 7.01472 -6.70826 8.53478 8.06309 -5.63665 9.03433 7.4826 -6.05891 
9.44282 6.73658 -6.52906 7.55212 8.24454 -5.36303 10.0598 6.3045 -6.97562 
8.76344 6.73487 -6.29261 6.74033 7.98909 -5.45035 7.84118 7.12871 -5.90288 
10.7523 5.78191 -7.57022 6.85249 7.18095 -5.77333 7.78689 6.24807 -6.19272 
6.84475 6.37965 -5.98156 8.76583 5.80942 -6.58163 10.1325 5.52516 -7.27972 
7.29395 5.38427 -6.18783 6.46548 5.43341 -5.93342 8.52024 5.22121 -6.62486 
9.41756 5.15277 -7.01858 10.9774 4.96742 -7.99979 8.24518 4.67734 -6.5436 
6.6953 4.41408 -5.74011 7.49396 4.34948 -6.14873 8.96225 4.26201 -6.90275 
10.2331 4.5348 -7.59364 7.90354 3.7377 -6.24506 7.27292 3.13803 -5.5111 
8.03592 3.10367 -6.13611 8.72447 3.29441 -6.6912 9.67725 3.75633 -7.35515 
9.21881 3.38457 -7.06271 8.52226 2.2178 -6.19489 10.4897 3.61373 -7.93493 
10.9997 3.89158 -8.29262 9.42702 2.66944 -7.12534 10.2635 2.69179 -7.83065 
11.1703 3.19984 -8.58955 9.25814 1.50464 -6.66526 9.85598 1.9062 -7.39931 
10.4457 1.87298 -8.00967 11.5098 2.44172 -9.15685 10.9558 1.913 -8.56206 
9.97259 0.914045 -7.33874 11.9558 2.18139 -10.0538 9.59618 0.417365 -6.67275 
10.4634 0.859275 -7.94486 11.4912 1.27178 -9.42471 10.963 0.732985 -8.63195 
10.2625 -0.291355 -7.48757 11.8974 0.973305 -10.505 10.6251 -0.377375 -8.0572 
11.0311 -0.0251048 -8.79261 11.5466 0.299795 -9.82466 10.0748 -0.684645 -7.02892 
11.7666 0.119895 -10.7767 11.4256 -0.658405 -9.93288 11.5649 -0.762525 -10.9103 
11.1206 -1.27061 -9.23442 10.8515 -1.57542 -8.55808 11.3014 -1.47516 -10.1214 
11.2401 -1.83379 -10.7765 11.1792 -1.73667 -11.5899 10.435 -1.87768 -7.56843 
10.9123 -2.70999 -9.61305 10.8934 -2.74667 -10.8124 10.6426 -2.51878 -12.0516 
10.637 -2.72808 -8.35168 10.4154 -3.30131 -11.386 10.4999 -3.65951 -10.378 
9.88809 -3.35701 -12.2079 9.14383 -3.56971 -12.7091 9.90668 -3.96931 -11.2668 
9.48995 -4.04861 -11.6913 10.5502 -3.6931 -9.23853 8.33771 -4.21701 -12.3025 
8.91885 -4.4315 -11.6335 9.84039 -4.43621 -10.5512 9.26894 -4.73041 -10.822 
10.126 -4.44191 -9.74874 8.43205 -4.96561 -11.0847 9.23958 -5.2285 -9.93624 
10.3756 -3.7724 -8.35348 9.86588 -4.9238 -8.96189 8.30291 -5.53251 -10.1367 
8.86678 -5.73741 -9.16611 10.0825 -4.25561 -7.8767 9.59205 -5.2278 -8.12738 
10.1882 -3.05411 -7.19875 8.03608 -6.1 -9.00121 8.87739 -5.90721 -8.19179 
9.743 -4.46141 -7.0028 8.32565 -6.263 -7.80809 7.46904 -6.50831 -8.19748 
10.0066 -1.959 -6.65753 9.24394 -5.26811 -6.78596 8.44481 -6.15451 -6.86205 
7.22769 -6.76191 -7.30618 9.47015 -4.13781 -6.15401 9.68141 -2.9487 -6.03829 
8.82717 -5.48511 -5.92292 7.80052 -6.58101 -6.45021 9.08724 -4.61531 -5.59763 
9.62286 -1.66202 -5.98308 9.56281 -0.524375 -6.23924 9.15436 -3.3244 -5.15414 
9.23883 -2.0932 -5.26828 9.17135 -0.932215 -5.4565 8.94948 0.838365 -5.99107 
8.81154 0.0721552 -5.39029 8.31089 1.36472 -5.51298 7.88454 2.18878 -5.51844 
8.73105 -0.897335 -4.8261 8.26896 0.647925 -4.99251 7.25958 2.32449 -4.94053 
7.68965 1.23143 -4.64863 8.1467 0.00990504 -4.4827 8.7177 -1.8712 -4.54312 
6.9481 1.9647 -4.31928 7.57009 0.292005 -3.96429 8.12643 -1.14973 -4.00493 
6.79888 1.33174 -3.73103 8.71461 -2.9984 -4.47669 7.48578 -0.702685 -3.47975 
6.83539 0.417425 -3.29415 8.06781 -2.35755 -3.73943 8.54874 -4.11461 -4.49288 
8.22672 -3.1316 -3.91074 8.47143 -5.063 -4.87738 7.63338 -1.98288 -3.35275 
6.99081 -6.96291 -6.37125 8.07504 -6.1541 -5.51147 7.22121 -1.46137 -3.07615 
7.81664 -5.90331 -4.75777 7.82332 -4.1513 -3.73439 7.12465 -6.8263 -5.50046 
7.72775 -4.97181 -3.98113 7.49899 -3.4056 -3.27905 7.13585 -6.39831 -4.56304 
7.09002 -5.5944 -3.78499 6.38333 -6.7877 -4.36698 6.81908 -4.6213 -3.12135 
6.17999 -6.33171 -3.69054 6.99004 -2.9469 -2.84845 6.23621 -5.22971 -3.02315 
5.58122 -6.3149 -3.31455 6.49777 -3.6976 -2.66675 5.28696 -5.51551 -2.67555 
5.73513 -4.6415 -2.52095 6.7008 -2.03373 -2.61705 6.71657 -0.799925 -2.79135 
5.49905 -4.04361 -2.21485 4.88264 -4.51131 -2.08255 6.13053 -2.44508 -2.27265 
5.67409 -3.00571 -2.07445 4.94711 -3.2534 -1.73755 4.13362 -4.00581 -1.56395 
6.04319 -1.03725 -2.24505 5.53263 -1.81572 -1.87735 6.33498 -0.0840052 -2.66395 
5.10646 -2.2871 -1.63965 4.21765 -3.16941 -1.30305 4.53622 -2.24896 -1.25665 
3.4943 -2.91838 -0.69355 5.30546 -0.743305 -1.74375 4.95624 -1.11346 -1.45565 
4.01649 -2.01122 -0.75685 5.52545 -0.0841048 -2.01625 3.32636 -2.32366 -0.0418503 
4.35318 -1.15895 -0.90695 3.73538 -1.34516 -0.0433495 4.52878 -0.298665 -1.06895 
5.81484 0.605365 -2.47025 4.83754 0.483275 -1.54195 4.08503 -0.0843051 -0.47825 
3.83484 -0.178185 0.21905 5.22892 0.861815 -2.04655 6.1154 1.22107 -3.01075 
4.32895 0.773905 -1.04645 3.75263 0.736145 0.66445 3.85763 1.05975 -0.33715 
4.61526 1.40194 -1.66095 3.43572 1.85096 0.68825 3.42931 1.91619 0.09955 
3.62039 1.8998 -0.48845 3.9735 1.82161 -1.08505 5.122 1.56899 -2.26955 
2.81564 2.91916 0.55185 2.94741 2.90726 -0.30525 3.28193 2.79012 -0.85625 
1.82707 3.91304 0.67795 2.24221 3.60156 -0.12925 4.05096 2.37655 -1.60975 
2.39521 3.77209 -0.90765 4.64539 2.32061 -2.25405 3.12374 3.3789 -1.40645 
5.28368 2.1175 -2.76275 5.71069 2.1186 -3.17365 3.83461 3.10188 -2.02485 
6.15224 2.27461 -3.71814 4.65018 2.9646 -2.78685 4.20045 3.42541 -2.75975 
5.22742 3.05228 -3.44295 2.48253 4.16014 -1.72545 3.62191 3.71738 -2.46325 
3.05262 3.97067 -2.12565 5.96556 3.08864 -4.19941 6.57495 3.28799 -4.98095 
4.53636 3.90095 -3.62999 3.63275 4.1916 -3.07595 5.7053 3.72845 -4.56044 
2.53184 4.56893 -2.46635 5.93419 4.16147 -5.1151 2.91324 4.68914 -3.06485 
4.84359 4.34598 -4.42223 3.48348 4.80751 -3.79756 5.10195 4.904 -5.13671 
5.79496 5.14775 -5.62023 4.10783 4.89894 -4.44815 6.08272 6.34703 -5.89121 
5.32737 6.26682 -5.82141 4.18239 5.5212 -5.136 4.66273 6.06283 -5.63833 
5.70933 7.43773 -5.73577 4.72422 6.98126 -5.84188 5.05875 8.15483 -5.67131 
3.3516 5.44476 -4.50262 4.24973 7.91348 -5.96162 3.6908 7.04301 -5.92504 
3.12306 5.91471 -4.96162 3.30612 6.55814 -5.60097 3.39942 7.82703 -6.12938 
2.55954 7.4577 -6.02724 2.44155 6.25084 -4.98708 2.37949 5.61504 -4.07518 
2.1461 6.91888 -5.56704 2.35792 5.1506 -3.28715 1.52477 7.86368 -6.15109 
1.50501 7.12009 -5.54354 1.65742 6.434 -4.80995 0.691078 8.05591 -6.12141 
0.925658 7.28951 -5.51254 0.943228 6.70699 -4.84138 0.128857 7.73876 -5.72837 
1.31929 6.14061 -4.17586 1.64518 5.72475 -3.68288 0.224768 7.11159 -5.11729 
0.453917 6.36413 -4.15763 -0.640152 6.97154 -4.95905 -0.217242 6.55065 -4.3524 
1.69088 5.24168 -2.85755 1.02724 5.72799 -3.29145 0.376828 5.99111 -3.51795 
-0.923013 6.35525 -4.36654 -0.601972 6.06614 -3.78991 1.66761 4.95353 -2.29705 
0.873247 5.41827 -2.63015 0.0821174 5.56652 -2.73345 1.75429 4.61591 -1.73145 
-1.40221 5.70046 -4.05658 -0.731273 5.62888 -3.16725 0.707638 5.18837 -2.12415 
0.660568 5.00944 -1.72925 1.52425 4.43139 -1.08075 -0.569203 5.24483 -2.31145 
-1.48349 5.17051 -3.35035 0.578368 4.74746 -1.04705 -0.236492 4.95674 -1.44475 
1.32589 4.23595 -0.21645 -1.40477 4.87665 -2.53825 -1.1944 4.78322 -1.85585 
-0.155042 4.64719 -0.41165 0.350417 4.50904 0.26655 -1.24486 4.59129 -1.32995 
-1.17033 4.4815 -0.66945 -0.686492 4.61467 0.69685 -1.99892 4.35934 -2.98335 
-1.35752 4.37612 0.0242498 -2.04423 4.11953 -2.26915 -2.01159 3.97825 -1.00355 
-1.98513 4.19378 0.72645 -2.21304 3.83361 -1.66885 -2.35438 3.70714 -0.26585 
-2.90727 3.3705 0.44705 -2.65177 3.26902 -1.20715 -3.04797 2.78744 -0.65875 
-3.50277 2.49434 0.33095 -2.45626 3.58637 -2.66195 -3.47967 2.11401 -0.31855 
-3.91297 1.11784 0.0115497 -2.99377 2.62064 -1.79425 -3.31427 2.07732 -1.24105 
-2.74397 3.05522 -2.31455 -3.63747 1.36307 -0.82405 -3.90317 0.254155 -0.57825 
-3.72947 0.608025 -1.32265 -3.52787 1.19026 -1.82445 -3.29587 1.78853 -2.25855 
-3.73357 0.0636551 -2.07685 -3.54027 0.808065 -2.62745 -3.05967 2.31231 -2.82855 
-3.67977 0.049225 -2.98275 -3.39887 1.22576 -3.07625 -3.54997 0.476005 -3.72108 
-2.88157 2.72701 -3.40405 -3.24247 1.6527 -3.60931 -2.54487 3.49389 -3.35605 
-3.11457 2.01259 -4.15233 -3.33027 1.22154 -4.49504 -3.51157 0.489075 -4.69448 
-1.95965 4.69223 -3.73169 -2.39435 3.90047 -3.83678 -2.84247 2.85204 -4.2331 
-3.24587 1.52005 -5.12355 -3.01077 2.37941 -4.94605 -3.39777 0.917235 -5.67052 
-2.67127 3.38418 -4.57286 -3.08757 2.18019 -5.62079 -3.46457 0.861175 -6.43907 
-3.23547 1.7812 -6.22745 -2.55963 3.81209 -4.90753 -2.87647 2.99256 -5.56368 
-2.12868 4.71608 -4.46249 -3.32027 1.93227 -6.88496 -2.71997 3.66369 -5.66628 
-3.02317 2.88284 -6.3802 -2.42419 4.32881 -5.11995 -1.81388 5.35716 -4.43636 
-2.27269 4.92299 -5.27895 -3.49847 2.29942 -7.57241 -3.16287 3.23609 -7.0848 
-2.89057 3.85044 -6.55668 -2.62031 4.40884 -6.00012 -2.00014 5.55818 -5.13754 
-1.49511 6.19025 -4.78035 -2.37017 5.31792 -5.84728 -2.77767 4.78399 -6.60207 
-1.85126 6.45219 -5.46523 -2.2773 5.91619 -5.91122 -1.34862 6.98464 -5.31413 
-0.706183 7.61193 -5.54743 -2.58621 5.77637 -6.42167 -2.15609 6.69615 -5.96972 
-0.428672 8.1586 -5.98903 -0.297033 8.73549 -6.39243 -1.37197 7.85152 -5.88645 
-1.96847 7.66654 -6.04653 -1.25993 8.90882 -6.3203 -2.60159 6.8449 -6.4732 
-2.0716 8.64616 -6.29164 -2.00489 9.61522 -6.55411 -2.70557 7.73762 -6.47573 
-2.74017 9.20595 -6.44255 -2.86117 8.53722 -6.46982 -2.83157 10.0859 -6.53191 
-3.60387 10.4068 -6.45476 -3.53327 9.42307 -6.45222 -2.92327 5.73905 -6.9154 
-3.32167 7.89417 -6.73942 -3.74627 8.81555 -6.58425 -3.27517 6.99172 -6.96764 
-4.45017 10.1468 -6.30776 -4.24707 8.37772 -6.79232 -4.67257 9.4261 -6.42014 
-3.92247 7.3082 -7.16186 -3.19317 4.86088 -7.3513 -3.40087 5.71516 -7.43859 
-3.22437 4.0527 -7.38539 -3.65197 6.3383 -7.42964 -3.48747 3.51529 -7.75532 
-3.69107 5.2496 -7.79098 -3.76837 4.36797 -8.02165 -3.77777 2.89442 -8.11719 
-4.14957 4.89596 -8.16674 -4.35217 5.61994 -8.01711 -4.19237 3.62727 -8.4537 
-4.47257 6.42591 -7.70286 -4.62847 7.38232 -7.28709 -4.60367 4.1662 -8.54603 
-4.84097 5.02052 -8.3575 -5.07287 8.77211 -6.64384 -5.28867 8.08066 -6.9663 
-5.31607 7.14649 -7.43458 -5.31967 6.06436 -7.96128 -5.55117 9.94172 -6.1524 
-5.89757 8.03435 -6.9154 -6.01307 8.9382 -6.44449 -5.95487 7.08683 -7.40217 
-6.36817 9.7732 -6.03284 -5.73387 5.49197 -8.19603 -6.56157 8.35835 -6.60613 
-7.11987 9.91389 -5.80757 -7.12677 8.92301 -6.17594 -6.72887 7.60218 -6.94992 
-7.82477 9.83644 -5.631 -6.30287 6.23045 -7.75615 -8.11967 9.00329 -5.83188 
-8.78387 9.63663 -5.4326 -7.86117 8.30062 -6.20892 -7.46577 7.72191 -6.63336 
-7.08097 6.82938 -7.21567 -9.05147 8.77046 -5.61264 -8.67277 7.91133 -6.06048 
-8.07837 7.10821 -6.66424 -9.50847 7.71681 -5.80175 -7.03097 6.06919 -7.60262 
-9.05167 6.90557 -6.28593 -7.84867 6.00746 -7.26553 -8.31097 6.17288 -6.96043 
-7.30437 5.59645 -7.69921 -8.83637 6.31987 -6.62286 -9.86677 6.7027 -5.98355 
-6.02637 4.89212 -8.39488 -6.65427 5.06076 -8.17361 -9.36377 5.75991 -6.54557 
-8.04477 5.09039 -7.53594 -5.36067 4.29632 -8.65071 -7.31787 4.76676 -8.02146 
-8.76767 5.21923 -7.07695 -10.0655 5.53312 -6.24802 -9.48417 4.83533 -6.77715 
-6.22637 3.79085 -8.71469 -6.95857 3.91326 -8.45528 -8.76287 4.3729 -7.35984 
-7.84117 4.02079 -8.00228 -4.93787 3.28258 -8.84442 -5.63737 3.18094 -8.9529 
-4.43677 2.50822 -8.71214 -4.13887 1.94982 -8.45062 -5.13847 2.21784 -9.0333 
-6.88757 2.99364 -8.71889 -3.89497 1.41938 -8.05761 -6.00667 2.38254 -9.05949 
-4.75287 1.34127 -8.86923 -7.69307 3.05007 -8.3362 -6.66337 2.26422 -8.9353 
-8.26247 3.49603 -7.91438 -5.57157 1.42595 -9.12799 -6.27447 1.37845 -9.10058 
-7.35197 2.07281 -8.68778 -6.27887 0.690055 -9.08699 -8.84707 3.26928 -7.61262 
-6.94967 0.936505 -8.93612 -8.19717 2.23753 -8.22067 -9.52637 3.96413 -7.00271 
-7.59547 1.2808 -8.65032 -10.2484 4.5142 -6.43463 -11.0159 5.11249 -5.92637 
-9.61067 3.08888 -7.16478 -11.0928 4.32694 -6.07339 -10.3145 3.61571 -6.61729 
-8.97337 2.31447 -7.72956 -11.3645 3.5479 -6.11819 -8.51107 1.4714 -8.13913 
-10.5931 2.89239 -6.61923 -9.81657 2.24673 -7.19928 -10.6734 2.15883 -6.70563 
-11.399 2.37455 -6.30767 -7.85047 0.555105 -8.56137 -9.51357 1.29865 -7.52091 
-10.5841 1.54017 -6.83797 -9.09567 0.709605 -7.83424 -11.8558 1.43549 -6.25208 
-10.132 0.967595 -7.16903 -8.44167 0.413625 -8.24124 -11.0496 1.0199 -6.65625 
-10.4123 0.269735 -7.05183 -11.9005 0.379645 -6.33926 -11.0816 0.223125 -6.70503 
-9.60607 0.0282852 -7.53959 -12.135 -0.286505 -6.30737 -10.0411 -0.437785 -7.28732 
-11.0504 -0.645615 -6.75443 -8.69317 -0.378765 -8.09085 -10.1737 -1.08414 -7.20333 
-11.7526 -1.34787 -6.47577 -9.47787 -0.924465 -7.60866 -10.5473 -1.79713 -6.98517 
-9.37547 -1.70426 -7.62021 -8.61667 -1.44566 -8.05694 -7.99877 -0.963525 -8.4148 
-7.05457 0.0725948 -8.87741 -7.29937 -0.697815 -8.72195 -7.60907 -1.80155 -8.42922 
-6.05787 -0.098595 -9.00341 -5.28897 0.453025 -8.98176 -6.64827 -1.00178 -8.80791 
-4.40857 0.599255 -8.4793 -5.90107 -0.968395 -8.79588 -5.24477 -0.540985 -8.72151 
-6.48227 -1.79317 -8.59619 -3.64907 0.961105 -7.34068 -4.65477 -0.522975 -8.32282 
-4.01357 0.230095 -7.7998 -4.14247 -0.456345 -7.59684 -3.70947 0.207245 -6.91082 
-5.52547 -1.79867 -8.37117 -4.92597 -1.46941 -8.11604 -4.48297 -1.29388 -7.63163 
-3.59557 0.172135 -5.97048 -3.83587 -0.471145 -6.4762 -4.09167 -1.07049 -6.79699 
-5.97887 -2.39753 -8.28994 -4.69117 -1.93813 -7.45131 -3.69647 -0.252855 -5.24558 
-4.12407 -1.41321 -6.31389 -3.90237 -0.916115 -5.74025 -5.24057 -2.58424 -7.7257 
-4.63407 -2.26304 -6.9979 -3.71057 -0.309055 -4.32889 -3.89527 -1.01958 -5.04541 
-4.19107 -1.78074 -5.87332 -4.48337 -2.33074 -6.3903 -3.78337 -0.617255 -3.74415 
-4.12587 -1.80646 -5.24845 -3.94037 -1.32566 -4.37946 -4.34787 -2.41429 -5.50915 
-4.08027 -2.06129 -4.32837 -4.66987 -2.93541 -6.1532 -4.36317 -2.80859 -4.98785 
-5.06897 -3.06331 -7.08142 -4.78777 -3.46701 -5.84445 -4.66587 -3.67021 -5.29158 
-5.14367 -3.7209 -6.54868 -6.22217 -3.0299 -8.08572 -6.98437 -2.46184 -8.37332 
-5.76807 -3.6423 -7.49285 -5.10437 -4.4099 -5.85625 -5.52387 -4.25931 -6.76661 
-7.64337 -2.69298 -8.19963 -7.36707 -3.4617 -8.01356 -5.96717 -4.75781 -6.97439 
-6.98387 -3.96491 -7.83374 -6.64087 -4.3319 -7.61557 -5.62497 -5.16711 -6.34647 
-8.77017 -2.3131 -7.86154 -8.26117 -2.976 -7.94724 -6.76167 -4.9731 -7.39651 
-8.03497 -4.09501 -7.72018 -6.56797 -5.57311 -7.03958 -7.52667 -5.0621 -7.4808 
-8.95997 -3.4705 -7.57698 -9.95647 -2.20552 -7.26143 -8.41757 -4.4469 -7.56599 
-9.64057 -2.83305 -7.36009 -11.2328 -2.09571 -6.66736 -10.4417 -2.93771 -6.96713 
-9.72967 -3.8531 -7.19048 -11.2629 -2.9794 -6.6327 -12.0273 -2.89209 -6.4028 
-10.4926 -3.8349 -6.87643 -11.243 -3.70811 -6.60919 -9.25407 -4.75511 -7.23388 
-12.0303 -3.84011 -6.38944 -11.197 -4.4596 -6.58626 -8.55517 -5.35121 -7.30121 
-10.2635 -4.94901 -6.85022 -12.1489 -4.81881 -6.34644 -11.169 -5.2075 -6.54879 
-9.56557 -5.692 -6.98121 -11.5831 -5.85171 -6.40567 -10.4076 -5.8727 -6.70429 
-10.9243 -6.52041 -6.507 -7.81177 -6.0769 -7.19294 -8.87587 -6.39311 -7.01851 
-9.84687 -6.76691 -6.74137 -6.69487 -6.2898 -6.84526 -10.321 -7.3706 -6.55326 
-11.2853 -7.6199 -6.34244 -8.85057 -7.2013 -6.85694 -7.81027 -6.874 -6.97673 
-5.96647 -5.98681 -6.41481 -9.45747 -7.81611 -6.6621 -10.3057 -8.3542 -6.4397 
-7.15867 -7.2503 -6.82269 -8.17217 -7.796 -6.78427 -11.0075 -9.1588 -6.25038 
-8.80707 -8.483 -6.63292 -9.69687 -8.9211 -6.46269 -10.0032 -9.9169 -6.29515 
-7.61797 -8.297 -6.68665 -9.04517 -9.5216 -6.46338 -10.7218 -10.6807 -6.13282 
-8.40647 -9.5352 -6.52221 -9.15627 -10.4477 -6.32154 -7.84957 -8.9731 -6.61685 
-9.72067 -11.1811 -6.16335 -10.078 -11.6292 -6.07905 -8.76217 -11.1529 -6.28109 
-8.22207 -10.6134 -6.43122 -8.46627 -11.8027 -6.25195 -7.60627 -9.9186 -6.57699 
-7.69717 -11.2972 -6.51066 -7.00477 -11.6141 -6.85218 -6.96067 -10.651 -6.80893 
-6.76767 -8.3322 -6.61716 -6.73637 -9.2345 -6.64263 -6.56657 -7.52021 -6.58213 
-6.26427 -9.9606 -6.97154 -6.03487 -6.84841 -6.33202 -5.68477 -9.5132 -6.96331 
-5.88917 -8.7255 -6.54611 -5.04277 -9.5921 -7.459 -5.72657 -8.1901 -6.30108 
-5.15857 -9.10131 -6.80171 -5.46097 -7.56411 -5.95971 -5.04647 -8.3723 -6.1549 
-4.35117 -9.0106 -7.00233 -5.56027 -6.7174 -5.90416 -4.42417 -8.6277 -6.27925 
-3.69707 -8.6817 -6.53274 -4.46157 -8.1277 -5.73155 -4.76497 -7.5356 -5.43716 
-3.58357 -8.39141 -5.82049 -5.38587 -5.7826 -5.77758 -5.05777 -6.48741 -5.34355 
-3.82257 -7.94811 -5.19536 -4.48107 -6.99441 -4.88901 -4.98647 -5.07501 -5.33401 
-3.77057 -7.35261 -4.51425 -4.74537 -5.4694 -4.87172 -4.37357 -6.17651 -4.45802 
-3.83967 -6.669 -4.08927 -4.66167 -4.37091 -4.9258 -4.32777 -5.28511 -4.23865 
-3.78007 -5.74071 -3.60266 -4.37547 -3.4069 -4.57756 -4.19717 -4.48791 -3.98331 
-3.93827 -5.1255 -3.6381 -3.44497 -6.21621 -3.43685 -4.20357 -3.88981 -4.01354 
-4.12877 -2.82766 -4.00722 -3.42227 -5.1899 -2.95905 -3.92107 -3.37651 -3.29975 
-3.64937 -4.2532 -2.93315 -3.94157 -2.55122 -3.28355 -3.89587 -1.44741 -3.38305 
-3.79687 -0.664355 -2.85535 -3.87097 -1.89366 -2.76645 -3.70777 -3.2828 -2.64445 
-3.82527 -1.03613 -2.24615 -3.84107 -0.411195 -1.35075 -3.71427 -2.37894 -2.03235 
-3.78207 -1.66781 -1.66775 -3.82407 -1.19741 -1.22945 -3.91227 -0.853295 -0.51695 
-3.49067 -3.3854 -2.08045 -3.72547 -1.84021 -0.62425 -3.46747 -2.79661 -1.29375 
-3.42627 -2.62219 -0.13285 -3.16977 -4.42081 -2.19535 -3.18957 -3.23611 -0.92885 
-3.12907 -3.76431 -1.56105 -2.80727 -3.6007 -0.41535 -2.90137 -3.34701 0.32575 
-2.73107 -4.2665 -1.35305 -2.90327 -5.12571 -2.30215 -2.19157 -3.9733 0.24705 
-2.1252 -4.242 -0.38425 -2.38346 -4.83421 -1.51905 -1.89274 -4.83271 -1.01365 
-1.21303 -4.33411 0.54625 -2.48958 -5.58271 -2.18845 -1.15846 -4.76111 -0.43405 
-1.55241 -5.5616 -1.54475 -2.77577 -6.27161 -2.89215 -0.977252 -5.3535 -1.09195 
-3.03627 -6.8683 -3.52205 -1.6936 -6.13141 -2.09535 -2.11159 -6.4218 -2.55275 
-2.79427 -7.37781 -3.84037 -3.02127 -7.74921 -4.45732 -3.02677 -8.2591 -5.38826 
-2.11613 -7.2363 -3.32285 -2.17043 -7.84701 -4.20243 -1.46114 -6.7448 -2.54045 
-2.24105 -8.10701 -4.82491 -2.36164 -8.3643 -5.76319 -1.79383 -8.248 -5.24212 
-1.48369 -7.7813 -3.85675 -1.00956 -7.4259 -3.17905 -0.883682 -6.94111 -2.57985 
-1.07284 -8.16171 -4.89204 -0.799492 -6.4132 -2.04855 -0.569342 -7.88781 -3.90414 
-0.247032 -7.46301 -3.09175 -0.335252 -5.8002 -1.41005 -0.264413 -5.17431 -0.78155 
-0.282082 -4.58501 0.0926502 0.0781177 -6.3163 -1.85575 0.180787 -6.9703 -2.48565 
0.683957 -4.26001 0.51745 0.650667 -4.75221 -0.41835 0.605508 -5.60761 -1.26965 
1.70299 -3.7738 0.49845 2.67334 -2.9764 0.392051 1.63146 -4.4119 -0.46915 
2.55382 -3.5173 -0.23965 1.48703 -5.13491 -1.07755 2.45069 -4.32451 -0.86785 
1.03459 -6.3255 -1.93125 3.31156 -3.9487 -1.10615 1.61714 -5.8164 -1.64465 
2.48411 -5.0727 -1.39285 3.1757 -4.73 -1.46385 2.2406 -5.55761 -1.62615 
1.46185 -6.62801 -2.25315 3.3681 -5.5003 -1.94455 4.18537 -4.88851 -1.94485 
2.47615 -6.25981 -2.17535 1.76466 -6.959 -2.60315 1.06731 -7.4028 -3.00655 
4.31387 -5.7763 -2.42685 3.51405 -6.26151 -2.45875 0.493267 -7.71221 -3.45705 
2.84098 -6.87911 -2.76895 2.16415 -7.33641 -3.08445 0.287298 -8.0003 -4.22377 
3.67131 -6.9441 -3.06385 1.11318 -7.93981 -4.1132 -0.238602 -8.1089 -4.70846 
1.99568 -7.80471 -3.88307 2.98019 -7.54371 -3.59735 4.74261 -6.52901 -3.07845 
0.494267 -8.0871 -5.00595 3.65451 -7.54721 -3.86635 1.77995 -7.9808 -4.76316 
1.11045 -8.03251 -5.03106 4.44966 -7.2638 -3.73561 2.72219 -7.87801 -4.54917 
-0.512112 -8.1621 -5.66575 3.63955 -7.75411 -4.526 0.358718 -8.0454 -5.75117 
1.49824 -7.92841 -5.60503 2.47738 -7.88151 -5.32259 5.2745 -7.2644 -4.24246 
4.60273 -7.62011 -4.93149 3.52793 -7.7756 -5.26454 0.975747 -7.87421 -6.10623 
5.98659 -7.26351 -5.13825 4.07552 -7.6543 -5.63933 3.04815 -7.7013 -5.86421 
5.32434 -7.46211 -5.60818 2.40579 -7.70571 -6.06275 6.1115 -7.235 -6.21044 
4.44736 -7.4633 -6.25956 5.08008 -7.36951 -6.37525 3.67498 -7.42501 -6.5345 
5.44846 -7.1711 -6.90668 3.01552 -7.48731 -6.52315 6.11345 -6.9942 -7.25843 
4.13286 -7.1773 -7.0701 4.79987 -6.9393 -7.55315 1.52118 -7.69391 -6.41613 
3.10217 -7.18481 -7.15006 2.07069 -7.4757 -6.76594 3.74085 -6.77901 -7.85093 
2.3141 -7.02051 -7.5778 2.80141 -6.6675 -8.09239 1.49313 -7.37441 -7.14789 
1.33513 -7.08271 -7.737 1.7363 -6.61601 -8.3901 0.396377 -7.79301 -6.67119 
0.634857 -7.49791 -7.23944 0.518987 -7.13191 -7.9923 0.845147 -6.70101 -8.57772 
-0.0910427 -7.51251 -7.60881 -0.628893 -8.0665 -6.47194 -0.379392 -7.85531 -7.00642 
-1.44886 -8.2817 -5.98366 -1.00614 -8.0197 -7.03445 -0.193662 -7.0545 -8.54441 
-0.921562 -7.8311 -7.50419 -1.74205 -8.2913 -6.55963 -0.678292 -7.4934 -8.07314 
-1.63069 -8.133 -7.36801 -2.78187 -8.518 -6.43064 -2.20602 -8.3789 -7.03609 
-1.62752 -7.87221 -8.13831 -1.28004 -7.5326 -8.54462 -3.02367 -8.655 -7.14266 
-2.23474 -8.2024 -7.9697 -0.948372 -7.15451 -9.01012 -2.94757 -8.5558 -7.9041 
-1.89187 -7.70081 -8.94248 -3.78587 -8.9341 -7.46377 -2.47198 -8.0142 -9.04405 
-2.85057 -8.3504 -8.69598 -3.78807 -8.97721 -8.09474 -2.31856 -7.7118 -9.71833 
-3.39237 -8.6847 -8.8191 -3.04357 -8.2634 -9.69939 -3.76907 -8.93451 -9.25434 
-4.60977 -9.4932 -7.93985 -3.59737 -8.7437 -9.83665 -4.17417 -9.2838 -8.71777 
-2.84457 -7.95081 -10.6476 -3.59747 -8.7602 -10.5228 -4.21857 -9.4684 -9.71972 
-3.93357 -9.3724 -10.8002 -4.63247 -9.8322 -8.98814 -5.03067 -10.0543 -8.34583 
-4.36267 -9.9783 -10.2596 -4.69937 -10.3302 -9.65354 -5.02357 -10.5358 -9.00509 
-5.78177 -10.4299 -7.56439 -5.48037 -10.8906 -8.37635 -5.85327 -11.0548 -7.88726 
-5.19197 -11.2755 -9.15879 -4.50167 -10.7209 -10.5059 -4.85267 -11.1239 -9.83968 
-5.66227 -11.6298 -8.37998 -6.29737 -11.6391 -7.50404 -5.40167 -12.0372 -8.88645 
-4.88827 -11.9829 -9.8835 -2.22998 -7.46441 -10.4146 -1.52919 -7.18831 -9.70324 
-1.51029 -6.8965 -10.5738 -0.472832 -6.73591 -9.38081 -0.770103 -6.63491 -9.98055 
0.0868877 -6.60261 -9.16267 -0.993733 -6.5278 -10.722 -0.456702 -6.18251 -10.8534 
0.211228 -6.15721 -10.0032 0.897628 -6.3621 -9.11146 0.402637 -5.74641 -10.9321 
1.10066 -5.93671 -9.80863 1.95711 -6.11851 -9.15394 1.28887 -5.5481 -10.5808 
2.1283 -5.53871 -10.1564 2.6917 -5.9626 -9.26435 3.44011 -6.3466 -8.5739 
3.0328 -5.6304 -9.81528 4.49978 -6.52261 -8.32449 3.89489 -6.0172 -9.12106 
2.70827 -5.1964 -10.7042 5.45776 -6.6281 -8.20112 4.93278 -6.13971 -9.03377 
6.50343 -6.6682 -8.07779 3.92512 -5.48661 -10.0497 4.59628 -5.74601 -9.65946 
6.07123 -6.32801 -8.83774 5.77877 -5.9063 -9.59774 6.88342 -6.2132 -9.10357 
3.74206 -5.11711 -10.8191 5.29336 -5.4807 -10.2652 7.37401 -5.95041 -9.59544 
4.70244 -5.14881 -10.7843 6.44658 -5.60181 -10.2533 7.35841 -5.5868 -10.3021 
5.48968 -5.08071 -11.0535 7.59097 -5.1534 -11.0531 6.77938 -5.15531 -11.0821 
6.28527 -5.02331 -11.2776 7.50889 -4.69041 -11.8382 5.5421 -4.73311 -11.7597 
6.87129 -4.5867 -12.0893 6.37575 -4.5005 -12.2524 5.70965 -4.45501 -12.3535 
7.59399 -4.0404 -12.8789 4.44578 -4.70071 -11.7462 6.77109 -4.046 -13.0903 
7.62008 -3.4098 -13.8989 5.4908 -4.20651 -12.9866 6.22133 -3.8749 -13.6287 
6.57974 -3.6485 -14.0933 6.99467 -3.2841 -14.5178 5.36298 -4.0068 -13.6956 
4.53582 -4.433 -12.4894 5.68503 -3.7337 -14.6496 4.6511 -4.12511 -13.9609 
4.22203 -4.3121 -13.1455 3.47595 -4.6592 -11.9894 3.46816 -4.49071 -12.7743 
2.88002 -4.87221 -11.5036 3.80026 -4.44741 -14.3584 3.36845 -4.49231 -13.6175 
1.92827 -5.10911 -11.3596 2.27589 -4.85311 -12.0543 2.50025 -4.7335 -12.6528 
2.67767 -4.70661 -13.4777 3.12467 -4.9259 -14.6685 1.29978 -5.2145 -11.7748 
1.60907 -5.02951 -12.4441 1.99374 -5.04911 -13.6979 1.54701 -5.10731 -13.1206 
0.690058 -5.47071 -11.6535 0.744858 -5.40191 -12.4485 2.04723 -5.36221 -14.326 
1.0031 -5.51831 -13.5458 0.541218 -5.577 -12.9457 -0.164452 -5.87911 -11.7543 
0.846058 -5.8669 -13.9768 1.83019 -6.02681 -14.866 1.12099 -6.12631 -14.4792 
-0.257272 -5.964 -12.4966 0.0416673 -6.09571 -13.4632 0.688887 -6.69181 -14.6267 
0.0656775 -6.63581 -14.1553 -1.09095 -6.46001 -11.5844 -0.669052 -6.45101 -13.1056 
-1.02531 -6.48231 -12.4436 -1.55269 -6.8767 -12.2939 -0.771003 -7.13291 -13.8798 
-1.93567 -7.0973 -11.3773 -1.29588 -7.06321 -13.2072 -1.99294 -7.3634 -12.4978 
-2.48553 -7.6169 -11.6165 -2.00626 -7.72991 -13.0621 -2.63052 -7.98051 -12.2446 
-3.13557 -8.3219 -11.3438 -1.27073 -7.85541 -13.9868 -2.90017 -8.4104 -12.289 
-2.12593 -8.3182 -13.4478 -3.48737 -8.97161 -11.586 -2.84917 -8.8832 -12.8746 
-3.36047 -9.3518 -12.2784 -4.07217 -10.014 -11.1544 -3.77627 -9.7703 -11.7018 
-1.84772 -8.7357 -13.9567 -2.52688 -9.22141 -13.4601 -3.16657 -9.759 -12.8242 
-3.80797 -10.4895 -11.9504 -4.17817 -10.9484 -11.3146 -4.42857 -11.5898 -10.8327 
-4.52367 -12.3119 -10.5638 -3.24037 -10.4122 -12.8751 -3.73367 -11.1303 -12.1538 
-4.00997 -11.9567 -11.5826 -2.60357 -9.9291 -13.5588 -3.61847 -11.64 -12.3029 
-3.18037 -10.995 -12.9635 -3.56887 -12.3605 -12.1986 -3.25147 -11.5383 -12.8308 
-2.01371 -9.4913 -14.0314 -2.49161 -10.4616 -13.724 -3.04607 -12.151 -12.956 
-2.56564 -11.3286 -13.6186 -2.92517 -12.9591 -12.8501 -2.34629 -12.0436 -13.7095 
-1.69956 -10.1148 -14.338 -2.23385 -12.8822 -13.5863 -1.83468 -10.9882 -14.2492 
-1.04531 -8.3953 -14.4173 -1.27603 -9.2061 -14.4956 -1.76905 -12.2353 -14.1343 
-1.41318 -12.9703 -14.2264 -1.17251 -11.2623 -14.6587 -1.05055 -10.4254 -14.7486 
-1.06061 -11.8974 -14.6577 -0.630782 -12.6206 -14.811 -0.645032 -13.461 -14.6692 
-0.174362 -14.0622 -14.8908 -0.0621025 -13.3413 -15.0603 -0.170413 -11.9725 -15.117 
0.319348 -12.581 -15.3251 -0.358792 -11.0043 -15.0866 0.234648 -11.2812 -15.3331 
0.777767 -11.9718 -15.5504 -0.630892 -9.5489 -14.9045 -0.224713 -10.191 -15.1401 
0.941778 -11.1266 -15.6056 0.505647 -10.4648 -15.4351 1.46267 -11.3821 -15.8072 
-0.505812 -8.6179 -14.8062 -0.0303223 -8.9931 -15.1029 0.462807 -9.5724 -15.3659 
-0.190713 -7.5714 -14.6 1.07407 -10.0047 -15.6086 0.0439575 -8.0784 -14.9199 
0.738208 -8.8648 -15.3861 0.663498 -8.3434 -15.2629 1.97156 -10.4224 -15.9243 
0.572148 -7.2532 -14.8735 1.68673 -9.7539 -15.786 1.46497 -9.1826 -15.6695 
1.10826 -7.74101 -15.2887 1.73088 -8.6565 -15.6892 2.34185 -9.53481 -15.9717 
1.89565 -8.0572 -15.6608 2.72612 -8.8987 -16.0476 1.61544 -6.91921 -15.2406 
2.60322 -8.3412 -15.9532 2.26504 -7.23131 -15.6329 2.86598 -7.58351 -15.9721 
3.47176 -8.0788 -16.3015 2.55707 -6.37421 -15.4968 2.54995 -5.7168 -15.1048 
3.05462 -6.48101 -15.8178 3.45114 -6.93841 -16.1728 3.97382 -7.20221 -16.5414 
3.32842 -5.6557 -15.604 3.86075 -6.06191 -16.2376 3.68008 -5.16021 -15.5268 
4.04109 -4.7448 -15.3684 4.40066 -6.73101 -16.8529 4.40065 -5.92781 -16.6921 
4.4128 -5.30191 -16.3982 4.60758 -4.24921 -15.0843 4.82351 -4.4345 -15.9372 
5.48694 -3.76971 -15.3143 4.92132 -4.6971 -16.6083 4.87296 -5.61501 -17.1403 
5.40489 -3.89611 -16.1715 6.47606 -3.22281 -15.2763 7.41917 -2.7195 -15.2209 
6.12625 -3.2605 -16.0325 6.9583 -2.64963 -15.9477 7.65043 -1.8747 -16.2789 
5.4782 -4.0038 -16.9398 5.95418 -3.3497 -16.7132 6.78916 -2.44932 -16.7118 
7.21285 -1.76684 -17.1187 6.19138 -3.0069 -17.3427 6.66143 -2.28459 -17.5611 
7.10983 -1.55507 -17.6935 5.23626 -4.84911 -17.3837 5.61292 -4.0595 -17.5498 
6.22588 -2.94111 -18.0039 6.61899 -2.17612 -18.3011 6.77761 -1.77842 -18.8587 
5.96441 -3.6734 -18.2375 6.41376 -2.86881 -18.9239 6.62673 -2.41017 -19.2889 
5.72507 -4.3881 -18.1742 5.45772 -5.1611 -17.9043 6.23684 -3.8271 -19.0357 
6.68512 -3.3461 -19.7327 5.86926 -4.8002 -18.5345 6.28562 -4.48231 -19.1749 
5.42305 -5.95781 -17.9046 6.87965 -4.13121 -19.9074 4.87368 -6.5749 -17.3127 
5.94932 -5.5685 -18.583 6.43347 -4.94381 -19.263 5.42245 -6.75841 -17.7798 
7.36955 -4.27391 -20.248 6.92891 -5.19301 -19.586 6.3624 -6.00231 -18.833 
4.27741 -7.83991 -16.7493 4.95309 -7.4708 -17.2538 6.00289 -6.67981 -18.2752 
5.64529 -7.45171 -17.7425 7.8461 -4.69021 -20.3292 6.77048 -6.39671 -18.9375 
7.13826 -5.9013 -19.3948 7.66166 -5.61891 -19.8001 8.17759 -5.2791 -20.1871 
6.66731 -6.98721 -18.5721 8.63127 -4.70731 -20.617 7.39112 -6.51841 -19.1972 
7.99724 -6.16851 -19.656 8.84354 -5.46291 -20.3341 9.36105 -4.94831 -20.7574 
8.64253 -5.9485 -20.0366 8.63126 -6.6696 -19.7112 7.64219 -7.11471 -19.0019 
8.04021 -7.05631 -19.2238 7.02025 -7.51601 -18.5023 6.29122 -7.64111 -18.0658 
8.36952 -7.44941 -19.2575 7.57722 -7.94041 -18.6187 6.97117 -8.4687 -18.1189 
5.94984 -8.342 -17.6308 5.30492 -8.2047 -17.3187 6.43024 -8.91951 -17.7262 
4.7599 -8.4922 -16.9562 3.64414 -8.8028 -16.4026 4.2556 -8.8771 -16.6684 
5.16694 -9.26991 -17.0706 6.04062 -9.4236 -17.4643 3.12731 -9.5725 -16.2353 
4.16056 -9.64351 -16.6209 5.38684 -9.98631 -17.1396 4.47351 -10.1567 -16.7623 
3.60938 -10.2947 -16.4528 2.85408 -10.4177 -16.2097 4.16536 -10.836 -16.7067 
2.14477 -11.2117 -16.0433 3.07156 -11.191 -16.3669 2.50551 -11.7046 -16.2267 
3.63589 -11.5006 -16.6178 1.67416 -12.2516 -15.9487 1.09641 -12.9736 -15.7132 
0.605058 -13.561 -15.4389 0.433768 -14.4595 -15.2746 2.35159 -12.4459 -16.2639 
1.3029 -14.0951 -15.8635 1.78199 -13.4076 -16.0939 1.03297 -14.8393 -15.6889 
3.07619 -12.3519 -16.554 1.87495 -14.4209 -16.2402 2.64444 -13.1927 -16.5093 
2.51494 -13.9845 -16.5657 2.24146 -14.9416 -16.5398 3.50748 -12.902 -16.8573 
3.90805 -12.1472 -16.8509 3.37349 -13.8532 -16.9971 2.92588 -15.038 -16.9778 
4.50676 -11.5128 -16.9492 4.18283 -12.7914 -17.1151 4.97609 -10.9011 -17.0201 
3.49668 -14.987 -17.2837 4.06648 -13.5371 -17.2534 4.74164 -12.2803 -17.2132 
4.08453 -14.5758 -17.4902 3.74332 -15.7625 -17.5158 4.60384 -13.5875 -17.4965 
5.70668 -10.2924 -17.2842 5.39748 -11.5377 -17.3157 5.20646 -12.7129 -17.532 
6.01204 -10.8244 -17.4767 6.63727 -9.9013 -17.7392 7.14839 -9.2541 -18.0738 
8.20151 -8.1225 -18.9634 6.07145 -11.6076 -17.6662 7.7987 -8.8751 -18.5478 
6.71461 -10.688 -17.8643 8.40307 -8.6314 -19.0282 7.65262 -9.7085 -18.4157 
7.36548 -10.2536 -18.2586 6.89724 -11.1823 -18.1014 8.34301 -9.6513 -19.0204 
6.09564 -12.2394 -17.8714 8.16722 -10.343 -18.9496 7.0222 -11.6504 -18.3243 
7.80095 -10.9619 -18.7708 6.46668 -12.5481 -18.2123 5.61516 -13.2818 -17.9149 
4.862 -14.1977 -17.7693 7.2205 -12.2864 -18.6878 7.68742 -11.854 -18.9355 
5.99228 -13.5754 -18.2185 5.43331 -14.1544 -18.0566 4.3414 -15.683 -17.7827 
4.75947 -15.0893 -17.8993 6.70037 -13.2118 -18.575 5.365 -15.0411 -18.1882 
4.85051 -16.2817 -18.0627 6.31032 -14.3473 -18.5836 5.42675 -16.4325 -18.3147 
5.8763 -15.5224 -18.4926 6.06252 -16.8703 -18.5143 6.61487 -15.2613 -18.8176 
6.56876 -16.2002 -18.7657 6.8981 -17.3649 -18.5992 7.004 -14.3387 -18.9844 
7.28178 -13.3217 -19.0109 7.39166 -16.4565 -18.9597 7.36126 -15.5879 -19.1275 
7.62663 -14.1906 -19.3189 7.69513 -14.9386 -19.3235 7.78231 -12.5992 -19.2239 
8.18911 -15.9568 -19.2761 7.89962 -13.5148 -19.4495 8.26327 -14.6206 -19.6054 
8.33156 -13.1704 -19.7078 8.80128 -15.5633 -19.5275 8.36411 -11.404 -19.424 
8.39301 -12.0909 -19.6145 8.96873 -14.6112 -19.8694 8.82936 -13.5371 -19.9998 
9.44136 -15.2195 -19.7596 8.87848 -12.5044 -20.0543 8.7331 -10.5965 -19.584 
8.90892 -11.6015 -19.9917 9.61579 -14.2065 -20.182 10.2956 -15.3881 -19.6438 
10.3792 -14.8785 -19.9507 9.77855 -13.3575 -20.4685 10.4446 -14.1319 -20.3415 
9.54993 -12.6357 -20.4876 11.3268 -14.6483 -19.8817 11.3982 -13.893 -20.3914 
10.7769 -13.2678 -20.7583 9.38999 -11.4308 -20.4028 10.121 -12.2764 -20.8549 
12.4051 -13.7969 -19.9996 11.8553 -13.3111 -20.6433 11.1906 -12.6555 -21.0466 
12.4427 -12.862 -20.7211 10.7288 -11.7659 -21.2444 11.7083 -12.1111 -21.3237 
9.97044 -11.1493 -20.868 9.32999 -10.5694 -20.2257 11.2808 -11.1844 -21.5904 
10.4931 -10.6802 -21.282 9.11642 -9.7683 -19.819 9.6855 -9.912 -20.5053 
10.1004 -9.939 -20.9506 8.88216 -8.96791 -19.456 9.50164 -9.0435 -20.1485 
9.24355 -8.22071 -19.8167 8.92963 -7.57011 -19.6153 10.6692 -9.7451 -21.4696 
10.1235 -9.00521 -20.8884 9.86409 -8.351 -20.499 9.54795 -7.64271 -20.1459 
9.39214 -6.86531 -20.1268 9.37121 -6.13821 -20.3261 10.1033 -7.57781 -20.7383 
9.99573 -6.82361 -20.6539 9.77944 -5.3319 -20.8177 10.4987 -8.0001 -21.2289 
10.1051 -5.6948 -20.9159 10.4039 -6.164 -21.0872 10.6483 -6.8908 -21.3336 
10.7746 -8.7737 -21.5738 10.7568 -5.48171 -21.4614 10.9783 -6.47351 -21.6863 
11.217 -5.2062 -21.9016 11.3294 -5.8811 -22.0379 11.0829 -7.61111 -21.8616 
11.4159 -6.65321 -22.1651 11.837 -5.60611 -22.5413 11.1669 -9.92331 -21.8066 
11.5371 -7.78371 -22.2835 11.3378 -8.80991 -22.0608 11.8908 -6.678 -22.6117 
12.5482 -6.089 -23.1037 12.0514 -8.0788 -22.591 12.3696 -7.24151 -22.8914 
11.647 -10.566 -21.8787 11.9282 -9.4171 -22.2722 13.1939 -6.80541 -23.2879 
12.909 -7.65091 -23.0181 12.6332 -8.7903 -22.6396 13.8196 -7.26081 -23.2177 
13.4606 -8.1775 -22.9087 12.5105 -10.1211 -22.1637 13.0434 -9.6896 -22.3239 
12.2684 -11.3062 -21.6649 13.4754 -9.2317 -22.4654 14.6544 -7.18621 -23.049 
14.1902 -8.295 -22.7033 13.6031 -10.0848 -21.9811 13.1863 -10.8578 -21.6978 
12.8607 -12.0778 -21.0804 14.3747 -9.2607 -22.0644 14.9872 -7.9631 -22.4162 
13.4047 -11.3652 -21.268 14.2491 -10.3274 -21.4038 15.6573 -7.12571 -22.3249 
15.0193 -8.8624 -21.7527 13.4393 -12.2893 -20.504 15.5409 -8.0432 -21.7239 
14.9343 -9.6303 -21.2039 14.2368 -11.1015 -20.7305 16.0191 -7.18531 -21.6533 
15.5741 -8.6102 -21.0385 14.9548 -10.1771 -20.5286 14.2247 -11.7103 -20.0373 
16.3689 -6.6787 -21.0585 16.0971 -7.485 -20.8347 14.7516 -10.8847 -19.9587 
15.5342 -9.11081 -20.3507 15.9693 -7.9778 -20.1716 16.3829 -6.58991 -20.2699 
15.4506 -9.41751 -19.6538 15.1371 -10.2075 -19.5345 16.4547 -5.7812 -19.7122 
16.1525 -7.0314 -19.596 15.7769 -8.4228 -19.5033 15.9268 -7.45631 -19.1088 
16.0784 -6.0361 -18.9281 15.8938 -5.20721 -18.4801 15.7691 -6.6192 -18.4436 
15.5063 -8.9349 -18.8667 15.5975 -8.2976 -18.6562 15.6339 -7.4675 -18.3754 
15.3267 -5.14251 -17.7235 15.389 -6.51551 -17.818 15.0317 -6.12081 -17.3452 
15.2997 -7.75091 -17.7925 15.0113 -7.23861 -17.2921 15.2887 -9.45741 -18.5806 
15.1887 -8.7041 -17.8251 14.7564 -8.11541 -16.9706 15.0006 -9.75031 -17.8956 
14.9558 -10.6354 -18.8706 14.8215 -9.2135 -17.247 14.4424 -8.9696 -16.5686 
14.8961 -10.4994 -18.1911 14.6701 -11.3229 -19.19 14.5671 -10.1225 -17.0286 
14.292 -9.7656 -16.4425 14.6412 -11.1852 -18.0735 14.4941 -11.0475 -17.3724 
14.1914 -12.1926 -19.249 14.4179 -11.8795 -18.4093 13.425 -12.9362 -19.8356 
13.9765 -10.482 -16.0827 14.2094 -11.3646 -16.8556 14.1605 -12.2732 -17.6829 
13.7623 -13.0599 -18.8469 13.8817 -11.6776 -16.3443 13.8782 -12.9832 -18.1575 
13.5406 -11.3385 -15.6338 13.8311 -12.3671 -16.6699 13.0606 -13.7918 -19.2881 
13.7097 -13.1345 -17.2714 13.399 -13.7983 -18.1885 13.2889 -12.1971 -15.516 
13.4981 -13.196 -16.5898 13.277 -12.8911 -15.8159 13.2112 -14.1459 -17.3431 
12.6405 -14.5739 -18.838 12.0636 -14.6671 -19.4154 12.773 -12.682 -14.9174 
12.7522 -14.7153 -18.2228 12.9167 -13.6653 -15.6061 13.0264 -14.0891 -16.2993 
12.6583 -13.8413 -15.2292 12.7903 -14.8132 -17.0158 12.5458 -15.1432 -17.6399 
11.8905 -15.3525 -18.7688 12.5457 -15.0721 -16.3856 12.4392 -14.7776 -15.5584 
12.2251 -14.4167 -14.8444 11.8825 -15.7798 -18.0599 11.1017 -15.5917 -19.182 
12.0872 -15.8421 -16.9826 12.0613 -15.6003 -15.6982 11.8652 -15.4435 -15.0168 
11.8946 -16.0072 -16.0029 11.4359 -16.4714 -17.523 11.0033 -16.398 -18.3528 
11.5271 -16.5667 -16.4452 10.357 -16.2426 -18.9661 9.59925 -16.0147 -19.3413 
11.3763 -16.5001 -15.297 9.64785 -16.7123 -18.8266 10.4042 -17.0212 -18.0821 
8.76085 -16.5622 -19.0663 10.8675 -17.2032 -17.0222 11.0582 -17.0932 -15.7382 
10.2343 -17.5617 -17.444 9.11951 -17.3681 -18.4604 9.75059 -17.72 -17.7595 
7.99625 -17.2582 -18.7154 10.6205 -17.6175 -16.1757 9.12756 -17.9607 -17.9057 
10.0864 -18.0899 -16.5916 8.15273 -18.2097 -18.0924 7.1467 -18.1502 -18.2851 
9.40143 -18.4996 -16.9916 8.59002 -18.8442 -17.3156 7.44242 -19.0407 -17.6798 
8.25059 -19.3664 -16.9812 9.31638 -18.9917 -16.1187 10.0129 -18.3309 -15.5808 
8.42277 -19.8214 -16.152 10.5192 -17.584 -15.0062 7.4923 -20.6444 -16.111 
8.40128 -20.1547 -15.4823 9.12224 -19.3793 -15.2216 9.74554 -18.5742 -14.9061 
7.96797 -20.78 -15.0131 8.44981 -20.2389 -14.6668 8.81252 -19.6878 -14.295 
8.05724 -20.6893 -13.8166 9.41294 -18.7906 -14.2195 8.39824 -19.903 -13.3684 
10.0307 -17.892 -14.2342 8.88143 -19.0461 -13.3453 10.873 -16.7358 -14.4558 
8.28488 -19.1806 -12.4801 9.36923 -18.0147 -13.2029 8.74613 -18.402 -12.5968 
9.90139 -17.3709 -13.4544 8.07683 -18.4091 -11.8359 10.3812 -16.7503 -13.661 
8.59406 -17.5802 -12.0415 9.12829 -17.3143 -12.4779 7.72716 -17.4412 -11.2047 
9.65384 -16.6612 -12.7332 8.50839 -16.9447 -11.7558 11.3738 -15.7223 -14.3741 
8.14684 -16.2637 -11.2961 9.00086 -16.1217 -11.9516 9.75775 -15.8855 -12.5313 
7.56329 -16.0182 -10.7576 10.3448 -15.7252 -13.0543 10.8408 -15.6287 -13.5684 
8.641 -15.3536 -11.5056 7.99918 -15.2288 -10.9643 9.50359 -15.1401 -12.1209 
10.3289 -14.9254 -12.7713 8.6923 -14.3859 -11.348 11.7248 -14.7679 -14.2816 
9.34076 -14.3775 -11.8565 11.3377 -14.6779 -13.7333 10.0735 -14.2357 -12.4056 
10.8698 -14.3015 -13.1254 9.48975 -13.5074 -11.8186 11.7549 -13.8367 -13.9496 
10.5556 -13.4236 -12.6864 11.0878 -13.3708 -13.1515 10.1092 -13.0898 -12.2633 
11.5511 -12.9909 -13.5368 12.2602 -13.1386 -14.3658 10.0613 -12.3777 -12.1065 
10.8992 -12.4404 -12.861 11.7888 -12.2115 -13.6734 10.8843 -11.772 -12.7654 
11.5686 -11.4059 -13.3759 12.4411 -11.9048 -14.3366 11.1631 -10.8398 -12.8818 
13.0324 -11.4431 -14.9721 12.0562 -10.8308 -13.828 12.5681 -10.9223 -14.3864 
12.966 -10.5439 -14.8055 13.3663 -10.3837 -15.2553 11.8714 -9.84521 -13.5249 
12.4883 -9.87251 -14.2456 13.8752 -9.4635 -15.8288 12.9678 -9.3638 -14.7818 
13.3978 -9.3036 -15.264 12.7891 -8.7409 -14.5795 13.8008 -8.5463 -15.7552 
12.2077 -8.8895 -13.8135 13.3648 -8.1462 -15.2796 14.0841 -7.96991 -16.1157 
12.4147 -8.2122 -14.0024 12.6973 -7.97131 -14.4301 13.2015 -7.6795 -15.11 
14.5399 -7.12211 -16.6908 13.8653 -7.2694 -15.9104 14.2695 -6.49921 -16.4303 
14.6292 -6.084 -16.8698 13.5482 -6.70231 -15.5866 13.0273 -7.164 -14.875 
14.726 -4.95221 -17.0466 13.9296 -5.99241 -16.0892 14.2465 -5.3277 -16.4955 
14.1715 -4.5004 -16.4234 13.561 -5.7793 -15.6426 13.7941 -4.86571 -15.927 
13.9483 -3.8276 -16.009 13.1487 -6.1928 -15.0156 13.3943 -5.2167 -15.3278 
12.7083 -7.0678 -14.3001 13.5855 -4.0784 -15.2802 13.2564 -4.86801 -14.7275 
12.9542 -5.7118 -14.3007 12.7148 -6.37301 -13.9389 13.1137 -4.89661 -13.8579 
13.3744 -4.10181 -13.9694 12.3435 -7.36021 -13.5472 12.879 -5.4436 -13.234 
13.2036 -4.54011 -12.8438 13.5323 -3.6495 -12.9477 12.4271 -6.6836 -13.1268 
12.0295 -8.072 -13.2707 12.6146 -5.95851 -12.3531 12.034 -7.442 -12.6428 
11.6679 -9.0545 -13.0351 11.6226 -8.3468 -12.4363 11.2552 -9.8178 -12.7032 
7.3584 -15.176 -10.3793 6.93163 -14.694 -9.7512 8.08429 -14.3777 -10.8412 
6.60505 -14.2183 -8.90618 7.55632 -14.302 -10.3095 7.18786 -13.7255 -9.55217 
7.75157 -13.4708 -10.1485 8.33779 -13.4864 -10.8083 7.48695 -13.0554 -9.42904 
9.01769 -13.1005 -11.3268 8.3101 -12.6525 -10.36 8.08766 -12.2668 -9.60073 
8.93291 -12.2258 -10.877 9.65088 -12.0832 -11.6374 8.72487 -11.6884 -10.1294 
10.2244 -11.4697 -12.0275 9.44596 -11.568 -11.1624 10.8129 -10.2376 -12.2723 
10.3564 -10.6633 -11.8353 9.40348 -10.8597 -10.4697 8.94463 -11.0075 -9.50403 
9.93502 -10.4883 -11.0795 9.45169 -10.3893 -9.68985 11.0187 -9.2198 -11.9268 
10.4282 -9.6047 -11.052 10.1744 -9.60061 -10.2985 10.7147 -9.09471 -11.0131 
10.0825 -9.5218 -9.5334 11.165 -8.4088 -11.1042 11.6162 -7.8866 -11.7428 
10.8069 -8.6354 -10.0262 11.3292 -7.94881 -10.3643 10.6459 -8.7517 -8.88731 
11.7861 -7.35911 -11.0479 11.0789 -8.1845 -9.35692 12.2206 -6.74141 -11.8959 
11.7465 -7.2518 -9.82487 12.1632 -6.6654 -10.7587 12.5296 -6.0166 -11.1801 
11.5361 -7.54921 -8.94106 13.2081 -4.56061 -12.0467 12.8841 -5.29451 -11.4004 
12.3023 -6.36361 -9.83688 12.69 -5.66991 -10.3531 12.0116 -6.84341 -8.86639 
13.2499 -4.4954 -10.8742 13.5995 -3.6437 -11.3284 13.0614 -4.9245 -9.97046 
11.8997 -7.08141 -8.23827 12.7304 -5.5897 -9.24868 13.7311 -3.36111 -10.3703 
12.3739 -6.28741 -8.5746 13.4577 -4.0467 -9.8845 13.3022 -4.46761 -8.99809 
12.697 -5.79061 -8.26023 13.9662 -2.81347 -9.51748 13.0267 -5.1508 -8.33369 
13.7593 -3.4385 -8.86084 13.3438 -4.67541 -7.89561 13.6321 -4.03041 -8.01525 
14.1855 -2.61963 -8.25574 14.0335 -3.4493 -7.58281 13.2092 -5.28301 -7.33033 
14.6477 -2.42131 -7.29785 13.9554 -4.268 -6.98386 14.5035 -3.2625 -6.94447 
15.4234 -1.763 -6.80618 15.3629 -3.0214 -6.43093 14.7278 -3.8951 -6.4608 
16.2838 -2.45918 -6.20806 17.0954 -2.6732 -5.95618 17.7489 -2.19393 -5.87469 
16.0893 -3.62731 -6.01862 17.2776 -3.54451 -5.76113 15.615 -4.29161 -5.98763 
13.987 -4.9225 -6.52438 16.5616 -5.05961 -5.62109 14.8903 -5.1009 -5.9957 
16.042 -5.6682 -5.59423 15.3062 -5.98041 -5.65551 13.3017 -5.7854 -6.67129 
12.536 -6.37561 -7.40672 14.5497 -6.30971 -5.73738 13.8482 -6.2765 -5.9956 
15.6153 -7.27301 -5.30822 14.82 -7.2251 -5.42773 12.8558 -6.7152 -6.43915 
14.064 -7.25551 -5.56647 13.4361 -7.1639 -5.80894 11.8575 -7.3227 -7.56787 
12.2854 -7.29371 -6.61829 14.9743 -8.3256 -5.13759 13.8167 -7.98681 -5.38822 
12.7875 -7.67201 -5.88979 14.2302 -8.4004 -5.20007 15.3203 -9.0695 -4.94982 
13.0092 -8.1538 -5.55564 11.1998 -8.072 -8.19076 11.5365 -7.98601 -7.0491 
14.4762 -9.3024 -4.95227 12.0045 -8.3214 -6.01559 13.7619 -9.20951 -5.03438 
12.8461 -8.82821 -5.3275 10.7704 -8.6952 -7.83451 11.085 -8.6277 -6.89343 
14.2624 -10.1111 -4.78722 12.041 -9.25311 -5.41823 13.0741 -9.7364 -4.96434 
11.1907 -9.1627 -6.0654 10.0622 -9.49051 -8.33311 10.3797 -9.293 -7.32207 
9.46621 -10.2072 -8.7713 10.2494 -9.72301 -6.66666 12.1864 -10.0672 -5.00435 
13.2865 -10.5078 -4.73461 9.56815 -10.1167 -7.90422 11.3275 -9.981 -5.34598 
13.8656 -11.0085 -4.61834 10.4971 -10.0006 -5.94109 12.4147 -10.6916 -4.74966 
9.48426 -10.3728 -7.12765 12.9932 -11.2293 -4.57557 13.0431 -12.0018 -4.41546 
10.6541 -10.6827 -5.24693 11.4237 -11.0516 -4.775 12.1517 -11.7319 -4.47198 
13.765 -12.7854 -4.31808 12.3533 -12.7862 -4.24404 9.67399 -10.72 -6.07244 
12.6494 -13.6704 -4.11753 11.1762 -12.1247 -4.42971 10.5957 -11.6208 -4.72917 
11.295 -13.1995 -4.13238 11.7346 -14.2867 -3.95363 9.88329 -11.4835 -5.12311 
10.1087 -12.1132 -4.63638 10.5685 -14.108 -3.9256 10.2382 -13.205 -4.18221 
9.27394 -11.3279 -5.79655 9.53577 -12.6478 -4.56181 9.1202 -13.4365 -4.31546 
8.88125 -11.9938 -5.45343 8.66442 -11.4297 -6.61607 8.30714 -13.5762 -4.5667 
8.90192 -10.8669 -8.47883 8.29107 -13.033 -4.97994 8.72442 -11.1199 -7.63609 
8.13188 -12.5163 -5.70272 8.43173 -11.5018 -8.92258 8.03857 -12.008 -7.03614 
8.01016 -11.9149 -8.04483 7.58218 -12.5927 -6.77153 7.60429 -12.5109 -8.73378 
7.16901 -13.2256 -6.2708 7.30603 -12.7579 -7.8718 6.78117 -13.4457 -7.25025 
6.92417 -13.3422 -8.42137 6.33349 -14.0826 -7.74566 7.27522 -20.032 -16.9299 
6.48823 -21.0099 -16.4219 6.36251 -20.2916 -17.0538 6.57175 -19.3033 -17.6801 
5.39534 -21.3313 -16.5295 5.81328 -20.4116 -17.0837 6.31594 -18.4604 -18.1184 
5.85133 -19.4581 -17.6265 5.05006 -20.5438 -17.0526 5.28943 -19.5356 -17.5599 
5.70166 -17.7393 -18.2503 4.29134 -20.8964 -16.8024 5.21307 -18.3522 -17.9638 
4.64742 -19.6948 -17.3919 4.58908 -18.7648 -17.6815 4.74302 -17.3004 -17.9953 
4.31555 -18.0656 -17.7363 3.82561 -19.6911 -17.1699 3.36667 -20.2839 -16.793 
3.60587 -18.8122 -17.3097 3.80846 -17.85 -17.5529 4.02238 -16.7358 -17.7086 
3.07644 -19.3398 -16.9374 3.39744 -17.4894 -17.3836 2.49423 -20.5237 -16.295 
2.74123 -18.3867 -16.9258 2.43428 -19.7249 -16.4823 2.89019 -17.3987 -17.1061 
3.18322 -16.3293 -17.2688 2.39397 -18.9293 -16.6227 2.31783 -17.3029 -16.7345 
1.93856 -18.2767 -16.3848 2.52372 -16.0614 -16.8403 1.57402 -19.8731 -15.8475 
1.56418 -19.1009 -15.9772 1.57812 -18.0007 -16.1142 1.87985 -16.4051 -16.3927 
1.50285 -17.1927 -16.0845 1.70347 -15.5363 -16.2071 0.784918 -20.0682 -15.1226 
0.720077 -19.3296 -15.1685 0.846467 -18.6952 -15.3667 1.01685 -17.6399 -15.6198 
1.03111 -16.5284 -15.6688 1.12105 -15.7233 -15.7536 0.546637 -18.044 -15.1137 
0.552148 -17.2077 -15.1805 0.101938 -18.7665 -14.5775 -0.125433 -19.2501 -14.2827 
0.493597 -15.8522 -15.2139 -0.0260727 -18.0187 -14.4997 0.252518 -16.6128 -14.926 
-0.205413 -17.256 -14.3881 0.178967 -15.246 -14.9979 -0.672982 -18.8931 -13.6947 
-0.329952 -16.6285 -14.3434 -0.605103 -18.0179 -13.854 -0.265662 -15.9299 -14.5141 
-1.0121 -18.3175 -13.3568 -0.941802 -17.4251 -13.5648 -0.860553 -16.8262 -13.7598 
-1.36442 -18.9493 -12.8774 -0.638393 -15.4525 -14.2605 -1.44248 -18.1928 -12.8775 
-0.414423 -14.6989 -14.6068 -1.61181 -17.4695 -12.7959 -1.2094 -16.1077 -13.5552 
-1.96105 -18.772 -12.1796 -1.52566 -16.885 -13.0234 -2.04578 -17.8621 -12.203 
-1.04478 -14.453 -14.1533 -1.36826 -15.0027 -13.7065 -1.67333 -15.6187 -13.2192 
-1.29786 -13.8039 -14.1087 -2.15992 -16.956 -12.2468 -2.10022 -16.2801 -12.5203 
-2.01529 -14.4888 -13.2482 -2.195 -15.6396 -12.6286 -1.97632 -13.677 -13.5677 
-2.55716 -18.2702 -11.4648 -2.42323 -14.8264 -12.6629 -2.67167 -17.3608 -11.4515 
-2.55777 -13.7691 -12.9495 -2.67777 -15.5732 -12.0322 -2.77147 -16.4346 -11.5608 
-3.01297 -17.5924 -10.8752 -3.03197 -14.7408 -11.929 -3.15837 -13.7627 -12.2295 
-3.21667 -16.4856 -10.852 -3.26247 -15.7199 -11.0999 -3.29247 -17.8314 -10.3742 
-3.44667 -16.8051 -10.3429 -3.52017 -15.2618 -10.9185 -3.54297 -13.843 -11.6481 
-3.58547 -14.5651 -11.2041 -3.67687 -13.0693 -11.7819 -3.66527 -16.0538 -10.2661 
-3.64677 -17.1658 -9.89059 -3.91257 -14.828 -10.5073 -4.04527 -13.8691 -10.8072 
-3.89827 -15.6142 -10.0812 -4.09247 -12.8853 -11.1634 -4.21877 -15.0307 -9.84643 
-4.44017 -12.941 -10.5243 -4.04517 -16.206 -9.52336 -4.47677 -14.1297 -9.91389 
-4.38607 -15.2268 -9.43372 -4.67687 -13.5602 -9.84492 -4.03597 -16.8368 -9.29678 
-4.88337 -12.905 -9.72782 -4.50927 -15.5187 -9.04918 -4.80957 -14.5283 -9.08884 
-4.35387 -16.6919 -8.78884 -4.61137 -16.141 -8.579 -5.15307 -13.6762 -8.93697 
-4.84127 -15.6471 -8.40332 -5.35027 -12.7121 -8.92715 -5.12487 -15.125 -8.20817 
-5.28607 -14.5377 -8.25598 -5.46487 -13.9684 -8.26176 -5.59707 -13.1546 -8.37854 
-5.92037 -13.5138 -7.75734 -5.46397 -15.2969 -7.60274 -6.08027 -12.4612 -7.79143 
-5.78317 -14.466 -7.52865 -6.52607 -13.0797 -7.12379 -6.37107 -13.9347 -7.02494 
-6.94587 -12.2297 -6.8534 -7.52227 -12.988 -6.39416 -7.91157 -12.4194 -6.31245 
-7.22687 -13.539 -6.44188 -6.40407 -14.5533 -6.78172 -9.11217 -12.2935 -6.09367 
-7.13127 -14.306 -6.3494 -8.45007 -13.1361 -6.09812 -7.97147 -13.8971 -6.12173 
-10.108 -12.8776 -5.95059 -9.48027 -13.4202 -5.94496 -8.77507 -14.1113 -5.96535 
-10.0873 -14.0648 -5.8645 -7.81857 -14.7409 -6.06846 -9.24277 -14.6359 -5.8786 
-8.43847 -14.9681 -5.95537 -7.10457 -15.0721 -6.24193 -9.67327 -15.2495 -5.82367 
-9.06757 -15.7493 -5.85519 -8.05617 -15.6622 -5.9875 -6.03457 -15.2683 -6.93042 
-10.5252 -16.0024 -5.78251 -7.57987 -15.6563 -6.07606 -8.53087 -16.2987 -5.90674 
-9.60117 -16.5943 -5.78769 -6.56167 -15.5824 -6.44934 -7.05497 -16.1042 -6.20479 
-7.73447 -16.5774 -6.04651 -8.47217 -16.9694 -5.91068 -10.0778 -17.7179 -5.73833 
-9.11917 -17.3417 -5.81611 -9.81007 -18.2973 -5.73071 -8.80817 -17.9989 -5.85984 
-7.97687 -17.5243 -6.01974 -6.90617 -16.7107 -6.27451 -9.23717 -19.0951 -5.77322 
-7.27377 -17.2093 -6.18566 -8.36797 -18.528 -5.95538 -5.60507 -15.8148 -7.23915 
-6.39047 -16.5727 -6.51045 -5.89657 -16.2796 -6.8711 -5.15247 -16.0743 -7.73616 
-7.45867 -18.171 -6.2098 -6.60937 -17.5135 -6.47063 -6.88387 -17.9832 -6.41396 
-5.34007 -16.6881 -7.37056 -5.89957 -17.2022 -6.87524 -4.83357 -16.5568 -8.05082 
-7.72057 -19.1139 -6.19251 -8.38227 -19.73 -5.98698 -6.18177 -18.1053 -6.81109 
-4.94967 -17.2628 -7.79143 -6.95617 -18.8161 -6.49266 -4.54787 -17.1379 -8.35051 
-5.29487 -17.6999 -7.43364 -6.38707 -18.5665 -6.77696 -5.67387 -18.1166 -7.17555 
-5.20327 -18.4619 -7.6523 -4.56157 -18.0085 -8.30369 -4.15507 -17.5592 -8.92402 
-5.79227 -18.9767 -7.28341 -6.43357 -19.3886 -6.91418 -7.34187 -19.8711 -6.43431 
-7.82527 -20.6152 -6.25866 -6.78927 -19.9421 -6.78144 -6.74897 -20.5821 -6.91542 
-7.04107 -20.9531 -6.74607 -7.50637 -21.49 -6.47979 -5.81167 -19.7396 -7.45647 
-6.11277 -20.277 -7.34494 -6.70987 -21.4964 -7.03296 -7.03407 -22.1271 -6.79994 
-6.12177 -21.3493 -7.50893 -4.81067 -18.9144 -8.13957 -5.28947 -19.5448 -7.83286 
-6.37907 -22.1338 -7.32553 -5.68517 -21.0895 -7.85526 -5.39847 -20.4305 -7.96292 
-4.18857 -18.4227 -8.84906 -4.91847 -20.0042 -8.2785 -4.43817 -19.4162 -8.64982 
-3.72337 -17.8402 -9.62593 -3.82817 -18.4087 -9.39815 -3.82347 -18.9067 -9.42294 
-3.96887 -19.3824 -9.23739 -4.34837 -20.0806 -8.86742 -4.69117 -20.6957 -8.64194 
-3.43677 -18.742 -10.0386 -3.49557 -19.5993 -9.96075 -5.08927 -21.2474 -8.39614 
-3.09377 -18.5232 -10.6217 -3.73717 -20.2787 -9.65747 -3.12127 -19.3575 -10.5379 
-2.71647 -18.9166 -11.1623 -3.05227 -20.1609 -10.6263 -2.62779 -19.6773 -11.241 
-2.22494 -19.4662 -11.7853 -4.09187 -21.146 -9.31684 -3.30977 -20.8213 -10.2739 
-2.91527 -21.0556 -10.8138 -3.48237 -21.4433 -10.0614 -4.58827 -21.7027 -8.89946 
-5.41627 -21.8886 -8.18698 -5.91587 -22.5935 -7.72262 -4.94117 -22.2648 -8.63996 
-6.53217 -23.0618 -7.10381 -5.41327 -22.7317 -8.2007 -3.96997 -22.2405 -9.52757 
-5.84817 -23.2567 -7.6905 -5.78017 -23.8527 -7.56659 -4.99147 -23.1313 -8.55973 
-4.50677 -22.82 -9.01938 -5.11627 -23.7817 -8.29559 -5.37477 -24.5613 -7.67135 
-4.52797 -23.6568 -8.88569 -4.84497 -24.6403 -8.20381 -4.48427 -24.3445 -8.71119 
-3.88837 -23.2281 -9.54267 -4.72637 -25.4016 -7.81069 -3.29777 -22.4439 -10.2722 
-4.24327 -25.2395 -8.41622 -3.98837 -24.2655 -9.18539 -3.90957 -24.9276 -8.93685 
-3.60947 -23.7786 -9.7041 -3.90647 -25.9425 -8.13278 -3.90007 -26.4941 -7.51413 
-3.47247 -25.7989 -8.6694 -3.26447 -24.4097 -9.82465 -3.16097 -23.3733 -10.2855 
-3.17967 -25.265 -9.40927 -2.80487 -26.0322 -9.07898 -2.71067 -24.9402 -10.1159 
-2.36595 -25.6259 -9.95531 -2.68237 -24.1046 -10.5873 -2.65567 -23.1861 -10.9194 
-2.10185 -24.9071 -10.8007 -2.80057 -22.0982 -10.9161 -2.00065 -24.0162 -11.3858 
-2.14233 -23.2374 -11.4918 -2.43012 -20.5416 -11.4684 -2.19178 -22.3921 -11.6137 
-2.35299 -21.4535 -11.5186 -1.9651 -20.9484 -12.0297 -1.68987 -19.6347 -12.4455 
-1.80994 -20.2741 -12.2528 -1.77542 -21.7454 -12.173 -1.10022 -19.5832 -13.1375 
-1.29655 -20.8698 -12.8239 -1.11141 -20.2354 -13.0814 -1.54878 -22.4922 -12.3153 
-1.59778 -23.2359 -12.0848 -1.24255 -21.8451 -12.7687 -0.405943 -19.7753 -13.9197 
-0.569422 -20.8908 -13.6269 -0.319092 -20.3902 -13.9558 -0.789903 -21.5344 -13.3026 
0.191188 -20.2278 -14.5158 -0.846322 -22.6178 -13.0205 0.0314277 -21.2168 -14.1856 
-0.358372 -22.1344 -13.6195 -0.963832 -23.3778 -12.6764 0.196498 -21.8758 -14.1853 
-1.39635 -24.1111 -11.9621 0.811677 -21.0588 -14.9332 -1.57582 -25.4531 -10.9341 
-0.192352 -23.1767 -13.4433 -1.30178 -24.9755 -11.5677 -1.51128 -25.9704 -10.4849 
-0.776583 -24.2565 -12.4738 -0.181352 -24.0049 -13.1029 0.424427 -22.7798 -14.0853 
-0.682203 -25.866 -11.3632 -0.434532 -25.168 -12.1805 0.118028 -24.7288 -12.8972 
0.0546773 -25.7373 -12.0312 0.514737 -23.8656 -13.6716 0.954337 -22.2883 -14.6646 
0.614198 -25.2513 -12.8076 0.866807 -25.9114 -12.29 1.04251 -23.3391 -14.2714 
1.05173 -24.7098 -13.4535 1.29861 -21.5054 -15.1899 1.64317 -20.6799 -15.6981 
1.46587 -24.1271 -14.042 1.53487 -25.3817 -13.0774 1.70891 -22.3301 -15.1395 
1.92143 -23.2783 -14.7747 2.2184 -21.531 -15.7758 2.19006 -24.3678 -14.1326 
2.30687 -25.5441 -13.0532 2.59252 -24.978 -13.6682 3.01291 -21.1742 -16.2944 
2.72741 -22.6373 -15.4672 3.05216 -22.1637 -15.8495 2.86372 -23.8614 -14.6726 
2.91872 -23.2519 -15.1231 3.62345 -21.5603 -16.3264 3.175 -24.6451 -14.0035 
3.65421 -22.9291 -15.4653 4.00961 -22.3265 -15.9234 3.71879 -23.578 -14.9388 
3.80449 -24.2518 -14.3134 4.62221 -21.8439 -16.2606 4.52708 -22.9182 -15.4228 
3.58557 -25.1051 -13.427 4.61967 -23.7153 -14.6128 5.38257 -22.0696 -15.9478 
5.42584 -22.6713 -15.3466 6.22 -21.5739 -16.0353 5.55163 -23.1768 -14.6782 
6.16159 -22.2219 -15.3744 4.69604 -24.3189 -13.8634 6.20115 -22.8065 -14.4878 
7.13463 -21.426 -15.4181 6.79531 -22.1463 -14.6743 5.67922 -23.6213 -13.8633 
6.7395 -22.5359 -13.8172 7.52577 -21.4553 -14.259 6.23505 -23.1978 -13.5445 
5.22673 -24.3173 -13.3017 5.93921 -23.7328 -12.8093 4.44605 -24.9417 -13.1616 
5.32711 -24.5107 -12.6181 4.76513 -25.2019 -12.1513 3.92764 -25.6256 -12.4517 
2.96775 -25.8393 -12.629 1.81595 -26.1489 -12.2729 3.84007 -26.0399 -11.627 
2.80806 -26.335 -11.8646 3.00406 -26.5626 -11.2076 1.71905 -26.6274 -11.5052 
0.574757 -26.4623 -11.4444 1.93911 -26.9099 -10.8821 2.53797 -26.9713 -10.3032 
0.893328 -27.0237 -10.5184 0.126307 -26.8048 -10.6274 -0.672853 -26.4056 -10.6964 
1.38222 -27.2051 -10.0086 0.228867 -27.169 -9.84035 -0.773413 -26.8406 -9.89201 
-1.6753 -26.3491 -9.83365 1.09837 -27.3663 -9.2389 -0.681942 -27.1362 -9.31103 
0.270108 -27.3626 -9.21359 -2.2872 -26.3849 -9.18332 -1.60027 -26.8995 -8.9984 
-2.36626 -26.8845 -8.30999 -3.13287 -26.7029 -7.90675 -0.440562 -27.4625 -8.45538 
-1.40165 -27.3151 -8.24604 -3.37027 -27.2156 -6.81537 -2.66017 -27.315 -7.22162 
-1.69729 -27.4789 -7.56237 -2.68687 -27.6679 -6.30779 -1.8925 -27.655 -6.92747 
-0.686222 -27.6643 -7.47534 0.480707 -27.5298 -8.22658 -2.04745 -27.9079 -5.87589 
-1.22223 -27.841 -6.49787 -2.21655 -28.1162 -5.00821 -1.60579 -27.9792 -5.61076 
-0.211843 -27.7612 -6.65107 -0.560242 -27.8693 -6.06169 0.332787 -27.631 -7.3909 
-0.897252 -27.9715 -5.34424 1.42007 -27.386 -8.56085 -0.171323 -27.8197 -5.26917 
-0.671683 -28.0883 -4.2338 0.761527 -27.5349 -6.69171 0.436568 -27.6056 -5.84166 
-0.0612423 -27.7569 -4.17809 1.27692 -27.4077 -7.44813 0.488807 -27.3805 -4.90507 
1.24247 -27.2009 -6.2287 1.12519 -27.0371 -5.54373 0.622238 -27.2229 -3.99849 
1.554 -27.1701 -6.83221 1.09556 -26.7038 -4.7231 1.40454 -26.1645 -4.41723 
1.87464 -26.6037 -6.22411 1.65778 -26.2315 -5.35477 1.91915 -26.5332 -3.29005 
2.05918 -27.197 -8.32808 2.23873 -26.8584 -7.36955 1.88328 -25.4183 -4.65393 
2.19413 -27.1808 -9.46332 2.42149 -25.7651 -6.19563 2.37426 -25.1747 -5.72611 
2.68035 -26.2549 -7.03429 2.72174 -26.8257 -8.16625 2.83778 -26.9392 -9.07132 
2.98606 -25.5671 -6.82016 3.35158 -26.2207 -8.07613 3.30491 -26.5802 -8.75686 
3.03301 -24.8389 -6.48853 3.39772 -25.7946 -7.62078 3.33453 -26.6826 -9.63087 
2.77284 -24.3735 -6.00223 3.24309 -26.6967 -10.3657 3.41391 -25.0889 -7.1295 
3.71228 -26.2564 -9.00788 3.9517 -25.8919 -8.802 3.85353 -25.1168 -7.80461 
3.94186 -26.235 -9.98675 4.1328 -25.3468 -8.52392 3.90772 -26.2252 -10.7345 
3.71826 -24.3418 -7.28375 4.43719 -25.6242 -9.74934 4.48147 -25.152 -9.09231 
4.44793 -25.7146 -11.2249 4.65538 -25.506 -10.4582 3.31621 -23.8062 -6.63014 
4.36112 -24.3941 -8.30218 4.92994 -24.6677 -9.66332 4.01794 -23.7096 -7.59379 
5.00223 -25.1176 -11.3398 5.1931 -24.7338 -10.6527 4.87033 -23.91 -9.02669 
4.32638 -23.3357 -7.99714 3.84177 -23.0317 -7.29328 5.41535 -24.5647 -11.614 
5.37596 -23.9933 -10.162 5.68138 -24.0214 -11.1908 5.04631 -23.0526 -9.05798 
4.6752 -22.7782 -8.44996 5.94218 -23.7547 -11.9237 5.85001 -23.3882 -10.8253 
5.64617 -22.742 -10.0222 5.18275 -22.3788 -9.17734 6.21132 -22.88 -11.3212 
6.41317 -22.9717 -12.2164 6.74 -22.5749 -12.983 6.6026 -22.3311 -11.8222 
6.21572 -21.8484 -10.6945 7.33013 -21.6723 -13.2198 7.04928 -21.7097 -12.3132 
6.70547 -21.3134 -11.32 7.70366 -20.7994 -12.8601 5.47894 -21.6072 -9.54709 
7.16243 -20.6446 -11.7142 6.16469 -20.934 -10.405 7.93137 -20.0531 -12.5716 
6.47961 -20.3738 -10.6954 7.58388 -19.6252 -11.8005 6.88551 -19.5961 -10.9692 
5.53161 -20.7369 -9.5525 4.8333 -21.69 -8.63969 4.32705 -22.1437 -7.94221 
4.83118 -20.8025 -8.64015 4.26857 -20.9283 -7.88363 3.73663 -22.3162 -7.14091 
3.84986 -21.4667 -7.30123 3.27809 -22.7841 -6.52054 3.17448 -21.9705 -6.36101 
2.82547 -23.3825 -5.92209 2.33662 -24.2889 -5.34849 1.90762 -25.2226 -3.90553 
2.10998 -24.2175 -4.8182 2.31128 -23.3946 -5.0662 2.08042 -24.3597 -3.97602 
2.61425 -22.6561 -5.52049 2.88896 -25.186 -3.03485 2.40474 -24.3491 -3.36945 
2.22196 -23.4523 -3.99817 3.8029 -24.4568 -2.77465 2.90841 -24.011 -3.05105 
2.27971 -22.8837 -4.48298 2.81282 -23.2354 -3.21055 4.00557 -23.3966 -2.77095 
2.55268 -22.4989 -3.80469 3.2323 -22.6016 -3.12405 2.47489 -22.1195 -4.57143 
5.06626 -23.0792 -2.66935 4.31332 -22.2833 -2.85355 3.19515 -21.6925 -3.44695 
2.73875 -21.6946 -5.54061 2.70691 -21.3788 -4.58154 4.19057 -21.2307 -3.11145 
3.23096 -20.8786 -3.85276 5.60035 -21.841 -2.76855 5.08593 -20.9771 -2.95005 
2.93741 -20.558 -4.94239 3.83649 -20.1218 -3.7167 3.09286 -20.9039 -6.08925 
3.39599 -21.0275 -6.64844 3.2631 -19.6799 -4.94388 3.36048 -19.7289 -6.19508 
3.73007 -20.3046 -7.08561 7.31806 -18.7304 -11.1736 5.80099 -19.9206 -9.80664 
6.25228 -19.3644 -10.2245 6.60567 -18.8002 -10.4781 4.84995 -19.9356 -8.65859 
7.00911 -17.9109 -10.6645 4.30387 -19.665 -7.89113 5.23487 -19.3882 -9.10325 
5.69883 -18.767 -9.53823 6.40123 -17.7387 -10.0459 5.8148 -18.1098 -9.52189 
7.11474 -16.866 -10.5297 4.75254 -18.7972 -8.47484 6.22581 -17.2098 -9.74095 
5.12682 -18.2671 -8.78624 6.94508 -15.9139 -10.1556 6.49001 -16.2864 -9.78094 
5.3693 -17.4474 -8.79357 5.86593 -16.7709 -9.18997 4.36257 -18.5091 -7.80894 
3.8737 -19.1142 -7.05063 4.70043 -17.7053 -7.94889 5.99534 -15.7864 -8.95268 
6.36663 -15.186 -9.19083 5.48538 -16.2241 -8.33745 5.12916 -16.6301 -7.95889 
4.17365 -18.0865 -7.10019 4.748 -16.9532 -7.43177 5.96608 -14.9556 -8.21655 
5.42611 -15.6056 -7.56234 4.44897 -17.1115 -6.64091 5.87857 -14.7139 -7.29298 
3.89913 -18.1845 -6.29206 5.02764 -16.052 -6.61976 5.68752 -15.0564 -6.32446 
3.57584 -18.7976 -5.52083 4.26086 -17.4044 -5.68295 6.42137 -14.168 -6.14822 
5.05154 -16.3306 -5.30953 5.6923 -15.5304 -5.26777 4.25968 -18.0181 -4.67572 
4.05595 -18.9747 -4.15086 5.1319 -17.1266 -4.41126 4.69719 -19.7902 -3.35505 
4.96598 -18.195 -3.8888 5.29895 -19.2542 -3.32035 6.09284 -21.0215 -2.84705 
5.82828 -20.0083 -3.03555 5.88525 -18.7958 -3.29475 5.97694 -17.7591 -3.60362 
5.91661 -16.8324 -4.02648 6.85058 -20.1502 -2.95295 6.6516 -18.501 -3.22905 
6.99328 -19.4551 -3.03655 7.74066 -19.9185 -3.00825 7.08154 -17.6485 -3.36865 
7.66181 -18.8046 -3.12865 6.83298 -16.4803 -3.78083 6.45256 -15.6161 -4.36909 
8.53285 -19.4856 -3.12105 6.46363 -14.7385 -5.10771 8.29746 -18.3293 -3.21515 
8.03484 -17.1796 -3.38295 9.40072 -19.0543 -3.24745 7.24283 -13.6881 -5.37685 
7.35293 -14.5013 -4.51324 7.55347 -15.4839 -3.92802 9.04428 -17.853 -3.31145 
8.35458 -16.5032 -3.50255 9.95379 -18.2493 -3.37565 9.46919 -17.2038 -3.41815 
8.75018 -16.0438 -3.56645 10.5123 -17.5533 -3.48275 9.73144 -16.5913 -3.49945 
8.30019 -14.4329 -4.12298 8.89485 -15.1339 -3.76654 9.73969 -15.708 -3.61666 
10.6755 -16.4854 -3.59515 10.0287 -15.0334 -3.73855 9.28946 -14.2773 -3.95939 
10.9091 -15.2516 -3.75017 
POLYGONS 11382 45528
3 5488 5490 5486 
3 5486 5490 5487 
3 5482 5488 5486 
3 5484 5482 5486 
3 5486 5487 5484 
3 1759 1754 1249 
3 1249 1754 1244 
3 1248 1250 1249 
3 1249 1244 1248 
3 4311 4301 4300 
3 4304 4311 4300 
3 4566 4565 4569 
3 4427 4393 4430 
3 4428 4426 4427 
3 4430 4428 4427 
3 2887 2882 2884 
3 2884 2890 2887 
3 3440 3433 3434 
3 3434 3435 3441 
3 3441 3440 3434 
3 2688 3534 2691 
3 2684 3466 2688 
3 2686 2684 2688 
3 2691 2686 2688 
3 430 426 429 
3 436 430 429 
3 429 431 436 
3 2732 2736 2729 
3 2729 2724 2732 
3 2535 2537 2540 
3 2532 2530 2535 
3 2534 2532 2535 
3 2540 2534 2535 
3 2976 2977 2971 
3 1211 1213 2637 
3 1208 1211 2637 
3 2637 2639 2642 
3 2637 2642 1208 
3 3029 3021 3026 
3 3026 3035 3029 
3 3035 3040 3029 
3 3029 3040 3039 
3 4505 4508 4509 
3 4503 4505 4509 
3 4509 4511 4507 
3 4509 4507 4503 
3 1860 1858 1863 
3 1916 1921 1860 
3 1863 1916 1860 
3 3090 3157 3121 
3 3092 3086 3090 
3 3121 3092 3090 
3 60 59 63 
3 64 60 63 
3 3268 3278 3274 
3 3274 3243 3268 
3 3821 3817 3813 
3 3389 3358 3359 
3 3359 3358 3355 
3 3359 3392 3389 
3 5393 5375 5350 
3 5350 5396 5393 
3 3110 3104 3106 
3 3106 3115 3110 
3 5490 5488 5492 
3 5522 5487 5490 
3 5519 5522 5490 
3 5521 5519 5490 
3 5490 5492 5521 
3 4317 4322 4301 
3 4301 4311 4317 
3 4393 4382 4429 
3 4393 4429 4430 
3 3967 3966 3965 
3 3436 3432 3433 
3 3433 3437 3436 
3 3440 3437 3433 
3 2697 2691 3534 
3 3534 3537 2697 
3 2541 2537 2536 
3 2822 2816 2968 
3 2968 2816 2976 
3 354 355 352 
3 353 357 354 
3 354 352 351 
3 351 353 354 
3 2355 2356 2352 
3 3773 3766 3772 
3 3772 3774 3777 
3 3772 3777 3773 
3 3281 3274 3278 
3 3358 3389 3385 
3 3357 3355 3358 
3 3385 3357 3358 
3 5375 5359 5352 
3 5352 5350 5375 
3 5488 5482 5483 
3 5489 5492 5488 
3 5483 5489 5488 
3 4277 4271 4274 
3 4274 4298 4277 
3 4428 4515 4426 
3 3966 3967 3972 
3 1713 1726 3966 
3 3966 3972 1713 
3 3443 3441 3435 
3 3435 3438 3443 
3 3462 3466 2681 
3 2681 3458 3462 
3 1324 1329 1284 
3 1285 1324 1284 
3 2543 2540 2537 
3 2537 2541 2543 
3 1352 1350 1348 
3 1351 1352 1348 
3 1347 1351 1348 
3 1211 1208 1207 
3 1211 1207 1210 
3 3021 3009 3013 
3 3013 3026 3021 
3 355 486 488 
3 355 488 352 
3 609 610 602 
3 602 585 583 
3 583 609 602 
3 4505 4503 4499 
3 4499 4504 4505 
3 2356 2353 2352 
3 3766 3762 3763 
3 3763 3762 3759 
3 3759 3758 3763 
3 1036 1370 1371 
3 1371 1033 1036 
3 3243 3274 3276 
3 3236 3238 3243 
3 3276 3241 3243 
3 3243 3241 3236 
3 3401 3395 3398 
3 2164 2162 2158 
3 2164 2158 2163 
3 5482 5484 5476 
3 5478 5483 5482 
3 5476 5478 5482 
3 5449 5446 5443 
3 5449 5443 5447 
3 5450 5494 5449 
3 5447 5450 5449 
3 4271 4270 4266 
3 4269 4274 4271 
3 4266 4269 4271 
3 4515 4428 4510 
3 4515 4510 4513 
3 3421 3425 2615 
3 3381 3384 3421 
3 3421 2615 2612 
3 3421 2612 3381 
3 3466 2684 2681 
3 1324 1328 1329 
3 1328 1332 1329 
3 533 531 535 
3 3333 3363 3337 
3 3337 3332 3333 
3 2556 2596 2573 
3 2556 2573 2558 
3 2643 2642 2639 
3 2638 2643 2639 
3 489 488 486 
3 615 616 610 
3 609 615 610 
3 4137 4135 4118 
3 4118 4131 4137 
3 3762 3766 3765 
3 3757 3759 3762 
3 3762 3765 3757 
3 174 184 165 
3 1374 1371 1370 
3 1370 1372 1374 
3 3281 3276 3274 
3 3812 3815 3820 
3 3395 3389 3392 
3 5359 5354 5352 
3 5485 5484 5487 
3 5522 5595 5487 
3 5487 5595 5599 
3 5487 5599 5485 
3 5439 5443 5446 
3 5446 5440 5439 
3 4267 4266 4270 
3 4432 4510 4428 
3 4430 4432 4428 
3 4197 5360 4198 
3 3425 2618 2615 
3 5220 5218 5216 
3 3105 3107 3108 
3 3108 2239 2232 
3 3108 2232 3103 
3 3101 3105 3108 
3 3103 3101 3108 
3 3360 3366 3363 
3 3333 3360 3363 
3 1485 1487 1494 
3 2390 2393 2392 
3 2390 2392 2364 
3 2390 2364 2363 
3 353 359 357 
3 1559 1552 1560 
3 1566 1559 1560 
3 1560 1563 1567 
3 1560 1567 1566 
3 3771 3765 3766 
3 3766 3773 3771 
3 184 174 182 
3 184 182 193 
3 1696 1687 1703 
3 3389 3395 3393 
3 3393 3385 3389 
3 5481 5477 5484 
3 5484 5477 5476 
3 5484 5485 5481 
3 5443 5439 5438 
3 5442 5447 5443 
3 5438 5442 5443 
3 4303 4304 4298 
3 4299 4303 4298 
3 4274 4299 4298 
3 4512 4513 4510 
3 4510 4432 4433 
3 4506 4512 4510 
3 4502 4506 4510 
3 4510 4433 4502 
3 5138 5144 5147 
3 5147 5145 5138 
3 5214 5216 5218 
3 3102 3109 3107 
3 3107 3105 3102 
3 2530 2532 2528 
3 2527 3332 2530 
3 2530 2528 2527 
3 2593 2573 2596 
3 1897 1898 1899 
3 356 363 359 
3 353 356 359 
3 4513 4512 4511 
3 784 789 1552 
3 1559 784 1552 
3 3758 3759 3755 
3 3755 3756 3758 
3 3399 3393 3395 
3 3401 3399 3395 
3 5595 5522 5591 
3 5595 5600 5599 
3 5595 5594 5600 
3 5591 5594 5595 
3 4432 4430 4433 
3 5620 5626 5618 
3 5620 5637 5626 
3 2248 2250 2241 
3 2253 2250 2248 
3 2241 2239 2248 
3 2736 2766 2735 
3 2735 2729 2736 
3 2532 2534 2531 
3 2529 2528 2532 
3 2531 2529 2532 
3 2573 2593 2575 
3 2575 2558 2573 
3 1420 1903 1898 
3 1898 1897 1420 
3 365 368 363 
3 360 365 363 
3 363 356 360 
3 4506 4511 4512 
3 4136 4113 4135 
3 4135 4113 4118 
3 4135 4141 4136 
3 3759 3757 3752 
3 3759 3752 3755 
3 1030 1033 1031 
3 1031 1028 1030 
3 3238 3232 3239 
3 5522 5519 5526 
3 5526 5591 5522 
3 1691 1690 1694 
3 5369 5366 5370 
3 5370 5373 5369 
3 2684 2686 2683 
3 2680 2681 2684 
3 2683 2680 2684 
3 2247 2241 2250 
3 2250 2253 2256 
3 2256 2251 2250 
3 2250 2251 2247 
3 2766 2767 2763 
3 2742 2735 2766 
3 2763 2742 2766 
3 2534 2540 2542 
3 2534 2542 2539 
3 2539 2531 2534 
3 2585 2575 2593 
3 2593 2595 2585 
3 1404 1968 1963 
3 1963 1903 1408 
3 1963 1408 1404 
3 365 371 368 
3 4113 4136 4101 
3 4107 4118 4113 
3 4101 4107 4113 
3 3779 3777 3774 
3 3492 3494 3493 
3 3493 3494 3496 
3 3490 3492 3493 
3 3491 3490 3493 
3 3496 3491 3493 
3 1033 1371 1031 
3 3232 3238 3234 
3 3816 3820 3815 
3 5519 5521 5526 
3 1692 1694 1690 
3 1690 1686 1685 
3 1689 1692 1690 
3 1690 1685 1689 
3 5366 5362 5363 
3 5366 5363 5370 
3 2686 2691 2689 
3 2689 2683 2686 
3 2234 2232 2239 
3 2241 2234 2239 
3 3332 2527 3325 
3 3325 3333 3332 
3 2575 2561 2558 
3 3064 3073 3094 
3 3094 3073 3096 
3 3096 3099 3094 
3 572 567 574 
3 574 567 571 
3 577 572 574 
3 578 577 574 
3 574 571 578 
3 374 371 372 
3 378 379 374 
3 372 378 374 
3 4141 4140 4136 
3 4147 4140 4141 
3 783 776 778 
3 3494 3492 4473 
3 3500 3496 3494 
3 3682 3500 3494 
3 3494 3495 3682 
3 4473 3495 3494 
3 1028 1031 1029 
3 1029 1024 1028 
3 3236 3234 3238 
3 3820 3816 3822 
3 3357 3351 3355 
3 2114 2122 2118 
3 2118 2113 2114 
3 5492 5517 5521 
3 5505 5517 5492 
3 5489 5493 5492 
3 5492 5493 5505 
3 5315 4549 5310 
3 5310 4549 4552 
3 5314 5315 5310 
3 1694 1692 1698 
3 4190 4195 4197 
3 4193 4190 4197 
3 3384 3381 3380 
3 3379 3382 3384 
3 3384 3380 3379 
3 2691 2697 2695 
3 2692 2689 2691 
3 2695 2692 2691 
3 2232 2234 2227 
3 2224 3103 2232 
3 2232 2227 2224 
3 2540 2543 2546 
3 2546 2542 2540 
3 2571 2565 2561 
3 2561 2572 2571 
3 2561 2575 2572 
3 2565 2557 2561 
3 1971 1968 1358 
3 1358 1974 1971 
3 3073 3064 3065 
3 3073 3074 3079 
3 3065 3074 3073 
3 3073 3079 3093 
3 3073 3093 3096 
3 567 572 565 
3 566 571 567 
3 562 566 567 
3 560 562 567 
3 565 560 567 
3 371 365 366 
3 366 372 371 
3 4511 4506 4507 
3 4094 4136 4140 
3 4140 4147 4146 
3 4140 4146 4094 
3 1854 1858 1857 
3 3780 3773 3777 
3 3777 3779 3781 
3 3777 3781 3780 
3 3492 3490 4616 
3 4477 4473 3492 
3 4616 4477 3492 
3 1373 1031 1371 
3 1371 1374 1373 
3 3234 3236 3233 
3 3233 3230 3234 
3 3814 3822 3816 
3 3354 3347 3351 
3 3357 3354 3351 
3 2154 2163 2158 
3 2122 2114 2119 
3 2122 2119 2120 
3 5523 5521 5517 
3 5517 5505 5515 
3 5517 5515 5523 
3 4549 5315 5323 
3 4550 4552 4549 
3 4547 4550 4549 
3 4549 5323 4543 
3 4543 4547 4549 
3 5324 5316 5319 
3 5319 5332 5324 
3 2776 2697 3537 
3 3537 3539 2776 
3 2234 2241 2237 
3 2229 2227 2234 
3 2237 2229 2234 
3 2548 2543 2541 
3 2541 3371 3374 
3 3374 2548 2541 
3 1485 1480 1487 
3 1487 1480 1466 
3 1968 1404 1361 
3 1361 1358 1968 
3 3064 3037 3045 
3 3053 3065 3064 
3 3045 3053 3064 
3 572 577 579 
3 568 565 572 
3 573 568 572 
3 572 579 573 
3 365 360 364 
3 364 366 365 
3 4501 4507 4506 
3 4506 4502 4498 
3 4498 4501 4506 
3 4094 4101 4136 
3 1858 1854 1856 
3 1858 1856 1861 
3 1861 1863 1858 
3 3765 3771 3769 
3 3764 3757 3765 
3 3769 3764 3765 
3 3490 3491 3487 
3 3490 3487 4616 
3 3241 3276 3240 
3 3237 3236 3241 
3 3240 3237 3241 
3 3814 3869 3822 
3 3822 3869 3866 
3 3822 3866 3861 
3 3347 3354 3346 
3 3346 3341 3347 
3 3174 3180 3154 
3 3180 3150 3154 
3 3154 3170 3174 
3 5493 5489 5495 
3 5495 5505 5493 
3 5315 5314 5321 
3 5321 5323 5315 
3 5316 5324 5317 
3 5317 5312 5316 
3 4195 4190 4192 
3 4195 4192 4194 
3 2700 2695 2697 
3 2776 2700 2697 
3 2241 2247 2243 
3 2241 2243 2237 
3 2549 2546 2543 
3 2551 2549 2543 
3 2543 2548 2551 
3 1480 1485 1459 
3 1480 1459 1460 
3 1460 1466 1480 
3 2579 2571 2572 
3 3039 3045 3037 
3 577 578 581 
3 577 581 579 
3 379 378 382 
3 379 382 386 
3 591 589 588 
3 4500 4503 4507 
3 4507 4501 4500 
3 790 795 796 
3 3253 3259 3255 
3 3776 3771 3773 
3 3773 3780 3776 
3 3486 3487 3491 
3 3491 3496 3498 
3 3491 3498 3489 
3 3489 3486 3491 
3 3276 3281 3280 
3 3276 3280 3279 
3 3276 3279 3240 
3 3821 3818 3817 
3 3354 3357 3362 
3 3361 3346 3354 
3 3354 3362 3361 
3 5489 5483 5474 
3 5489 5474 5491 
3 5489 5491 5495 
3 4550 4556 4552 
3 4382 4375 4376 
3 4431 4429 4382 
3 4376 4431 4382 
3 4189 4192 4190 
3 4184 4189 4190 
3 4187 4184 4190 
3 3539 3540 2776 
3 3109 3104 3110 
3 3109 3102 3104 
3 3371 3368 3372 
3 3372 3374 3371 
3 1352 1459 1485 
3 1485 1350 1352 
3 571 566 460 
3 576 578 571 
3 460 576 571 
3 408 421 425 
3 402 404 408 
3 408 425 402 
3 903 1113 2743 
3 789 784 787 
3 787 790 789 
3 3259 3263 3255 
3 3776 3769 3771 
3 4619 4616 3487 
3 3487 3486 3482 
3 3482 4619 3487 
3 3236 3237 3235 
3 3235 3233 3236 
3 3818 3821 3823 
3 3633 3638 3818 
3 3818 3823 3633 
3 3357 3385 3362 
3 5521 5523 5527 
3 5527 5526 5521 
3 5314 5311 5317 
3 5322 5321 5314 
3 5314 5317 5320 
3 5314 5320 5322 
3 4375 4374 4371 
3 4375 4371 4376 
3 3432 3436 2667 
3 2667 3430 3432 
3 3540 3545 3544 
3 3540 3544 2781 
3 3540 2781 2776 
3 406 413 410 
3 410 414 407 
3 407 406 410 
3 3368 3366 3369 
3 3369 3372 3368 
3 1459 1352 1354 
3 1455 1460 1459 
3 1354 1455 1459 
3 1412 1408 1903 
3 1903 1420 1412 
3 1266 1275 1272 
3 566 562 467 
3 566 467 462 
3 566 462 460 
3 428 425 421 
3 4131 4118 4119 
3 4119 4123 4131 
3 1845 1851 1848 
3 1848 2402 1821 
3 1821 1822 1848 
3 1848 1822 1845 
3 3501 3498 3496 
3 3500 3501 3496 
3 3237 3240 3235 
3 3341 3346 3336 
3 3336 3334 3341 
3 4255 4258 4254 
3 4254 4251 4255 
3 4993 4986 4982 
3 5483 5478 5472 
3 5472 5474 5483 
3 5311 5312 5317 
3 4370 4371 4374 
3 4364 4370 4374 
3 3446 3436 3437 
3 3437 3440 3442 
3 3437 3442 3446 
3 5216 5214 5185 
3 5185 5190 5216 
3 413 406 409 
3 409 411 413 
3 3366 3360 3364 
3 3366 3364 3369 
3 1405 1404 1408 
3 1412 1405 1408 
3 3007 3006 3012 
3 3012 3015 3007 
3 578 576 583 
3 585 581 578 
3 583 585 578 
3 401 403 404 
3 404 402 401 
3 4114 4119 4118 
3 4108 4114 4118 
3 4118 4107 4108 
3 1851 1845 1847 
3 1851 1847 1854 
3 3498 3501 3503 
3 3498 3503 3497 
3 3498 3497 3489 
3 1031 1373 147 
3 1031 147 148 
3 148 1029 1031 
3 3638 3633 3634 
3 3637 3639 3638 
3 3634 3637 3638 
3 3346 3361 3360 
3 3360 3336 3346 
3 4255 4256 4258 
3 5476 5472 5478 
3 5520 5512 5514 
3 5530 5524 5520 
3 5520 5514 5525 
3 5520 5525 5530 
3 4556 4550 4553 
3 4558 4560 4556 
3 4553 4558 4556 
3 4434 4430 4429 
3 4429 4431 4434 
3 4903 4898 4895 
3 3436 2674 2668 
3 3446 2674 3436 
3 2668 2667 3436 
3 5214 5181 5185 
3 422 426 421 
3 421 414 422 
3 1589 1592 1585 
3 1585 1578 1589 
3 1351 1354 1352 
3 1365 1361 1404 
3 1405 1365 1404 
3 2993 2992 2990 
3 2991 2800 2993 
3 2990 2991 2993 
3 3003 3009 3006 
3 3006 3007 2999 
3 3006 2999 3003 
3 576 460 457 
3 576 457 582 
3 582 583 576 
3 405 403 234 
3 405 234 231 
3 231 229 405 
3 587 584 579 
3 4123 4119 4116 
3 3501 3500 3504 
3 3501 3504 3505 
3 3501 3505 3503 
3 3386 3362 3385 
3 3385 3393 3390 
3 3385 3390 3386 
3 4990 4984 4986 
3 4986 4993 4991 
3 4986 4991 4990 
3 5455 5491 5474 
3 5474 5472 5462 
3 5474 5462 5455 
3 5512 5504 5506 
3 5512 5506 5510 
3 5510 5514 5512 
3 4550 4547 4548 
3 4550 4548 4553 
3 4898 4897 4893 
3 3440 3441 3450 
3 3450 3442 3440 
3 5075 5074 5076 
3 428 421 426 
3 430 428 426 
3 2542 2546 2550 
3 2544 2539 2542 
3 2550 2544 2542 
3 2575 2585 2572 
3 1974 1980 1976 
3 3005 3013 3009 
3 3009 3003 3005 
3 562 560 555 
3 562 555 474 
3 562 474 467 
3 403 401 234 
3 580 584 588 
3 4503 4500 4499 
3 3500 3682 3681 
3 3677 3504 3500 
3 3681 3677 3500 
3 1377 1374 1372 
3 3627 3634 3633 
3 3628 3627 3633 
3 3365 3361 3362 
3 3377 3365 3362 
3 3362 3386 3377 
3 4979 4984 4983 
3 4979 4981 4977 
3 4983 4981 4979 
3 5491 5455 5454 
3 5496 5495 5491 
3 5454 5496 5491 
3 5504 5500 5506 
3 4567 4565 4560 
3 4558 4567 4560 
3 1269 1271 1274 
3 3451 3450 3441 
3 3441 3443 3451 
3 421 408 414 
3 408 407 414 
3 2546 2549 2552 
3 2546 2552 2556 
3 2556 2550 2546 
3 1984 1982 1980 
3 1980 1974 1357 
3 1357 1355 1980 
3 1980 1355 1984 
3 2800 2991 2804 
3 2800 2804 2798 
3 1979 1952 1955 
3 1955 1977 1979 
3 3015 3018 3011 
3 3011 3007 3015 
3 560 565 556 
3 556 555 560 
3 425 428 433 
3 584 580 575 
3 575 579 584 
3 841 845 847 
3 4114 4108 4109 
3 3686 3682 3495 
3 3495 4473 4470 
3 3495 4470 3686 
3 1374 1377 1376 
3 1376 1373 1374 
3 3400 3390 3393 
3 3399 3400 3393 
3 2497 2501 2498 
3 2495 2493 2497 
3 2498 2495 2497 
3 4987 4983 4984 
3 4984 4990 4987 
3 5530 5528 5524 
3 4434 4433 4430 
3 4890 4893 4897 
3 3452 3446 3442 
3 3450 3452 3442 
3 406 405 229 
3 406 407 405 
3 226 409 406 
3 229 226 406 
3 2549 2551 2552 
3 5192 5191 5187 
3 1986 1985 1982 
3 1982 1984 1986 
3 1979 1953 1952 
3 1952 1953 1947 
3 2206 3011 3018 
3 3018 2219 2206 
3 565 568 561 
3 561 556 565 
3 399 401 402 
3 4107 4101 4099 
3 4107 4099 4100 
3 4100 4108 4107 
3 3757 3754 3748 
3 3764 3754 3757 
3 3757 3748 3752 
3 3684 3681 3682 
3 3687 3684 3682 
3 3682 3686 3687 
3 1381 1376 1377 
3 5127 5131 5129 
3 3390 3400 3396 
3 3396 3386 3390 
3 9 8 3 
3 12 8 9 
3 1773 2498 2501 
3 2501 2506 1773 
3 4941 4935 4933 
3 5502 5506 5500 
3 5500 5497 5502 
3 4433 4434 4436 
3 4433 4436 4502 
3 2882 1735 2880 
3 2881 2884 2882 
3 2880 2881 2882 
3 2619 2618 3430 
3 3430 2667 2619 
3 1026 1025 1019 
3 1019 1021 1026 
3 1014 1021 1019 
3 407 408 404 
3 407 404 403 
3 403 405 407 
3 5477 5481 5475 
3 5471 5476 5477 
3 5475 5471 5477 
3 2548 3374 2603 
3 2602 2551 2548 
3 2548 2603 2602 
3 1832 1831 1837 
3 1835 1832 1837 
3 1837 1842 1843 
3 1843 1835 1837 
3 1991 1983 1985 
3 1985 1986 1988 
3 1985 1988 1991 
3 2991 2990 2987 
3 2807 2804 2991 
3 2991 2987 2989 
3 2991 2989 2807 
3 3007 3011 2202 
3 3007 2201 2999 
3 2202 2201 3007 
3 480 474 555 
3 555 556 551 
3 555 551 480 
3 428 430 434 
3 428 434 433 
3 4097 4099 4101 
3 4094 4097 4101 
3 2402 2403 2405 
3 1815 1821 2402 
3 2402 2405 1815 
3 4477 4476 4473 
3 4473 4476 4472 
3 4473 4472 4470 
3 1339 1333 1330 
3 1330 1342 1339 
3 5133 5135 5131 
3 5130 5133 5131 
3 5131 5127 5130 
3 3400 3399 3405 
3 7 3 8 
3 8 12 7 
3 5693 5703 5701 
3 5502 5510 5506 
3 4435 4434 4431 
3 4431 4376 4435 
3 1735 1731 1733 
3 1738 2880 1735 
3 1733 1738 1735 
3 4896 4895 4892 
3 4892 5026 4896 
3 5223 5221 5217 
3 1027 1023 1025 
3 1032 1027 1025 
3 1025 1026 1032 
3 662 415 664 
3 662 664 667 
3 5602 5479 5481 
3 5481 5479 5475 
3 3374 3372 3375 
3 3374 3375 3378 
3 3378 2603 3374 
3 1831 1832 1826 
3 1831 1826 1827 
3 1358 1357 1974 
3 2984 2987 2990 
3 2986 2984 2990 
3 3011 2206 2202 
3 473 467 474 
3 474 480 478 
3 478 473 474 
3 436 434 430 
3 4099 4097 4095 
3 4095 4100 4099 
3 2406 2405 2403 
3 2403 2404 2406 
3 4476 4477 4480 
3 4480 4478 4476 
3 4476 4478 4475 
3 4476 4475 4472 
3 1333 1326 1325 
3 1333 1325 1330 
3 3399 3401 3403 
3 3399 3403 3405 
3 3 7 5 
3 3 5 2 
3 2 1 3 
3 4439 4436 4434 
3 4434 4435 4437 
3 4434 4437 4439 
3 1727 1726 1713 
3 1723 1731 1727 
3 1727 1713 1712 
3 1727 1712 1723 
3 5221 5224 5219 
3 5219 5217 5221 
3 1023 1028 1024 
3 1023 1027 1028 
3 1024 986 1023 
3 412 664 415 
3 415 411 412 
3 5476 5471 5469 
3 2551 2602 2601 
3 2598 2552 2551 
3 2551 2601 2598 
3 1835 1826 1832 
3 2804 2807 2805 
3 2804 2805 2799 
3 2799 2798 2804 
3 564 561 568 
3 568 573 570 
3 568 570 564 
3 437 433 434 
3 441 437 434 
3 434 436 441 
3 1113 903 902 
3 1113 902 1112 
3 1112 1115 1113 
3 4497 4498 4502 
3 4097 4094 4093 
3 4097 4093 4092 
3 4092 4095 4097 
3 3218 3214 3211 
3 3211 3212 3218 
3 1823 1818 1820 
3 4477 4616 4615 
3 4615 4480 4477 
3 37 32 1342 
3 1342 1330 37 
3 1373 1376 147 
3 1114 1119 1116 
3 1111 1114 1116 
3 11 7 12 
3 12 15 11 
3 3990 3985 3984 
3 3984 3989 3990 
3 2881 2883 2888 
3 2888 2883 2891 
3 2888 2884 2881 
3 2617 2615 2618 
3 2618 2619 2617 
3 1027 1030 1028 
3 1027 1032 1030 
3 664 412 666 
3 666 667 664 
3 3373 3375 3372 
3 3372 3369 3373 
3 1842 1844 1850 
3 1842 1850 1843 
3 586 587 581 
3 581 587 579 
3 585 586 581 
3 4501 4498 4496 
3 4496 4500 4501 
3 4103 4109 4108 
3 4108 4100 4103 
3 3207 3211 3214 
3 3208 3207 3214 
3 1818 1814 1813 
3 1818 1813 1820 
3 4618 4615 4616 
3 4619 4618 4616 
3 32 37 34 
3 31 29 32 
3 32 34 31 
3 11 5 7 
3 4497 4502 4436 
3 4493 4497 4436 
3 4439 4493 4436 
3 1730 1733 1731 
3 1724 1730 1731 
3 1723 1724 1731 
3 2883 2881 2879 
3 2876 2891 2883 
3 2883 2879 2878 
3 2883 2878 2876 
3 2613 2612 2615 
3 2615 2617 2613 
3 984 982 986 
3 1024 984 986 
3 3380 3378 3375 
3 3375 3373 3379 
3 3379 3380 3375 
3 1486 1867 1491 
3 1491 1489 1486 
3 464 462 467 
3 467 473 469 
3 469 464 467 
3 4498 4497 4493 
3 4493 4494 4498 
3 4498 4494 4496 
3 4109 4103 4105 
3 3228 3232 3234 
3 3228 3234 3230 
3 1840 1841 1846 
3 1321 1325 1326 
3 3361 3365 3364 
3 3364 3360 3361 
3 5 11 6 
3 6 2 5 
3 4322 4317 4321 
3 4322 4330 4325 
3 4332 4330 4322 
3 4327 4332 4322 
3 4321 4327 4322 
3 5435 5439 5440 
3 4717 4745 5249 
3 5249 4745 4749 
3 5249 5243 5244 
3 4749 5243 5249 
3 5248 5251 5249 
3 5244 5248 5249 
3 5070 5072 5074 
3 5074 5075 5071 
3 5074 5071 5070 
3 905 910 907 
3 908 910 905 
3 905 907 518 
3 905 518 522 
3 904 908 905 
3 522 904 905 
3 1074 1071 1077 
3 1070 1071 1074 
3 1867 1486 1483 
3 1872 1868 1867 
3 1483 1872 1867 
3 2592 2597 2594 
3 455 460 462 
3 462 464 458 
3 462 458 455 
3 4098 4103 4100 
3 4100 4095 4096 
3 4100 4096 4098 
3 1818 1823 1822 
3 1822 1821 1818 
3 1823 1845 1822 
3 1325 1323 39 
3 1321 1323 1325 
3 39 1330 1325 
3 3377 3370 3365 
3 3365 3370 3364 
3 14 11 15 
3 15 18 14 
3 5703 5693 5700 
3 4313 4317 4311 
3 4311 4304 4313 
3 4539 4543 5323 
3 5323 5321 5327 
3 5323 5329 4539 
3 5327 5329 5323 
3 4745 4717 4716 
3 4745 4716 4746 
3 4745 4746 4749 
3 2880 2879 2881 
3 5072 5070 4996 
3 930 907 910 
3 908 913 910 
3 910 913 923 
3 923 930 910 
3 1073 1077 1071 
3 1071 1070 1067 
3 1068 1073 1071 
3 1067 1068 1071 
3 1481 1486 1489 
3 1489 1484 1479 
3 1479 1481 1489 
3 2597 2625 2628 
3 2597 2628 2594 
3 455 457 460 
3 4494 4493 4489 
3 4490 4496 4494 
3 4489 4490 4494 
3 4104 4105 4103 
3 4098 4104 4103 
3 1814 1818 1821 
3 1821 1815 1814 
3 45 39 1323 
3 1323 1321 1319 
3 1323 1319 47 
3 47 45 1323 
3 3383 3377 3386 
3 3396 3388 3386 
3 3386 3388 3383 
3 109 6 11 
3 11 14 109 
3 4320 4321 4317 
3 4313 4320 4317 
3 4544 4548 4547 
3 4541 4544 4547 
3 4543 4541 4547 
3 4713 4716 4717 
3 3832 3829 3837 
3 3827 3829 3832 
3 3832 3837 3840 
3 3832 3840 3841 
3 3832 3841 3833 
3 3832 3833 3827 
3 5604 5601 5600 
3 5601 5599 5600 
3 514 518 907 
3 907 930 952 
3 907 952 514 
3 1077 1073 1079 
3 1079 1081 1077 
3 1481 1483 1486 
3 1355 1357 1356 
3 1355 1356 1044 
3 1044 1984 1355 
3 4488 4489 4493 
3 4493 4439 4488 
3 1845 1823 1840 
3 1840 1847 1845 
3 1330 39 37 
3 5133 5130 3067 
3 3370 3377 3376 
3 3369 3364 3370 
3 3376 3369 3370 
3 0 1 2 
3 1793 1792 1786 
3 4991 4997 4990 
3 4304 4303 4309 
3 4304 4309 4313 
3 4548 4544 4542 
3 4548 4546 4553 
3 4542 4546 4548 
3 5240 5244 5243 
3 5243 4749 4751 
3 5243 4751 5238 
3 5238 5240 5243 
3 3826 3837 3829 
3 3829 3825 3819 
3 3827 3825 3829 
3 3829 3819 3826 
3 5798 5799 5795 
3 5798 5805 5804 
3 5798 5804 5799 
3 913 908 911 
3 921 923 913 
3 915 921 913 
3 911 915 913 
3 687 1067 1070 
3 1477 1479 1484 
3 1482 1477 1484 
3 1359 1356 1357 
3 1357 1358 1359 
3 556 561 552 
3 552 551 556 
3 4495 4499 4500 
3 4500 4496 4495 
3 4090 4094 4146 
3 4089 4090 4146 
3 1847 1840 1846 
3 1849 1854 1847 
3 1846 1849 1847 
3 5134 5129 5131 
3 5134 5131 5135 
3 39 45 44 
3 38 37 39 
3 39 44 38 
3 142 147 1376 
3 1378 142 1376 
3 1376 1381 1379 
3 1376 1379 1378 
3 5127 5125 5130 
3 3377 3383 3376 
3 1793 1795 1792 
3 3016 3010 3031 
3 3031 3035 3026 
3 3026 3016 3031 
3 5307 5313 5309 
3 5307 5309 5297 
3 4544 4541 4542 
3 5251 5248 5247 
3 5251 5247 5253 
3 5809 5808 5817 
3 5809 5817 5818 
3 5809 5818 5814 
3 5814 5811 5809 
3 219 412 411 
3 411 409 221 
3 221 219 411 
3 519 522 518 
3 517 519 518 
3 518 514 517 
3 1076 1079 1073 
3 1073 1068 1069 
3 1069 1076 1073 
3 1868 1872 1866 
3 1356 1359 1360 
3 1356 1360 1046 
3 1356 1046 1044 
3 559 552 561 
3 564 559 561 
3 401 398 234 
3 399 398 401 
3 4504 4499 4598 
3 1679 1683 1682 
3 1682 1683 1685 
3 2410 1815 2405 
3 2406 2408 2405 
3 2405 2408 2410 
3 3785 3780 3781 
3 3781 3786 3785 
3 5398 5405 5410 
3 5410 5399 5398 
3 146 148 147 
3 147 142 146 
3 3240 2437 2435 
3 2435 3235 3240 
3 3072 5130 5125 
3 3077 3072 5125 
3 116 119 2 
3 2 6 116 
3 4303 4299 4302 
3 4307 4309 4303 
3 4302 4307 4303 
3 4541 4543 4539 
3 4541 4539 4538 
3 4538 4542 4541 
3 5248 5244 5247 
3 3840 3844 3841 
3 5803 5780 5807 
3 5807 5808 5803 
3 5181 5092 5097 
3 5179 5185 5181 
3 5097 5179 5181 
3 412 219 666 
3 908 904 906 
3 909 911 908 
3 1081 1079 1085 
3 1081 1085 1090 
3 1088 1083 1081 
3 1090 1088 1081 
3 1875 1866 1872 
3 1483 1876 1872 
3 1872 1876 1875 
3 1984 1044 1045 
3 1987 1986 1984 
3 1045 1987 1984 
3 551 548 480 
3 549 548 551 
3 551 552 549 
3 240 234 398 
3 398 399 394 
3 394 392 398 
3 398 392 240 
3 4499 4495 4492 
3 4492 4598 4499 
3 1810 1814 1815 
3 2410 1810 1815 
3 5666 5709 5652 
3 5649 5666 5652 
3 5652 5642 5649 
3 150 987 1024 
3 1024 1029 150 
3 5130 3072 3069 
3 3069 3067 5130 
3 119 116 118 
3 4299 4274 4272 
3 5244 5240 5242 
3 5244 5242 5247 
3 2870 2859 2854 
3 2854 2849 2857 
3 2857 2870 2854 
3 226 221 409 
3 904 522 524 
3 1079 1076 1084 
3 1079 1084 1085 
3 1870 1844 1866 
3 1866 1875 1870 
3 1361 1359 1358 
3 1283 1275 1277 
3 1277 1280 1283 
3 484 480 548 
3 234 240 236 
3 234 236 233 
3 233 231 234 
3 898 903 901 
3 901 899 898 
3 4491 4495 4496 
3 4496 4490 4491 
3 1812 1813 1814 
3 1810 1812 1814 
3 5709 5666 5707 
3 5707 5715 5709 
3 987 150 320 
3 320 323 987 
3 3071 3069 3072 
3 3072 3077 3076 
3 3072 3076 3071 
3 109 116 6 
3 4309 4307 4310 
3 4316 4313 4309 
3 4314 4316 4309 
3 4310 4314 4309 
3 5322 5327 5321 
3 4740 4746 4716 
3 4716 4714 4718 
3 4718 4740 4716 
3 3841 3839 3833 
3 3843 3839 3841 
3 2861 2858 2859 
3 2859 2870 2868 
3 2859 2868 2865 
3 2859 2865 2861 
3 5190 5185 5180 
3 5180 5182 5190 
3 219 221 218 
3 219 217 666 
3 218 217 219 
3 522 519 525 
3 522 525 526 
3 1068 1067 1065 
3 1068 1065 1064 
3 1064 1069 1068 
3 1844 1870 1850 
3 1362 1360 1359 
3 1364 1362 1359 
3 1359 1361 1364 
3 484 478 480 
3 399 395 394 
3 898 902 903 
3 4491 4492 4495 
3 1813 1812 1809 
3 5666 5674 5707 
3 148 150 1029 
3 3412 3413 3444 
3 3439 3417 3412 
3 3412 3444 3439 
3 113 118 116 
3 116 109 113 
3 4274 4269 4272 
3 4567 4568 4565 
3 4565 4568 4569 
3 4748 4749 4746 
3 4746 4740 4748 
3 3835 3833 3839 
3 3839 3843 3842 
3 3838 3835 3839 
3 3839 3842 3838 
3 2861 2860 2858 
3 5185 5179 5180 
3 222 218 221 
3 221 226 222 
3 519 517 520 
3 519 520 525 
3 686 1065 1067 
3 1067 687 686 
3 1876 1483 1882 
3 1876 1882 1880 
3 1880 1875 1876 
3 757 750 746 
3 53 54 58 
3 58 54 166 
3 57 53 58 
3 58 62 57 
3 164 62 58 
3 167 164 58 
3 58 166 167 
3 4094 4090 4091 
3 4094 4091 4093 
3 5641 5649 5642 
3 5642 5635 5641 
3 150 148 149 
3 149 320 150 
3 3067 3069 3066 
3 3066 3062 3067 
3 3413 4631 3444 
3 118 113 115 
3 4568 4567 4573 
3 4572 4569 4568 
3 4573 4572 4568 
3 4749 4748 4751 
3 3828 3827 3833 
3 3833 3835 3831 
3 3833 3831 3828 
3 5173 5180 5179 
3 5179 5097 5102 
3 5179 5102 5173 
3 2956 2955 2948 
3 923 928 930 
3 930 928 938 
3 951 952 930 
3 930 938 951 
3 1059 1064 1065 
3 683 1059 1065 
3 1065 686 683 
3 1474 1882 1483 
3 1483 1481 1476 
3 1476 1474 1483 
3 750 759 760 
3 750 757 759 
3 750 760 752 
3 54 53 49 
3 169 166 54 
3 54 49 51 
3 54 51 169 
3 473 478 476 
3 473 476 472 
3 472 469 473 
3 836 2760 2825 
3 2825 833 836 
3 902 898 897 
3 897 1109 902 
3 1109 1112 902 
3 4090 4089 4087 
3 5641 5646 5649 
3 323 320 321 
3 321 325 323 
3 3071 3066 3069 
3 3010 3016 3008 
3 4567 4558 4559 
3 4571 4573 4567 
3 4559 4571 4567 
3 3821 3819 3825 
3 3825 3827 3821 
3 5174 5178 5182 
3 5182 5180 5174 
3 2951 2955 2959 
3 2951 2959 2952 
3 928 923 929 
3 928 929 932 
3 928 932 938 
3 2605 2602 2603 
3 1882 1474 1470 
3 1882 1470 1888 
3 1888 1880 1882 
3 4127 4122 4125 
3 4125 4122 4121 
3 4128 4127 4125 
3 4126 4128 4125 
3 4121 4126 4125 
3 53 57 52 
3 46 49 53 
3 52 46 53 
3 482 476 478 
3 478 484 482 
3 3785 3782 3780 
3 3780 3782 3776 
3 5730 5726 5715 
3 5708 5730 5715 
3 5715 5707 5708 
3 3202 3205 3193 
3 3202 3193 3187 
3 3062 3066 3061 
3 3062 3061 3057 
3 4268 4272 4269 
3 4264 4268 4269 
3 4269 4266 4264 
3 4558 4553 4559 
3 4711 4718 4714 
3 4714 4706 4711 
3 3819 3813 3811 
3 3821 3813 3819 
3 3819 3811 3812 
3 3819 3812 3820 
3 3820 3826 3819 
3 5186 5178 5176 
3 5186 5176 5183 
3 923 921 929 
3 2605 2601 2602 
3 1481 1479 1475 
3 1475 1476 1481 
3 4122 4123 4116 
3 4122 4127 4123 
3 4117 4121 4122 
3 4122 4116 4117 
3 62 63 59 
3 59 57 62 
3 62 164 161 
3 62 161 157 
3 62 154 63 
3 157 154 62 
3 477 472 476 
3 482 477 476 
3 2455 2452 2454 
3 2454 2452 2449 
3 2458 2455 2454 
3 3308 2458 2454 
3 3283 3306 2454 
3 2454 3306 3308 
3 2449 3283 2454 
3 4604 4602 4598 
3 4492 4604 4598 
3 3782 3785 3789 
3 3782 3775 3776 
3 3784 3775 3782 
3 3789 3784 3782 
3 1923 1926 1920 
3 1915 1923 1920 
3 3063 3061 3066 
3 3066 3071 3068 
3 3066 3068 3063 
3 3382 3383 3388 
3 5497 5494 5499 
3 5499 5502 5497 
3 1754 1759 1758 
3 1751 1244 1754 
3 1755 1751 1754 
3 1758 1755 1754 
3 4740 4718 4721 
3 4744 4748 4740 
3 4739 4744 4740 
3 4721 4739 4740 
3 3820 3824 3826 
3 3826 3824 3847 
3 5170 5176 5178 
3 5174 5170 5178 
3 810 809 815 
3 815 813 810 
3 810 813 807 
3 512 514 952 
3 958 512 952 
3 952 951 955 
3 952 955 958 
3 1875 1880 1878 
3 1875 1878 1870 
3 4127 4128 4130 
3 4130 4132 4127 
3 4127 4132 4129 
3 4127 4129 4123 
3 59 52 57 
3 2207 2206 2219 
3 2216 2207 2219 
3 2824 2819 2823 
3 2823 2828 2824 
3 388 394 395 
3 390 388 395 
3 2452 2455 2448 
3 2448 2449 2452 
3 3791 3785 3786 
3 3790 3791 3786 
3 1930 1928 1926 
3 3058 3057 3061 
3 3063 3058 3061 
3 18 20 14 
3 5451 5499 5494 
3 5494 5450 5451 
3 5319 5313 5318 
3 5318 5436 5325 
3 5318 5325 5319 
3 4718 4711 4715 
3 4715 4721 4718 
3 3823 3821 3827 
3 3827 3828 3823 
3 809 777 816 
3 816 815 809 
3 513 517 514 
3 512 513 514 
3 1076 1069 1066 
3 1082 1084 1076 
3 1066 1082 1076 
3 1479 1477 1471 
3 1471 1475 1479 
3 4128 4126 4247 
3 4247 4246 4128 
3 4128 4246 4242 
3 4128 4242 4130 
3 162 161 164 
3 168 162 164 
3 164 167 168 
3 2768 2819 2765 
3 1638 1631 1639 
3 1639 1631 1633 
3 1648 1643 1639 
3 1633 1636 1639 
3 1639 1636 1644 
3 1639 1644 1646 
3 1639 1646 1648 
3 2455 2458 2460 
3 2451 2448 2455 
3 2459 2451 2455 
3 2460 2459 2455 
3 4610 4608 4604 
3 4604 4492 4605 
3 4604 4605 4610 
3 784 1559 771 
3 771 776 784 
3 776 787 784 
3 3785 3791 3789 
3 1923 1915 1918 
3 1125 1119 1122 
3 5313 5319 5316 
3 5316 5309 5313 
3 1250 1248 1251 
3 1250 1251 1254 
3 4748 4744 4750 
3 4752 4751 4748 
3 4750 4752 4748 
3 3824 3820 3822 
3 3822 3847 3824 
3 5170 5174 5168 
3 5168 5160 5170 
3 5170 5160 5163 
3 777 754 751 
3 751 816 777 
3 918 925 921 
3 921 925 929 
3 915 918 921 
3 1069 1064 1062 
3 1062 1066 1069 
3 1477 1482 1473 
3 1477 1473 1471 
3 4126 4121 4120 
3 4126 4120 4124 
3 4124 4247 4126 
3 161 162 159 
3 161 159 157 
3 2819 2824 2821 
3 2762 2765 2819 
3 2821 2762 2819 
3 1627 1633 1631 
3 1628 1627 1631 
3 2461 2460 2458 
3 2458 3308 3312 
3 3312 2461 2458 
3 4610 4612 4608 
3 4085 4087 4089 
3 3212 3211 3204 
3 3212 3204 3205 
3 3676 3675 3672 
3 3680 3675 3676 
3 3676 3672 3673 
3 3679 3680 3676 
3 3676 3673 3677 
3 3677 3679 3676 
3 5309 5316 5312 
3 5302 5297 5309 
3 5312 5302 5309 
3 1243 1248 1244 
3 1244 1751 1749 
3 1749 1241 1244 
3 1244 1241 1243 
3 4739 4743 4744 
3 4744 4743 4750 
3 3847 3822 3861 
3 5180 5173 5174 
3 2955 2956 2961 
3 2965 2959 2955 
3 2961 2965 2955 
3 925 918 924 
3 926 929 925 
3 924 926 925 
3 1093 1085 1084 
3 1084 1082 1092 
3 1084 1092 1093 
3 2592 2588 2595 
3 2597 2592 2595 
3 2595 2604 2597 
3 2588 2585 2595 
3 4121 4117 4115 
3 4121 4115 4120 
3 162 168 165 
3 165 163 162 
3 162 163 159 
3 2828 2833 2830 
3 2830 2824 2828 
3 3284 3305 3306 
3 3306 3305 3308 
3 3306 3283 3284 
3 2071 2080 2072 
3 2071 2072 2068 
3 4087 4085 4082 
3 4087 4082 4080 
3 3201 3204 3211 
3 3207 3201 3211 
3 1931 1927 1928 
3 1928 1930 1933 
3 1928 1933 1931 
3 145 149 148 
3 148 146 145 
3 3671 3672 3675 
3 3675 3680 3685 
3 3669 3671 3675 
3 3675 3685 3678 
3 3678 3670 3675 
3 3675 3670 3669 
3 3016 3026 3013 
3 3013 3008 3016 
3 5516 5525 5514 
3 5514 5510 5513 
3 5514 5513 5516 
3 4305 4308 4307 
3 4307 4308 4310 
3 4307 4302 4305 
3 1246 1251 1248 
3 1243 1246 1248 
3 4751 4752 4753 
3 4753 5238 4751 
3 2905 3842 3843 
3 2962 2961 2956 
3 918 915 920 
3 920 924 918 
3 1059 1058 1064 
3 1064 1058 1062 
3 2625 2597 2604 
3 5717 5716 5714 
3 5717 5714 5718 
3 171 167 166 
3 166 169 171 
3 2833 2838 2830 
3 3305 3284 3287 
3 3309 3308 3305 
3 3305 3292 3304 
3 3287 3292 3305 
3 3305 3304 3309 
3 2080 2083 2095 
3 2082 2072 2080 
3 2091 2082 2080 
3 2095 2091 2080 
3 4083 4082 4085 
3 1931 2352 1927 
3 320 149 317 
3 317 321 320 
3 5547 5548 5553 
3 3668 3673 3672 
3 3672 3671 3668 
3 3230 3233 3229 
3 5525 5516 5531 
3 5525 5531 5534 
3 5534 5530 5525 
3 3779 3774 4308 
3 4306 3779 4308 
3 4308 4305 4306 
3 4312 4310 4308 
3 3774 4312 4308 
3 1751 1755 1752 
3 1748 1749 1751 
3 1752 1748 1751 
3 4752 4750 4754 
3 4755 4753 4752 
3 4754 4755 4752 
3 4188 4194 4192 
3 4192 4189 4188 
3 2879 2875 2874 
3 2880 2875 2879 
3 2874 2878 2879 
3 3585 3580 3581 
3 3581 3583 3586 
3 3586 3585 3581 
3 934 932 929 
3 926 931 929 
3 929 931 934 
3 1085 1093 1094 
3 1085 1094 1090 
3 2579 2572 2585 
3 2588 2579 2585 
3 5711 5714 5716 
3 171 168 167 
3 2125 2118 2122 
3 2122 2126 2125 
3 2829 2821 2824 
3 2824 2830 2829 
3 1636 1633 1632 
3 1642 1644 1636 
3 1632 1642 1636 
3 3279 3280 3283 
3 3280 3284 3283 
3 3283 2449 3279 
3 2083 2089 2095 
3 2084 2089 2083 
3 4077 4080 4082 
3 4082 4083 4077 
3 1849 1856 1854 
3 149 145 144 
3 149 144 317 
3 5554 5553 5548 
3 5551 5554 5548 
3 5546 5551 5548 
3 3680 3679 3683 
3 3690 3685 3680 
3 3688 3690 3680 
3 3683 3688 3680 
3 3004 3008 3002 
3 3894 3893 3891 
3 5510 5502 5508 
3 5508 5513 5510 
3 1755 1758 1760 
3 1755 1757 1752 
3 1755 1760 1757 
3 5747 5703 5700 
3 5747 5700 5750 
3 774 780 772 
3 782 780 774 
3 774 772 768 
3 775 782 774 
3 761 775 774 
3 774 768 761 
3 2872 2874 2875 
3 2875 2880 1738 
3 2875 1738 2872 
3 3578 3583 3577 
3 915 914 916 
3 915 911 912 
3 916 920 915 
3 2596 2556 2552 
3 2552 2598 2596 
3 1482 1478 1472 
3 1482 1472 1473 
3 174 165 168 
3 168 171 174 
3 2767 2764 2763 
3 1633 1627 1630 
3 1630 1632 1633 
3 3280 3281 3284 
3 3281 3287 3284 
3 2069 2068 2072 
3 2160 2069 2072 
3 2072 2082 2153 
3 2072 2153 2160 
3 5456 5466 5459 
3 1856 1849 1853 
3 1853 1861 1856 
3 1843 1846 1841 
3 139 146 142 
3 142 1378 135 
3 142 135 139 
3 5554 5558 5553 
3 3673 3668 3513 
3 3673 3510 3677 
3 3513 3510 3673 
3 3802 3798 3801 
3 3879 3804 3802 
3 3801 3879 3802 
3 3008 3013 3005 
3 3008 3005 3002 
3 1764 1760 1758 
3 4706 4703 4701 
3 4706 4701 4707 
3 4707 4711 4706 
3 779 772 780 
3 780 782 803 
3 799 786 780 
3 780 786 779 
3 803 799 780 
3 2878 2874 2873 
3 2873 2876 2878 
3 2681 2679 3458 
3 745 751 754 
3 749 745 754 
3 1058 1059 1054 
3 1056 1062 1058 
3 1054 1056 1058 
3 5673 5667 5672 
3 5672 5676 5682 
3 5679 5673 5672 
3 5678 5679 5672 
3 5682 5678 5672 
3 1158 1188 1157 
3 1157 1153 1154 
3 1154 1158 1157 
3 47 51 49 
3 49 46 45 
3 49 45 47 
3 2764 2765 2758 
3 2749 2763 2764 
3 2752 2749 2764 
3 2764 2758 2752 
3 1627 1628 1624 
3 1627 1624 1623 
3 1625 1630 1627 
3 1623 1625 1627 
3 2449 2448 2445 
3 2449 2445 3279 
3 1843 1850 1846 
3 5730 5731 5726 
3 139 145 146 
3 5558 5554 5557 
3 5561 5562 5558 
3 5557 5561 5558 
3 3679 3677 3681 
3 3679 3681 3683 
3 2406 2404 2407 
3 1257 1254 1251 
3 1261 1257 1251 
3 1251 1246 1247 
3 1251 1256 1261 
3 1247 1256 1251 
3 4697 4701 4703 
3 772 779 770 
3 772 765 768 
3 770 765 772 
3 2874 2872 2869 
3 2874 2869 2867 
3 2871 2873 2874 
3 2867 2871 2874 
3 813 815 817 
3 813 817 814 
3 814 807 813 
3 942 938 932 
3 932 934 942 
3 681 1054 1059 
3 1059 683 681 
3 5661 5657 5667 
3 5667 5673 5669 
3 5667 5669 5661 
3 1188 1158 1186 
3 50 169 51 
3 51 47 50 
3 2765 2762 2758 
3 1651 1646 1644 
3 1644 1642 1651 
3 2448 2451 2444 
3 2443 2445 2448 
3 2448 2444 2443 
3 2213 2218 2069 
3 2160 2213 2069 
3 4080 4077 4074 
3 5731 5730 5736 
3 5736 5733 5731 
3 5554 5551 5557 
3 3671 3669 3667 
3 3667 3668 3671 
3 5046 5049 5048 
3 5048 5045 5046 
3 5758 5070 5071 
3 5766 5758 5071 
3 4565 4566 4561 
3 4561 4560 4565 
3 1254 1257 1259 
3 4701 4697 4691 
3 4701 4691 4690 
3 4692 4707 4701 
3 4690 4692 4701 
3 809 810 782 
3 782 775 809 
3 810 803 782 
3 5030 5028 5026 
3 5026 4892 5030 
3 819 817 815 
3 816 819 815 
3 938 942 949 
3 938 949 951 
3 1087 1082 1086 
3 1092 1082 1087 
3 1087 1086 1089 
3 1089 1095 1087 
3 1087 1095 1096 
3 1096 1092 1087 
3 5676 5677 5681 
3 5681 5682 5676 
3 1153 1147 1148 
3 1153 1148 1154 
3 169 50 170 
3 169 170 172 
3 169 172 171 
3 464 469 466 
3 461 458 464 
3 466 461 464 
3 1653 1648 1646 
3 1646 1651 1654 
3 1646 1654 1653 
3 2457 2450 2451 
3 2451 2450 2444 
3 2451 2459 2457 
3 2082 2091 2153 
3 695 693 690 
3 325 321 322 
3 325 322 324 
3 3693 3678 3685 
3 3694 3693 3685 
3 3685 3690 3694 
3 3233 3235 2431 
3 2431 3229 3233 
3 2997 3000 3002 
3 4992 4996 5070 
3 5758 4992 5070 
3 4783 4779 4781 
3 4778 4779 4783 
3 4781 4784 4783 
3 4783 4784 4788 
3 4783 4788 4918 
3 4783 4918 4931 
3 4783 4931 4778 
3 1263 1259 1257 
3 1257 1261 1263 
3 4697 4693 4691 
3 777 809 775 
3 754 777 775 
3 775 761 754 
3 5032 5027 5028 
3 5030 5032 5028 
3 820 814 817 
3 822 820 817 
3 817 819 824 
3 817 824 826 
3 826 822 817 
3 517 513 511 
3 516 520 517 
3 511 516 517 
3 1082 1066 1080 
3 1080 1086 1082 
3 1892 1895 1894 
3 1894 1893 1892 
3 46 52 48 
3 44 45 46 
3 38 44 46 
3 43 38 46 
3 48 43 46 
3 472 466 469 
3 1653 1650 1648 
3 2450 2457 2456 
3 2446 2444 2450 
3 2450 2456 2446 
3 2098 2095 2089 
3 2089 2084 2092 
3 2089 2092 2098 
3 3670 3678 3674 
3 3663 3669 3670 
3 3670 3662 3663 
3 3674 3662 3670 
3 2433 2431 3235 
3 3235 2435 2433 
3 4989 4995 4996 
3 4996 4992 4989 
3 4777 4781 4779 
3 4779 4778 4773 
3 4773 4777 4779 
3 3993 3988 3987 
3 3987 3988 3975 
3 3979 3985 3987 
3 3975 3979 3987 
3 786 799 793 
3 781 779 786 
3 786 793 785 
3 786 785 781 
3 5033 5030 4892 
3 5100 5102 5097 
3 807 814 808 
3 807 808 804 
3 513 512 510 
3 510 511 513 
3 1063 1080 1066 
3 1062 1060 1066 
3 1066 1060 1063 
3 1897 1899 1895 
3 1895 1892 1897 
3 1043 1046 1360 
3 1363 1043 1360 
3 1360 1362 1363 
3 52 59 60 
3 55 48 52 
3 60 55 52 
3 2459 2460 2464 
3 2463 2457 2459 
3 2459 2464 2463 
3 2152 2153 2091 
3 5730 5738 5736 
3 5708 5738 5730 
3 317 322 321 
3 3678 3693 3699 
3 3699 3674 3678 
3 4784 4781 4785 
3 4789 4788 4784 
3 4785 4789 4784 
3 3988 3993 3992 
3 3988 3992 3991 
3 3991 3973 3988 
3 3988 3973 3975 
3 799 807 804 
3 799 803 807 
3 799 804 793 
3 5167 5173 5102 
3 5100 5104 5102 
3 5102 5104 5167 
3 814 820 821 
3 814 812 808 
3 821 812 814 
3 1161 1089 1086 
3 1086 1080 1161 
3 1893 1890 1889 
3 1889 1892 1893 
3 1046 1042 1044 
3 1043 1042 1046 
3 1620 1623 1624 
3 1621 1620 1624 
3 1624 1622 1621 
3 2462 2464 2460 
3 2461 2462 2460 
3 693 697 692 
3 689 690 693 
3 688 689 693 
3 692 688 693 
3 322 317 315 
3 322 315 318 
3 318 324 322 
3 3693 3697 3699 
3 3694 3697 3693 
3 3169 3165 5049 
3 3173 3169 5049 
3 5046 3173 5049 
3 2433 2428 2431 
3 4995 4990 4997 
3 5754 4989 4992 
3 4992 5758 5754 
3 4780 4785 4781 
3 4781 4777 4780 
3 773 770 779 
3 779 781 773 
3 5168 5174 5173 
3 5167 5168 5173 
3 820 822 829 
3 820 829 828 
3 828 821 820 
3 1095 1089 1162 
3 1156 1096 1095 
3 1160 1156 1095 
3 1162 1160 1095 
3 1890 1886 1887 
3 1887 1889 1890 
3 1039 1044 1042 
3 1042 1043 1041 
3 1042 1038 1039 
3 2468 2456 2457 
3 2457 2463 2468 
3 2158 2162 2153 
3 2153 2152 2158 
3 2162 2160 2153 
3 4051 4096 4095 
3 4092 4051 4095 
3 697 700 696 
3 696 692 697 
3 3690 3688 3692 
3 3692 3694 3690 
3 3169 3167 3165 
3 3165 3167 3162 
3 3162 3161 3165 
3 2379 2428 2383 
3 4910 4918 4788 
3 4788 4789 4791 
3 4788 4791 4901 
3 4901 4910 4788 
3 4551 4553 4546 
3 4546 4542 4537 
3 4546 4537 4540 
3 4546 4540 4545 
3 4545 4551 4546 
3 3985 3979 3981 
3 3981 3984 3985 
3 803 810 807 
3 2849 2846 2842 
3 2849 2842 2844 
3 2849 2844 2916 
3 2916 2857 2849 
3 5104 5100 5101 
3 5109 5167 5104 
3 5106 5109 5104 
3 5104 5101 5106 
3 819 816 823 
3 823 824 819 
3 1161 1162 1089 
3 1466 1472 1478 
3 1039 1045 1044 
3 2206 2207 2202 
3 3311 3312 3308 
3 3308 3309 3311 
3 4492 4491 4486 
3 4492 4486 4605 
3 4096 4051 4048 
3 4096 4044 4098 
3 4048 4044 4096 
3 1846 1853 1849 
3 701 696 700 
3 139 144 145 
3 3664 3667 3669 
3 3663 3664 3669 
3 3167 3169 3168 
3 3166 3162 3167 
3 3168 3166 3167 
3 2428 2433 2430 
3 2428 2430 2383 
3 4344 4345 4354 
3 5499 5503 5502 
3 5502 5503 5508 
3 4926 4931 4918 
3 4917 4926 4918 
3 4918 4910 4917 
3 4553 4551 4559 
3 4194 4188 4196 
3 2841 2842 2846 
3 2843 2841 2846 
3 2792 2789 3580 
3 3585 2792 3580 
3 1080 1063 1061 
3 1061 1161 1080 
3 1465 1473 1472 
3 1462 1465 1472 
3 1472 1466 1462 
3 1043 1363 1366 
3 1043 1366 1040 
3 1040 1041 1043 
3 2204 2202 2207 
3 2207 2216 2208 
3 2207 2208 2204 
3 1936 1940 1939 
3 1936 1935 1932 
3 1939 1935 1936 
3 4620 4627 4612 
3 4614 4620 4612 
3 4612 4610 4614 
3 4051 4092 4053 
3 4049 4048 4051 
3 4051 4053 4049 
3 686 687 690 
3 690 689 686 
3 1321 1318 1319 
3 143 317 144 
3 141 143 144 
3 144 139 141 
3 3668 3667 3666 
3 3668 3666 3513 
3 3172 3168 3169 
3 3173 3172 3169 
3 5503 5499 5498 
3 5509 5508 5503 
3 5507 5509 5503 
3 5501 5507 5503 
3 5503 5498 5501 
3 4931 4939 4778 
3 4937 4939 4931 
3 4931 4926 4937 
3 4693 4569 4574 
3 4693 4574 4689 
3 4689 4691 4693 
3 755 768 765 
3 765 770 763 
3 758 755 765 
3 763 758 765 
3 2840 2845 2847 
3 801 2840 2847 
3 798 801 2847 
3 2793 2788 2789 
3 2789 2792 2793 
3 1562 1569 1565 
3 1092 1096 1100 
3 1100 1093 1092 
3 1473 1465 1467 
3 1467 1471 1473 
3 1367 1363 1362 
3 1362 1364 1367 
3 1977 1983 1994 
3 1994 1979 1977 
3 1944 1939 1940 
3 4635 4636 4627 
3 4628 4635 4627 
3 4620 4628 4627 
3 1317 1319 1318 
3 1318 1313 1317 
3 143 315 317 
3 3664 3666 3667 
3 5451 5498 5499 
3 4940 4778 4939 
3 4942 4940 4939 
3 4937 4943 4939 
3 4939 4943 4942 
3 4536 4539 5329 
3 5331 4536 5329 
3 5327 5331 5329 
3 5328 5324 5332 
3 5334 5328 5332 
3 5332 5341 5338 
3 5332 5338 5334 
3 755 761 768 
3 2840 2843 2845 
3 5191 5192 5195 
3 5195 5189 5191 
3 5192 5197 5195 
3 818 823 816 
3 751 818 816 
3 527 525 520 
3 521 527 520 
3 516 521 520 
3 1096 1156 1103 
3 1096 1103 1100 
3 1461 1467 1465 
3 1458 1461 1465 
3 1465 1462 1458 
3 1363 1367 1369 
3 1369 1366 1363 
3 1991 1994 1983 
3 1933 1930 1935 
3 1930 1932 1935 
3 1937 1933 1935 
3 1939 1937 1935 
3 4636 4635 4639 
3 4804 4671 4666 
3 4666 4809 4804 
3 5738 5708 5739 
3 1315 47 1319 
3 1319 1317 1314 
3 1319 1314 1315 
3 315 143 311 
3 315 311 312 
3 312 318 315 
3 3666 3664 3661 
3 3666 3661 3518 
3 3515 3513 3666 
3 3518 3515 3666 
3 2177 2170 2174 
3 2171 2170 2177 
3 4926 4917 4920 
3 4926 4920 4930 
3 4930 4937 4926 
3 4539 4535 4534 
3 4536 4535 4539 
3 4534 4538 4539 
3 5324 5328 5320 
3 5320 5317 5324 
3 773 767 770 
3 767 763 770 
3 5032 5029 5027 
3 2786 2782 2784 
3 2784 2782 2780 
3 2784 2788 2786 
3 525 527 528 
3 1060 1062 1056 
3 1057 1063 1060 
3 1060 1056 1053 
3 1053 1057 1060 
3 1886 1883 1884 
3 1884 1887 1886 
3 392 394 388 
3 252 240 392 
3 258 252 392 
3 392 388 385 
3 385 258 392 
3 1932 1926 1923 
3 1930 1926 1932 
3 1923 1929 1932 
3 4635 4628 4632 
3 4637 4639 4635 
3 4632 4637 4635 
3 4671 4668 4666 
3 1812 1810 1806 
3 1806 1809 1812 
3 5733 5736 5737 
3 140 311 143 
3 143 141 140 
3 3664 3663 3658 
3 3664 3658 3655 
3 3655 3661 3664 
3 3162 3157 3161 
3 2170 2171 2161 
3 4778 4940 4773 
3 4538 4537 4542 
3 4572 4574 4569 
3 4189 4184 4183 
3 4183 4188 4189 
3 2782 2786 2783 
3 2779 2780 2782 
3 2783 2779 2782 
3 527 521 529 
3 531 530 527 
3 527 529 531 
3 1883 1879 1878 
3 1878 1884 1883 
3 1361 1365 1364 
3 1929 1923 1918 
3 4628 4620 4624 
3 4624 4629 4628 
3 4629 4632 4628 
3 4809 4666 4810 
3 1810 2413 1806 
3 2410 2413 1810 
3 5736 5740 5737 
3 311 140 306 
3 311 306 312 
3 3665 3660 3674 
3 3674 3705 3665 
3 3157 3162 3156 
3 3156 3121 3157 
3 5046 5045 5043 
3 4768 4773 4940 
3 4940 4942 4944 
3 4940 4944 4768 
3 4537 4538 4533 
3 4537 4533 4532 
3 4537 4532 4540 
3 4574 4572 4583 
3 4583 4689 4574 
3 4178 4183 4184 
3 4179 4178 4184 
3 2790 2786 2788 
3 2793 2790 2788 
3 1063 1057 1061 
3 1468 1470 1474 
3 1476 1468 1474 
3 2642 1140 1208 
3 2646 1140 2642 
3 2643 2646 2642 
3 240 252 244 
3 244 236 240 
3 2445 2443 2441 
3 2445 2441 3279 
3 4620 4614 4621 
3 4620 4621 4624 
3 1559 1566 771 
3 776 771 766 
3 769 778 776 
3 776 766 769 
3 5784 5737 5740 
3 1384 1379 1381 
3 3657 3662 3660 
3 3660 3662 3674 
3 3654 3657 3660 
3 3159 3156 3162 
3 3166 3159 3162 
3 2163 2161 2171 
3 4790 4791 4789 
3 4789 4785 4790 
3 4420 4534 4535 
3 4425 4421 4535 
3 4535 4421 4420 
3 4536 4425 4535 
3 4579 4583 4572 
3 4572 4573 4579 
3 1738 1733 1734 
3 1739 2872 1738 
3 1734 1739 1738 
3 2790 2783 2786 
3 2256 2265 2258 
3 1100 1099 1093 
3 1093 1099 1094 
3 1470 1468 1437 
3 1891 1888 1470 
3 1437 1891 1470 
3 1140 1141 1208 
3 256 244 252 
3 252 258 256 
3 2444 2446 2440 
3 2440 2443 2444 
3 2310 2317 2314 
3 2314 2349 2313 
3 2314 2313 2312 
3 2314 2312 2310 
3 4668 4662 4666 
3 689 688 685 
3 685 686 689 
3 1379 1384 1385 
3 1385 1378 1379 
3 3705 3674 3699 
3 3705 3699 3710 
3 4791 4790 4793 
3 4855 4901 4791 
3 4848 4855 4791 
3 4791 4793 4848 
3 4538 4534 4533 
3 4691 4689 4690 
3 1730 1734 1733 
3 850 826 824 
3 824 823 848 
3 824 848 850 
3 1569 1590 1573 
3 1573 1565 1569 
3 2600 2598 2601 
3 2601 2605 2607 
3 2601 2607 2600 
3 1468 1476 1469 
3 1468 1469 1464 
3 1436 1437 1468 
3 1468 1464 1436 
3 1207 1208 1141 
3 1141 1139 1144 
3 1141 1144 1207 
3 236 244 238 
3 238 233 236 
3 2456 2453 2446 
3 2468 2453 2456 
3 2317 2310 2309 
3 2317 2309 2318 
3 2318 2324 2317 
3 1770 1774 1775 
3 1775 1774 1778 
3 1776 1771 1775 
3 1775 1771 1770 
3 1780 1776 1775 
3 1775 1778 1782 
3 1775 1782 1780 
3 1921 1922 1925 
3 1916 1922 1921 
3 1921 1925 2353 
3 1874 1881 1911 
3 1384 1388 1385 
3 5551 5546 5246 
3 5239 5557 5551 
3 5246 5239 5551 
3 3662 3657 3659 
3 3659 3663 3662 
3 3121 3156 3152 
3 3121 3152 3120 
3 2310 2305 2309 
3 4787 4790 4785 
3 4785 4780 4787 
3 4528 4533 4534 
3 4534 4420 4528 
3 4689 4583 4687 
3 4687 4690 4689 
3 5223 5807 5780 
3 5780 5227 5225 
3 5780 5225 5223 
3 826 829 822 
3 2252 2249 2254 
3 2254 2258 2260 
3 2260 2252 2254 
3 2598 2600 2596 
3 1476 1475 1469 
3 244 256 250 
3 244 250 242 
3 244 242 238 
3 2442 2446 2453 
3 2447 2442 2453 
3 2453 2473 2447 
3 2453 2468 2473 
3 2352 2313 2349 
3 1924 1925 1922 
3 1922 1916 1919 
3 1922 1919 1924 
3 684 685 688 
3 688 692 684 
3 1389 1385 1388 
3 1388 1392 1389 
3 3653 3659 3657 
3 3651 3653 3657 
3 3657 3654 3651 
3 3156 3159 3153 
3 3156 3153 3152 
3 2113 2110 2114 
3 2302 2309 2305 
3 2305 2298 2299 
3 2305 2299 2302 
3 4790 4787 4792 
3 4792 4793 4790 
3 4533 4528 4529 
3 4533 4529 4532 
3 4583 4579 4585 
3 4583 4585 4589 
3 4589 4687 4583 
3 3835 3838 3836 
3 3836 3834 3835 
3 3835 3834 3831 
3 845 841 829 
3 829 826 845 
3 835 828 829 
3 841 835 829 
3 2252 2244 2249 
3 1880 1888 1887 
3 1880 1887 1884 
3 1880 1884 1878 
3 2646 2643 2645 
3 1642 1632 1635 
3 1642 1647 1651 
3 2446 2442 2440 
3 2311 2312 2313 
3 2313 2352 1931 
3 1931 2311 2313 
3 1771 1776 1773 
3 1765 1770 1771 
3 1773 2506 1771 
3 2506 2510 1771 
3 1771 2510 1765 
3 1925 1928 1927 
3 1927 2353 1925 
3 1925 1924 1928 
3 686 685 682 
3 682 683 686 
3 3663 3659 3658 
3 3159 3166 3164 
3 2109 2114 2110 
3 2110 2105 2109 
3 1996 1990 1992 
3 1992 1011 2031 
3 2031 1996 1992 
3 2309 2302 2306 
3 2316 2318 2309 
3 2306 2316 2309 
3 4777 4773 4771 
3 4772 4780 4777 
3 4777 4771 4772 
3 3973 3991 3974 
3 3969 3975 3973 
3 3970 3969 3973 
3 3974 3970 3973 
3 2912 3838 3842 
3 3842 2905 2908 
3 3842 2908 2912 
3 5032 5030 5033 
3 5032 5033 5038 
3 2679 2681 2680 
3 2679 2680 2676 
3 826 850 849 
3 826 849 845 
3 1275 1266 1262 
3 1262 1268 1275 
3 2607 2610 2606 
3 2606 2600 2607 
3 1888 1891 1892 
3 1888 1892 1889 
3 1888 1889 1887 
3 2643 2638 2645 
3 452 455 458 
3 461 454 458 
3 458 454 452 
3 1629 1635 1632 
3 1632 1630 1626 
3 1632 1626 1629 
3 2438 2440 2442 
3 2425 2438 2442 
3 2423 2425 2442 
3 2442 2447 2423 
3 2312 2311 2308 
3 2312 2308 2307 
3 2312 2307 2310 
3 1776 2495 2498 
3 1776 2498 1773 
3 1776 1780 2495 
3 2353 1927 2352 
3 685 684 680 
3 685 680 682 
3 1378 1385 132 
3 1378 132 135 
3 3659 3653 3658 
3 3171 3164 3166 
3 3166 3168 3171 
3 5623 5628 5624 
3 5624 5628 5629 
3 5627 5621 5624 
3 5624 5621 5617 
3 5629 5627 5624 
3 5617 5623 5624 
3 1993 1990 1995 
3 1997 1991 1993 
3 1995 1997 1993 
3 2293 2299 2298 
3 5298 5299 5304 
3 4562 4563 5298 
3 5298 5301 4562 
3 5304 5301 5298 
3 4768 4771 4773 
3 3995 3974 3991 
3 2918 3836 3838 
3 3838 2912 2918 
3 1268 1277 1275 
3 1268 1273 1277 
3 1594 1592 1599 
3 1602 1594 1599 
3 1608 1602 1599 
3 1471 1469 1475 
3 1138 1143 1139 
3 1139 1143 1146 
3 1146 1144 1139 
3 457 455 453 
3 453 582 457 
3 1916 1863 1914 
3 1914 1919 1916 
3 692 696 691 
3 691 684 692 
3 127 132 1385 
3 1385 1389 1390 
3 1385 1390 127 
3 3653 3651 3647 
3 3652 3658 3653 
3 3648 3652 3653 
3 3647 3648 3653 
3 5623 5631 5628 
3 5628 5631 5634 
3 5634 5629 5628 
3 1990 1996 1995 
3 2299 2293 2295 
3 2295 2302 2299 
3 5299 5300 5304 
3 4780 4782 4787 
3 4772 4782 4780 
3 3979 3975 3971 
3 3979 3971 3977 
3 3979 3977 3981 
3 2901 2908 2905 
3 2905 2900 2901 
3 823 818 851 
3 851 848 823 
3 515 523 521 
3 521 523 529 
3 521 516 515 
3 1052 1053 1056 
3 1056 1054 1052 
3 1469 1471 1463 
3 1463 1464 1469 
3 1143 1138 1142 
3 1147 1146 1143 
3 1143 1142 1148 
3 1148 1147 1143 
3 2175 2178 2184 
3 2179 2175 2184 
3 2188 2189 2184 
3 2184 2189 2186 
3 2182 2188 2184 
3 2184 2186 2183 
3 2183 2179 2184 
3 455 452 453 
3 1630 1625 1626 
3 1778 1783 1782 
3 696 701 694 
3 694 691 696 
3 130 135 132 
3 132 127 130 
3 3654 3650 3651 
3 3649 3650 3654 
3 3126 3120 3152 
3 5621 5627 5625 
3 5619 5617 5621 
3 5622 5619 5621 
3 2289 2295 2293 
3 2281 2289 2293 
3 4563 4562 4564 
3 4564 4695 4563 
3 4786 4787 4782 
3 4782 4772 4774 
3 4774 4786 4782 
3 1246 1243 1242 
3 1242 1247 1246 
3 3969 3971 3975 
3 2907 2912 2908 
3 2901 2907 2908 
3 5226 5073 5075 
3 5222 5224 5226 
3 5078 5222 5226 
3 5075 5078 5226 
3 5160 5168 5159 
3 5156 5163 5160 
3 5151 5156 5160 
3 5160 5159 5151 
3 818 751 743 
3 818 743 739 
3 739 851 818 
3 523 515 534 
3 532 529 523 
3 534 532 523 
3 1057 1053 1055 
3 1055 1061 1057 
3 1467 1463 1471 
3 1133 1142 1138 
3 1615 1626 1625 
3 1617 1615 1625 
3 1625 1623 1617 
3 4657 4662 4661 
3 4661 4655 4656 
3 4656 4657 4661 
3 759 767 764 
3 759 764 760 
3 135 130 134 
3 134 139 135 
3 3647 3651 3650 
3 3650 3649 3646 
3 3646 3647 3650 
3 2161 2163 2154 
3 2302 2295 2296 
3 2296 2306 2302 
3 5300 5303 5305 
3 5305 5304 5300 
3 4794 4792 4787 
3 4787 4786 4794 
3 1241 1749 1746 
3 1238 1243 1241 
3 1233 1238 1241 
3 1746 1233 1241 
3 3971 3969 3962 
3 3971 3959 3968 
3 3962 3959 3971 
3 3971 3968 3977 
3 3834 3836 2928 
3 3830 3831 3834 
3 3622 3830 3834 
3 3834 2928 3619 
3 3834 3619 3622 
3 5071 5075 5073 
3 5766 5071 5073 
3 5168 5167 5159 
3 2959 2965 2969 
3 2959 2969 2966 
3 2966 2952 2959 
3 507 515 516 
3 516 511 507 
3 1053 1052 1051 
3 1053 1051 1050 
3 1050 1055 1053 
3 5654 5650 5657 
3 5657 5661 5654 
3 1206 1207 1144 
3 1144 1146 1206 
3 2175 2179 2165 
3 2166 2168 2175 
3 2165 2166 2175 
3 1626 1615 1613 
3 1613 1629 1626 
3 4665 4666 4662 
3 4662 4657 4658 
3 4658 4665 4662 
3 773 764 767 
3 5631 5623 5626 
3 5638 5634 5631 
3 5631 5626 5638 
3 5759 5765 5761 
3 5756 5759 5761 
3 2295 2289 2287 
3 2287 2296 2295 
3 5312 5311 5303 
3 5311 5305 5303 
3 5303 5302 5312 
3 4766 4772 4771 
3 4768 4766 4771 
3 1749 1748 1746 
3 4573 4571 4577 
3 4577 4579 4573 
3 2925 2928 3836 
3 3836 2918 2925 
3 5224 5222 5220 
3 5220 5219 5224 
3 2978 2969 2965 
3 2965 2961 2967 
3 2974 2978 2965 
3 2965 2967 2974 
3 506 534 515 
3 507 506 515 
3 1049 1052 1054 
3 1054 681 1049 
3 5650 5646 5643 
3 5650 5654 5646 
3 1206 1210 1207 
3 2189 2188 2193 
3 2194 2186 2189 
3 2189 2193 2194 
3 1615 1617 1612 
3 1611 1613 1615 
3 1612 1611 1615 
3 1783 1784 1785 
3 1787 1782 1783 
3 1783 1785 1787 
3 5417 5404 5403 
3 5407 5419 5417 
3 5403 5407 5417 
3 764 773 778 
3 764 778 769 
3 764 769 760 
3 1395 1390 1389 
3 5680 5677 5675 
3 5675 5577 5680 
3 5623 5617 5616 
3 5623 5616 5618 
3 5618 5626 5623 
3 5765 5759 5766 
3 2289 2281 2275 
3 2289 2275 2276 
3 2276 2287 2289 
3 5518 5516 5513 
3 5513 5508 5509 
3 5513 5509 5511 
3 5511 5518 5513 
3 1238 1242 1243 
3 4570 4577 4571 
3 4571 4559 4570 
3 3830 3828 3831 
3 5156 5151 5150 
3 2975 2966 2969 
3 2979 2975 2969 
3 2978 2979 2969 
3 2528 2525 2527 
3 2521 2525 2528 
3 2528 2529 2521 
3 2188 2191 2193 
3 2190 2191 2188 
3 1620 1617 1623 
3 2100 2098 2092 
3 2096 2100 2092 
3 1790 1785 1784 
3 2273 2023 2271 
3 2274 2273 2271 
3 1390 1395 121 
3 121 127 1390 
3 5612 5615 5614 
3 5614 5615 5619 
3 3652 3655 3658 
3 2114 2109 2112 
3 2114 2115 2119 
3 2112 2115 2114 
3 5754 5758 5759 
3 5759 5758 5766 
3 5759 5756 5754 
3 5516 5518 5531 
3 3969 3970 3964 
3 3964 3962 3969 
3 3633 3823 3828 
3 3628 3633 3828 
3 3828 3830 3628 
3 5167 5109 5118 
3 5118 5159 5167 
3 2961 2962 2967 
3 2523 2527 2525 
3 2525 2521 2520 
3 2520 2523 2525 
3 2569 2564 2568 
3 1617 1620 1616 
3 1614 1612 1617 
3 1616 1614 1617 
3 570 575 569 
3 564 570 569 
3 2098 2100 2106 
3 1786 1780 1782 
3 1782 1787 1786 
3 698 694 701 
3 701 704 698 
3 47 1315 50 
3 0 121 1395 
3 5634 5638 5643 
3 5643 5641 5634 
3 2316 2306 2300 
3 2320 2323 2316 
3 2316 2300 2320 
3 4203 4205 4204 
3 4204 4205 4416 
3 5357 4203 4204 
3 4416 4423 4204 
3 4204 4423 5355 
3 4204 5355 5357 
3 3970 3974 3967 
3 3967 3964 3970 
3 3830 3624 3628 
3 3830 3622 3624 
3 5114 5118 5109 
3 5109 5106 5114 
3 745 743 751 
3 535 531 529 
3 532 535 529 
3 2529 2531 2526 
3 2522 2521 2529 
3 2526 2522 2529 
3 1368 1364 1365 
3 1398 1368 1365 
3 1405 1398 1365 
3 2187 2183 2186 
3 2186 2194 2187 
3 1620 1621 1618 
3 1618 1616 1620 
3 2439 2441 2443 
3 2443 2440 2436 
3 2443 2436 2439 
3 1786 2495 1780 
3 684 691 675 
3 673 680 684 
3 684 675 673 
3 5677 5680 5681 
3 5613 5616 5617 
3 5617 5615 5613 
3 5619 5615 5617 
3 2306 2296 2300 
3 4557 4562 5301 
3 5301 5304 5306 
3 5306 4557 5301 
3 4205 4203 4202 
3 4209 4416 4205 
3 4207 4209 4205 
3 4205 4202 4207 
3 3972 3967 3974 
3 3974 3995 3972 
3 4188 4183 4180 
3 4186 4196 4188 
3 4180 4186 4188 
3 5159 5118 5151 
3 743 745 741 
3 743 741 735 
3 735 739 743 
3 2527 2523 3325 
3 1364 1368 1367 
3 2179 2183 2180 
3 2173 2165 2179 
3 2180 2173 2179 
3 2757 2755 2760 
3 2760 836 2757 
3 3240 3279 2441 
3 2437 3240 2441 
3 2441 2439 2437 
3 1789 1787 1785 
3 1785 1790 1789 
3 691 694 668 
3 668 675 691 
3 4483 4471 4479 
3 4455 4471 4483 
3 4479 4484 4483 
3 4483 4484 4490 
3 4483 4485 4455 
3 4489 4485 4483 
3 4483 4490 4489 
3 3649 3643 3646 
3 5610 5618 5616 
3 5616 5613 5610 
3 2320 2326 2323 
3 4562 4557 4561 
3 4561 4564 4562 
3 4910 4901 4905 
3 4912 4917 4910 
3 4910 4905 4912 
3 4200 4202 4203 
3 4201 4200 4203 
3 4203 5357 4201 
3 4579 4577 4586 
3 4586 4585 4579 
3 4183 4178 4176 
3 4176 4180 4183 
3 5121 5151 5118 
3 5118 5114 5121 
3 5728 5727 5723 
3 5725 5728 5723 
3 5722 5725 5723 
3 5719 5720 5723 
3 5723 5720 5722 
3 2267 2258 2265 
3 2278 2267 2265 
3 2531 2539 2538 
3 2524 2526 2531 
3 2538 2524 2531 
3 1368 1398 1396 
3 1380 1367 1368 
3 1368 1396 1380 
3 2183 2187 2180 
3 2755 2757 2754 
3 2754 2751 2755 
3 86 83 81 
3 81 83 76 
3 152 86 81 
3 151 152 81 
3 76 74 81 
3 81 74 151 
3 2102 2106 2100 
3 2100 2096 2102 
3 1793 1786 1787 
3 1787 1789 1793 
3 694 698 668 
3 4469 4479 4471 
3 4471 4455 4458 
3 4466 4469 4471 
3 4461 4466 4471 
3 4471 4458 4461 
3 3648 3647 3644 
3 3644 3645 3648 
3 3640 3646 3643 
3 3639 3640 3643 
3 2296 2291 2300 
3 2287 2291 2296 
3 5310 5306 5304 
3 5304 5305 5308 
3 5304 5308 5310 
3 4901 4855 4862 
3 4899 4905 4901 
3 4862 4899 4901 
3 4423 5351 5355 
3 4422 5351 4423 
3 4416 4418 4423 
3 4423 4418 4422 
3 4581 4586 4577 
3 4577 4570 4576 
3 4576 4581 4577 
3 4178 4179 4173 
3 4178 4173 4176 
3 2267 2260 2258 
3 2544 2538 2539 
3 1891 1437 1432 
3 1897 1892 1891 
3 1432 1897 1891 
3 1398 1405 1402 
3 1402 1396 1398 
3 1873 1878 1879 
3 1877 1873 1879 
3 83 86 87 
3 80 76 83 
3 83 87 85 
3 83 85 80 
3 2107 2111 2106 
3 2106 2102 2107 
3 4666 4665 4810 
3 680 673 672 
3 677 682 680 
3 672 677 680 
3 4484 4479 4482 
3 4484 4482 4487 
3 4491 4490 4484 
3 4487 4491 4484 
3 3647 3646 3641 
3 3641 3644 3647 
3 3477 3479 3482 
3 2294 2300 2291 
3 2286 2294 2291 
3 4557 4552 4556 
3 4557 4556 4560 
3 4560 4561 4557 
3 4557 5306 4552 
3 4855 4848 4851 
3 4855 4851 4858 
3 4858 4862 4855 
3 5353 5355 5351 
3 5349 5353 5351 
3 5351 4422 4424 
3 5348 5349 5351 
3 4424 5344 5351 
3 5351 5344 5348 
3 3995 1702 1706 
3 1706 3972 3995 
3 5728 5725 5729 
3 5735 5734 5728 
3 5728 5729 5732 
3 5728 5732 5735 
3 2521 2522 2517 
3 2471 2520 2521 
3 2521 2517 2471 
3 1437 1436 1430 
3 1430 1432 1437 
3 1405 1412 1410 
3 1405 1410 1402 
3 2166 2165 2157 
3 2166 2157 2159 
3 2198 2999 2201 
3 2201 2202 2199 
3 2199 2198 2201 
3 1869 1870 1878 
3 1873 1869 1878 
3 86 152 254 
3 268 87 86 
3 86 254 268 
3 2152 2151 2158 
3 4655 4649 4656 
3 669 673 675 
3 675 668 669 
3 5387 5392 5390 
3 4479 4474 4482 
3 4469 4474 4479 
3 3077 3081 3076 
3 3640 3642 3646 
3 3646 3642 3641 
3 2300 2294 2320 
3 5306 5310 4552 
3 4917 4912 4920 
3 4418 4416 4417 
3 4417 4422 4418 
3 1266 1267 1263 
3 1267 1265 1263 
3 2674 2679 2676 
3 2673 2668 2674 
3 2674 3446 2679 
3 2674 2676 2673 
3 2683 2682 2680 
3 2680 2682 2677 
3 2677 2676 2680 
3 2522 2526 2519 
3 2518 2517 2522 
3 2519 2518 2522 
3 1438 1436 1464 
3 1463 1438 1464 
3 2998 3003 2999 
3 2999 2198 2197 
3 152 151 156 
3 248 254 152 
3 156 248 152 
3 4648 4656 4649 
3 4649 4644 4645 
3 4645 4648 4649 
3 771 762 766 
3 673 669 667 
3 673 667 672 
3 4485 4446 4455 
3 4488 4446 4485 
3 4485 4489 4488 
3 3080 3076 3081 
3 3081 3086 3080 
3 3479 3477 3455 
3 3455 4623 3479 
3 3642 3640 3635 
3 3635 3641 3642 
3 4793 4842 4848 
3 4796 4842 4793 
3 4793 4792 4796 
3 4416 4209 4211 
3 4412 4417 4416 
3 4404 4412 4416 
3 4211 4213 4416 
3 4416 4213 4404 
3 4585 4586 4589 
3 2667 2668 2623 
3 2623 2619 2667 
3 2682 2683 2687 
3 2678 2677 2682 
3 2682 2687 2685 
3 2685 2678 2682 
3 5725 5722 5724 
3 5724 5729 5725 
3 2526 2524 2519 
3 1436 1438 1431 
3 1431 1430 1436 
3 1756 2562 2564 
3 2564 2569 1750 
3 1753 1756 2564 
3 2564 1750 1753 
3 3003 2998 3001 
3 3003 3001 3005 
3 454 461 451 
3 448 452 454 
3 454 451 448 
3 1619 1618 1621 
3 74 76 73 
3 70 151 74 
3 74 73 69 
3 74 69 70 
3 4657 4656 4648 
3 4657 4648 4654 
3 4654 4658 4657 
3 125 130 127 
3 127 121 123 
3 123 125 127 
3 4443 4455 4446 
3 4446 4488 4440 
3 4446 4440 4443 
3 3076 3080 3075 
3 3075 3071 3076 
3 3461 3455 3477 
3 3640 3639 3637 
3 3640 3637 3632 
3 3640 3632 3635 
3 5615 5612 5613 
3 4851 4848 4842 
3 4847 4851 4842 
3 4842 4796 4833 
3 4840 4847 4842 
3 4833 4840 4842 
3 4209 4207 4211 
3 4588 4589 4586 
3 4581 4588 4586 
3 2668 2673 2669 
3 2663 2623 2668 
3 2668 2669 2663 
3 2683 2689 2687 
3 5716 5717 5720 
3 5720 5717 5718 
3 5718 5722 5720 
3 2523 2520 2467 
3 2523 2467 3322 
3 2523 3322 3325 
3 1438 1463 1441 
3 1438 1441 1435 
3 1429 1431 1438 
3 1438 1435 1429 
3 2562 1756 1761 
3 2562 1761 2510 
3 2562 2510 2512 
3 2165 2173 2169 
3 2149 2157 2165 
3 2165 2156 2149 
3 2169 2156 2165 
3 461 466 463 
3 456 451 461 
3 463 456 461 
3 382 385 388 
3 388 390 386 
3 386 382 388 
3 76 80 73 
3 4665 4658 4663 
3 4665 4663 4810 
3 130 125 128 
3 128 134 130 
3 5609 5612 5608 
3 5606 5609 5608 
3 4455 4443 4450 
3 4455 4450 4458 
3 1119 1114 1122 
3 924 2109 2105 
3 5609 5613 5612 
3 5311 5308 5305 
3 5353 5356 5355 
3 5355 5356 5357 
3 4711 4707 4715 
3 3446 3458 2679 
3 3446 3452 3458 
3 2672 2673 2676 
3 2677 2672 2676 
3 2520 2471 2466 
3 2520 2466 2467 
3 1463 1467 1461 
3 1463 1461 1453 
3 1453 1441 1463 
3 1142 1133 1129 
3 1142 1129 1145 
3 1149 1148 1142 
3 1145 1149 1142 
3 2173 2180 2174 
3 2167 2169 2173 
3 2174 2167 2173 
3 452 448 446 
3 449 453 452 
3 446 449 452 
3 258 385 264 
3 260 256 258 
3 258 264 260 
3 155 156 151 
3 151 70 153 
3 153 155 151 
3 5577 5574 5575 
3 5575 5680 5577 
3 1110 1122 1114 
3 1114 1111 1107 
3 1114 1107 1106 
3 1106 1110 1114 
3 5609 5610 5613 
3 5314 5310 5308 
3 5311 5314 5308 
3 4851 4847 4852 
3 4852 4858 4851 
3 5363 5362 5356 
3 5356 5358 5363 
3 5356 5353 5358 
3 5362 5357 5356 
3 1702 1700 1704 
3 1704 1706 1702 
3 3450 3460 3452 
3 3452 3460 3459 
3 3452 3459 3458 
3 2673 2672 2669 
3 1047 1051 1052 
3 1052 1049 1047 
3 2341 2339 2334 
3 2345 2339 2341 
3 2337 2342 2341 
3 2341 2342 2345 
3 2334 2337 2341 
3 2202 2204 2199 
3 466 472 468 
3 466 468 463 
3 382 380 385 
3 385 380 264 
3 89 85 87 
3 87 268 89 
3 4644 4639 4645 
3 121 0 2 
3 121 2 119 
3 119 123 121 
3 5574 5570 5575 
3 1124 1129 1122 
3 1108 1124 1122 
3 1122 1110 1108 
3 3637 3634 3632 
3 2294 2286 2290 
3 2315 2320 2294 
3 2290 2315 2294 
3 4797 4796 4792 
3 4792 4794 4797 
3 5353 5354 5358 
3 5353 5349 5354 
3 4707 4692 4710 
3 4710 4715 4707 
3 2619 2623 2621 
3 2621 2617 2619 
3 2672 2677 2671 
3 2665 2669 2672 
3 2671 2665 2672 
3 5722 5718 5724 
3 1051 1047 197 
3 197 1050 1051 
3 2331 2334 2339 
3 2339 2345 2344 
3 2339 2344 2338 
3 2339 2338 2331 
3 1375 1369 1367 
3 1367 1380 1375 
3 472 477 475 
3 471 468 472 
3 475 471 472 
3 1613 1610 1629 
3 84 80 85 
3 90 84 85 
3 89 90 85 
3 4640 4645 4639 
3 4637 4640 4639 
3 670 672 667 
3 666 670 667 
3 125 123 122 
3 122 128 125 
3 4478 4482 4474 
3 4475 4478 4474 
3 4474 4469 4472 
3 4472 4475 4474 
3 1129 1124 1145 
3 3644 3641 3636 
3 2284 2290 2286 
3 3209 3206 3208 
3 4826 4833 4796 
3 4796 4797 4826 
3 4202 4194 4196 
3 4202 4200 4194 
3 4196 4207 4202 
3 4688 4710 4692 
3 4686 4688 4692 
3 4692 4690 4686 
3 2623 2663 2624 
3 2624 2621 2623 
3 2677 2678 2671 
3 1592 1594 1588 
3 1592 1588 1585 
3 2342 2337 2340 
3 2347 2345 2342 
3 2343 2347 2342 
3 2340 2343 2342 
3 1366 1369 1370 
3 1370 1040 1366 
3 477 482 481 
3 481 475 477 
3 1613 1608 1610 
3 80 84 79 
3 79 73 80 
3 4648 4645 4642 
3 4648 4647 4654 
3 4642 4647 4648 
3 1881 1874 1877 
3 119 122 123 
3 4482 4478 4481 
3 4481 4487 4482 
3 1124 1108 1145 
3 3641 3635 3630 
3 3630 3636 3641 
3 5610 5609 5607 
3 5610 5607 5604 
3 2326 2320 2328 
3 4200 4195 4194 
3 4200 4201 4199 
3 4200 4199 4195 
3 1701 1704 1700 
3 1700 1698 1697 
3 1697 1701 1700 
3 2608 3381 2612 
3 2612 2613 2609 
3 2609 2608 2612 
3 5648 5645 5651 
3 5651 5653 5658 
3 5651 5658 5655 
3 5651 5655 5648 
3 537 536 535 
3 532 537 535 
3 1594 1602 1597 
3 1594 1597 1595 
3 1594 1595 1593 
3 1594 1593 1588 
3 2337 2334 2333 
3 2337 2333 2336 
3 2336 2340 2337 
3 1372 1370 1369 
3 1369 1375 1372 
3 1608 1613 1611 
3 1611 1603 1608 
3 257 268 254 
3 254 248 251 
3 254 251 257 
3 4645 4640 4642 
3 683 682 681 
3 37 38 34 
3 139 134 138 
3 138 141 139 
3 4480 4481 4478 
3 3083 3080 3086 
3 3092 3083 3086 
3 5606 5607 5609 
3 2321 2328 2320 
3 2320 2315 2321 
3 2037 2040 2036 
3 2042 2040 2037 
3 2037 2036 2031 
3 1006 2042 2037 
3 2035 1006 2037 
3 2031 2035 2037 
3 4847 4840 4846 
3 4846 4852 4847 
3 4212 4211 4207 
3 4206 4212 4207 
3 4207 4196 4206 
3 4743 4739 4738 
3 4747 4750 4743 
3 4743 4738 4747 
3 5644 5637 5645 
3 5645 5648 5644 
3 1602 1608 1603 
3 1602 1603 1597 
3 2334 2326 2328 
3 2334 2328 2333 
3 2334 2331 2326 
3 468 471 470 
3 465 463 468 
3 470 465 468 
3 273 89 268 
3 268 272 273 
3 269 272 268 
3 268 257 269 
3 4638 4642 4640 
3 4640 4637 4638 
3 5784 5786 5737 
3 134 128 131 
3 131 138 134 
3 4469 4466 4468 
3 4468 4472 4469 
3 3080 3083 3078 
3 3078 3075 3080 
3 3627 3632 3634 
3 2328 2321 2329 
3 2329 2333 2328 
3 2038 2036 2040 
3 2040 2042 2044 
3 2040 2044 2043 
3 2043 2038 2040 
3 720 726 721 
3 721 726 730 
3 716 720 721 
3 713 716 721 
3 721 730 728 
3 721 728 723 
3 721 723 713 
3 4840 4833 4834 
3 4841 4846 4840 
3 4840 4834 4837 
3 4837 4841 4840 
3 5362 4201 5357 
3 4739 4721 4734 
3 4734 4738 4739 
3 5105 5063 5065 
3 5107 5103 5105 
3 5108 5107 5105 
3 5065 5108 5105 
3 5660 5658 5653 
3 2721 2728 2719 
3 2719 2714 2721 
3 2366 2344 2345 
3 2370 2366 2345 
3 2345 2347 2369 
3 2345 2369 2370 
3 1393 1380 1396 
3 1396 1402 1401 
3 1396 1401 1393 
3 2150 2159 2157 
3 2157 2149 2150 
3 1603 1611 1609 
3 1603 1609 1600 
3 1595 1597 1603 
3 1600 1595 1603 
3 245 251 248 
3 248 156 245 
3 4658 4654 4660 
3 4660 4663 4658 
3 679 681 682 
3 682 677 679 
3 43 34 38 
3 128 122 120 
3 4464 4468 4466 
3 4466 4461 4464 
3 3083 3092 3091 
3 3083 3091 3084 
3 3084 3078 3083 
3 3629 3635 3632 
3 3627 3629 3632 
3 2036 2038 2033 
3 2036 2033 2034 
3 2036 2034 2031 
3 726 720 725 
3 734 730 726 
3 733 734 726 
3 726 725 733 
3 4826 4834 4833 
3 5362 5360 4201 
3 5360 4199 4201 
3 4750 4747 4757 
3 4750 4757 4754 
3 5060 5065 5063 
3 5658 5660 5665 
3 5662 5655 5658 
3 5665 5662 5658 
3 2706 2707 2710 
3 2710 2714 2711 
3 2708 2706 2710 
3 2710 2711 2708 
3 2344 2348 2338 
3 2366 2348 2344 
3 1380 1383 1375 
3 1393 1383 1380 
3 547 549 552 
3 559 554 552 
3 552 554 550 
3 550 547 552 
3 1612 1609 1611 
3 245 246 251 
3 251 246 249 
3 3397 4654 4647 
3 3402 3397 4647 
3 4647 4642 3402 
3 681 679 678 
3 678 1049 681 
3 1445 29 25 
3 25 1446 1445 
3 5392 5403 5404 
3 5573 5575 5570 
3 5567 5573 5570 
3 5570 5564 5567 
3 3092 3121 3120 
3 3098 3091 3092 
3 3092 3120 3098 
3 3635 3629 3630 
3 2319 2321 2315 
3 2290 2319 2315 
3 2042 1006 1002 
3 2076 2044 2042 
3 2074 2076 2042 
3 1001 2074 2042 
3 2042 1002 1001 
3 720 716 714 
3 719 725 720 
3 720 714 719 
3 4199 5360 4197 
3 4199 4197 4195 
3 4721 4715 4720 
3 4726 4734 4721 
3 4720 4726 4721 
3 5660 5582 5664 
3 5664 5665 5660 
3 5789 5735 5790 
3 2707 2706 2703 
3 2707 2703 2702 
3 2346 2338 2348 
3 2348 2366 2362 
3 2348 2362 2346 
3 1382 1375 1383 
3 1383 1393 1387 
3 1383 1387 1382 
3 1609 1612 603 
3 1609 603 606 
3 606 1600 1609 
3 158 245 156 
3 155 158 156 
3 4106 3929 4110 
3 4110 3929 3926 
3 4111 4106 4110 
3 4115 4111 4110 
3 4110 3926 3920 
3 3920 4115 4110 
3 3397 4660 4654 
3 674 679 677 
3 677 672 674 
3 141 138 140 
3 3095 3084 3091 
3 3098 3095 3091 
3 3625 3630 3629 
3 2321 2319 2325 
3 2325 2329 2321 
3 1007 1005 1006 
3 1005 1002 1006 
3 1006 2035 1009 
3 1009 1007 1006 
3 710 714 716 
3 716 713 710 
3 5439 5435 5433 
3 5433 5438 5439 
3 4710 4720 4715 
3 3381 3378 3380 
3 3381 2608 3378 
3 5132 5150 5151 
3 5151 5121 5124 
3 5151 5124 5132 
3 2242 2240 2244 
3 2244 2252 2242 
3 2738 2737 2728 
3 2728 2737 2731 
3 2728 2733 2738 
3 2722 2719 2728 
3 2728 2731 2722 
3 2338 2346 2335 
3 2338 2335 2331 
3 1377 1372 1375 
3 1375 1382 1377 
3 554 559 558 
3 553 550 554 
3 558 553 554 
3 84 90 91 
3 88 79 84 
3 91 88 84 
3 3929 4106 4102 
3 3930 3926 3929 
3 3929 4102 3934 
3 3934 3930 3929 
3 4663 4660 4664 
3 4664 4810 4663 
3 676 678 679 
3 679 674 676 
3 138 131 137 
3 138 137 140 
3 3071 3075 3068 
3 2319 2290 2292 
3 3143 2325 2319 
3 2319 2292 3143 
3 2051 2043 2044 
3 2044 2076 2065 
3 2044 2065 2051 
3 730 734 742 
3 732 728 730 
3 742 732 730 
3 5428 5433 5435 
3 4738 4734 4736 
3 4741 4747 4738 
3 4738 4736 4741 
3 1267 1266 1272 
3 1272 1271 1267 
3 5729 5731 5733 
3 5733 5732 5729 
3 5729 5724 5731 
3 2240 2242 2233 
3 2737 2738 2741 
3 2737 2741 2744 
3 2737 2744 2739 
3 2737 2739 2731 
3 2366 2370 2374 
3 2371 2362 2366 
3 2374 2371 2366 
3 2569 1744 1747 
3 1747 1750 2569 
3 564 558 559 
3 255 250 256 
3 256 259 255 
3 260 259 256 
3 90 89 92 
3 94 91 90 
3 90 93 94 
3 92 93 90 
3 4106 4111 4105 
3 4106 4105 4104 
3 4106 4104 4102 
3 4660 3397 3394 
3 3391 4664 4660 
3 3394 3391 4660 
3 1049 678 1047 
3 122 119 118 
3 118 120 122 
3 4491 4487 4486 
3 3070 3068 3075 
3 3075 3078 3070 
3 2288 2292 2290 
3 2284 2288 2290 
3 2038 2039 2033 
3 2043 2039 2038 
3 734 746 750 
3 734 733 748 
3 734 748 746 
3 750 742 734 
3 5433 5437 5438 
3 4734 4726 4732 
3 4732 4736 4734 
3 5732 5733 5737 
3 5732 5737 5786 
3 5786 5735 5732 
3 2740 2738 2733 
3 2367 2369 2347 
3 2347 2343 2367 
3 2987 2984 2981 
3 2987 2981 2983 
3 2987 2983 2989 
3 5425 5422 5421 
3 5425 5421 5420 
3 487 482 484 
3 805 2834 2840 
3 801 805 2840 
3 89 273 92 
3 4111 4112 4105 
3 4117 4112 4111 
3 4115 4117 4111 
3 3397 3402 3398 
3 3398 3394 3397 
3 208 1047 678 
3 678 676 208 
3 29 31 26 
3 29 26 25 
3 5480 5479 5602 
3 4487 4481 4486 
3 3068 3070 3063 
3 2109 924 922 
3 922 2112 2109 
3 2333 2329 2330 
3 2330 2336 2333 
3 4705 5266 4702 
3 4702 5266 4700 
3 4704 4705 4702 
3 4700 4698 4702 
3 4702 4698 4699 
3 4699 4704 4702 
3 731 733 725 
3 725 719 724 
3 724 731 725 
3 4747 4741 4758 
3 4747 4758 4757 
3 5037 5038 5033 
3 3135 3130 3134 
3 3138 3135 3134 
3 5132 5145 5150 
3 5735 5786 5790 
3 539 537 541 
3 2745 2741 2738 
3 2740 2745 2738 
3 2373 2370 2369 
3 2369 2367 2372 
3 2369 2372 2373 
3 1897 1432 1425 
3 1425 1420 1897 
3 2984 2986 2979 
3 2984 2979 2978 
3 2984 2978 2981 
3 2762 2821 2761 
3 2762 2761 2756 
3 2756 2758 2762 
3 2834 831 833 
3 805 831 2834 
3 276 273 272 
3 274 276 272 
3 272 269 274 
3 4112 4119 4114 
3 4116 4119 4112 
3 4112 4114 4109 
3 4112 4109 4105 
3 4117 4116 4112 
3 4638 3402 4642 
3 1047 208 202 
3 202 197 1047 
3 33 31 34 
3 43 33 34 
3 120 118 115 
3 4609 4486 4481 
3 4480 4609 4481 
3 3074 3070 3078 
3 3078 3084 3079 
3 3079 3074 3078 
3 2325 2330 2329 
3 5266 4705 5260 
3 5272 4700 5266 
3 5271 5272 5266 
3 5260 5264 5266 
3 5266 5264 5271 
3 738 747 733 
3 733 747 748 
3 731 738 733 
3 1525 1519 1521 
3 1521 1527 1525 
3 4422 4417 4419 
3 4419 4424 4422 
3 4726 4720 4722 
3 4728 4732 4726 
3 4722 4728 4726 
3 1739 2869 2872 
3 3122 3123 3117 
3 3122 3117 3113 
3 3122 3113 3116 
3 2714 2719 2716 
3 2714 2716 2711 
3 2370 2373 2375 
3 2377 2374 2370 
3 2375 2377 2370 
3 2986 2980 2979 
3 1612 1614 603 
3 279 92 273 
3 276 279 273 
3 3919 3920 3926 
3 3926 3930 3928 
3 3926 3924 3919 
3 3928 3924 3926 
3 5788 5790 5786 
3 5784 5788 5786 
3 31 28 26 
3 33 28 31 
3 137 136 140 
3 3070 3074 3065 
3 3065 3063 3070 
3 3895 3890 3893 
3 3893 3894 3896 
3 3896 3895 3893 
3 3206 3209 2336 
3 2336 2330 3198 
3 2336 3198 3206 
3 4705 4704 4709 
3 4709 5260 4705 
3 715 719 714 
3 707 715 714 
3 714 710 707 
3 1519 1514 1508 
3 1510 1521 1519 
3 1508 1510 1519 
3 4417 4412 4415 
3 4415 4419 4417 
3 4720 4710 4712 
3 4720 4712 4719 
3 4719 4722 4720 
3 5326 5320 5328 
3 5328 5334 5330 
3 5328 5330 5326 
3 2869 1739 1740 
3 2866 2867 2869 
3 2869 1740 2864 
3 2864 2866 2869 
3 3119 3117 3123 
3 2259 3119 3123 
3 3123 3125 2259 
3 3578 3587 3583 
3 3587 3586 3583 
3 2260 2267 2272 
3 2272 2268 2260 
3 2722 2716 2719 
3 2343 3221 2367 
3 3216 3221 2343 
3 2340 3216 2343 
3 1614 1616 599 
3 1614 599 600 
3 600 603 1614 
3 899 895 898 
3 893 895 899 
3 899 896 893 
3 5790 5788 5791 
3 5796 5794 5790 
3 5791 5796 5790 
3 306 140 136 
3 299 306 136 
3 5680 5575 5685 
3 5684 5681 5680 
3 5685 5684 5680 
3 3093 3079 3084 
3 3095 3093 3084 
3 920 922 924 
3 3890 3895 3892 
3 2330 2325 3198 
3 4698 4700 4696 
3 4694 4699 4698 
3 4698 4695 4694 
3 4698 4696 4695 
3 715 724 719 
3 4905 4907 4912 
3 4900 4907 4905 
3 4905 4899 4900 
3 5352 5354 5349 
3 5349 5348 5347 
3 5347 5352 5349 
3 4688 4712 4710 
3 1739 1734 1736 
3 1736 1740 1739 
3 3117 3119 3114 
3 3111 3112 3117 
3 3117 3112 3113 
3 3114 3111 3117 
3 745 749 737 
3 737 741 745 
3 2242 2245 2235 
3 2242 2235 2230 
3 2242 2230 2233 
3 2706 2708 2657 
3 2659 2703 2706 
3 2657 2659 2706 
3 2357 2346 2362 
3 2371 2368 2362 
3 2362 2368 2357 
3 596 599 1616 
3 1616 1618 596 
3 894 898 895 
3 895 893 892 
3 895 892 894 
3 3401 3398 3402 
3 3402 4638 3404 
3 3402 3404 3401 
3 5101 5103 5106 
3 5606 5605 5602 
3 5602 5601 5606 
3 5575 5573 5686 
3 5686 5685 5575 
3 2669 2665 2663 
3 3894 3897 3896 
3 3143 3198 2325 
3 4700 5272 5277 
3 4700 5277 5281 
3 4700 5281 4696 
3 956 993 989 
3 989 993 994 
3 991 985 989 
3 989 985 971 
3 994 991 989 
3 971 956 989 
3 4911 4912 4907 
3 4907 4904 4911 
3 4900 4904 4907 
3 5344 4424 4425 
3 5342 5348 5344 
3 5344 4425 5337 
3 5344 5337 5342 
3 4712 4688 4685 
3 4712 4685 4684 
3 4712 4684 4719 
3 5320 5326 5322 
3 1729 1728 1734 
3 1730 1729 1734 
3 1728 1736 1734 
3 3119 2259 2253 
3 2253 3114 3119 
3 738 737 749 
3 749 747 738 
3 542 541 545 
3 2524 2538 2545 
3 2515 2519 2524 
3 2516 2515 2524 
3 2524 2545 2516 
3 2332 2335 2346 
3 2346 2357 2350 
3 2346 2350 2332 
3 1149 1154 1148 
3 2194 2197 2198 
3 2198 2199 2194 
3 482 487 485 
3 485 481 482 
3 896 839 844 
3 896 844 893 
3 5646 5641 5643 
3 305 312 306 
3 301 305 306 
3 306 299 301 
3 4440 4438 4441 
3 4440 4441 4443 
3 3199 3206 3198 
3 3195 3199 3198 
3 3198 3143 3195 
3 4704 4699 4703 
3 4708 4709 4704 
3 4703 4708 4704 
3 993 956 995 
3 996 994 993 
3 998 996 993 
3 993 995 998 
3 4899 4862 4894 
3 4894 4900 4899 
3 4424 4419 4425 
3 4688 4686 4685 
3 2912 2907 2914 
3 2914 2918 2912 
3 5037 5039 5038 
3 5038 5039 5044 
3 2277 2259 3125 
3 3130 2277 3125 
3 5813 5816 5815 
3 3100 3102 3105 
3 3101 3100 3105 
3 540 541 537 
3 537 532 534 
3 537 534 540 
3 2538 2544 2547 
3 2538 2547 2545 
3 2327 2331 2335 
3 2324 2327 2335 
3 2335 2332 2324 
3 898 894 897 
3 1570 1566 1567 
3 1571 1570 1567 
3 5705 5707 5674 
3 5702 5705 5674 
3 5571 5686 5573 
3 5573 5567 5571 
3 4039 4098 4044 
3 4044 4038 4039 
3 4040 4038 4044 
3 4044 4048 4040 
3 2292 2288 3136 
3 3141 3143 2292 
3 3136 3141 2292 
3 4697 4703 4699 
3 4693 4697 4699 
3 4699 4694 4693 
3 985 991 988 
3 980 971 985 
3 985 988 980 
3 4916 4920 4912 
3 4912 4911 4916 
3 5342 5347 5348 
3 4687 4686 4690 
3 2907 2901 2906 
3 2907 2906 2910 
3 2910 2914 2907 
3 5039 5037 5040 
3 5045 5044 5039 
3 5039 5040 5045 
3 2265 2256 2259 
3 2259 2277 2265 
3 2256 2253 2259 
3 5810 5813 5812 
3 3102 3099 3096 
3 3102 3100 3099 
3 3102 3096 3104 
3 543 545 541 
3 541 540 543 
3 2712 2711 2716 
3 2716 2722 1123 
3 1123 2712 2716 
3 1430 1425 1432 
3 67 69 73 
3 71 67 73 
3 79 71 73 
3 5107 5106 5103 
3 5707 5705 5708 
3 3093 3095 3097 
3 3097 3096 3093 
3 4039 4042 4098 
3 2288 2284 2282 
3 2288 2282 2283 
3 2288 2283 3136 
3 5271 5277 5272 
3 991 994 992 
3 992 988 991 
3 4925 4930 4920 
3 4920 4916 4925 
3 4412 4404 4406 
3 4411 4415 4412 
3 4406 4411 4412 
3 4686 4687 4682 
3 4683 4685 4686 
3 4682 4683 4686 
3 4883 5040 5037 
3 2278 2265 2277 
3 2277 3130 3133 
3 2277 3133 2283 
3 2283 2282 2277 
3 2282 2278 2277 
3 3112 3107 3109 
3 3112 3111 3107 
3 3109 3113 3112 
3 3100 3094 3099 
3 3100 3101 3030 
3 3100 3030 3094 
3 2658 2708 2711 
3 2711 2712 2658 
3 1458 1453 1461 
3 2638 2640 2645 
3 2638 2634 2640 
3 1986 1987 1990 
3 1990 1988 1986 
3 3002 3005 3001 
3 2997 3002 3001 
3 490 487 491 
3 67 61 69 
3 69 61 66 
3 66 70 69 
3 1871 1914 1863 
3 1861 1871 1863 
3 5705 5702 5706 
3 5706 5708 5705 
3 4609 4605 4486 
3 3106 3097 3095 
3 3095 3098 3106 
3 4042 4039 3983 
3 3983 3940 4042 
3 3899 3896 3897 
3 3897 3900 3899 
3 3145 3195 3143 
3 3143 3141 3145 
3 5264 5265 5271 
3 5258 5265 5264 
3 5264 5260 5258 
3 956 971 954 
3 956 954 950 
3 948 995 956 
3 950 948 956 
3 4862 4858 4865 
3 4865 4894 4862 
3 4213 4211 4215 
3 4213 4215 4218 
3 4218 4404 4213 
3 4687 4589 4682 
3 3135 3133 3130 
3 3111 3108 3107 
3 2239 3108 3111 
3 3111 2248 2239 
3 3111 3114 2248 
3 3101 3103 3023 
3 3101 3023 3025 
3 3101 3025 3030 
3 546 550 553 
3 546 545 550 
3 2658 2657 2708 
3 1441 1453 1440 
3 1440 1435 1441 
3 1420 1413 1412 
3 1425 1413 1420 
3 1987 1992 1990 
3 1987 1045 1989 
3 1987 1989 1992 
3 2145 2149 2156 
3 2156 2169 2167 
3 2156 2167 2155 
3 2156 2147 2145 
3 2155 2147 2156 
3 487 490 485 
3 61 67 56 
3 64 66 61 
3 61 56 55 
3 61 55 60 
3 61 60 64 
3 5146 5144 5142 
3 5704 5706 5702 
3 5701 5704 5702 
3 2661 2663 2665 
3 2665 2671 2666 
3 2665 2666 2661 
3 3983 4039 4038 
3 3986 3983 4038 
3 4038 4040 4036 
3 4038 4036 3986 
3 3895 3896 3901 
3 3141 3136 3142 
3 3141 3142 3145 
3 5270 5271 5265 
3 5258 5263 5265 
3 5265 5263 5270 
3 994 996 1014 
3 1014 992 994 
3 4861 4865 4858 
3 4858 4852 4861 
3 4212 4215 4211 
3 4685 4683 4680 
3 4680 4684 4685 
3 2895 2877 2870 
3 2895 2870 2903 
3 3133 3135 3136 
3 3136 2283 3133 
3 2253 2248 3114 
3 741 737 729 
3 729 735 741 
3 545 543 550 
3 2474 2471 2517 
3 2517 2518 2500 
3 2517 2478 2474 
3 2500 2478 2517 
3 1453 1458 1444 
3 1453 1444 1440 
3 1410 1412 1413 
3 1418 1410 1413 
3 1413 1425 1418 
3 1045 1018 1989 
3 1045 1039 1018 
3 2143 2150 2149 
3 2149 2145 2143 
3 489 485 490 
3 490 496 493 
3 490 493 489 
3 67 71 65 
3 67 65 56 
3 671 674 672 
3 672 670 671 
3 2661 2624 2663 
3 209 199 204 
3 3896 3899 3902 
3 3896 3902 3901 
3 5260 4709 5256 
3 5255 5258 5260 
3 5256 5255 5260 
3 957 954 971 
3 963 957 971 
3 971 980 972 
3 972 963 971 
3 4215 4212 4217 
3 4220 4218 4215 
3 4217 4220 4215 
3 4683 4682 4678 
3 4679 4680 4683 
3 4678 4679 4683 
3 2877 2876 2868 
3 2868 2870 2877 
3 3135 3138 3142 
3 3142 3136 3135 
3 3113 3109 3110 
3 3110 3116 3113 
3 737 738 731 
3 737 731 729 
3 1652 1710 1658 
3 1641 1606 1652 
3 1652 1658 1649 
3 1652 1649 1641 
3 2471 2474 2470 
3 2471 2470 2466 
3 1215 1214 1209 
3 1205 1204 1215 
3 1209 1205 1215 
3 2062 2059 2056 
3 2057 2062 2056 
3 2052 2048 2056 
3 2056 2048 2057 
3 70 68 153 
3 66 68 70 
3 674 671 213 
3 213 676 674 
3 5684 5685 5687 
3 5684 5687 5688 
3 3505 3504 3510 
3 3510 3504 3677 
3 3509 3505 3510 
3 3510 3513 3512 
3 3510 3512 3509 
3 195 204 199 
3 3940 3983 3980 
3 3980 3941 3940 
3 5277 5271 5279 
3 5277 5279 5285 
3 5277 5285 5281 
3 954 957 947 
3 954 947 950 
3 5507 5511 5509 
3 4399 4406 4404 
3 4404 4218 4396 
3 4404 4396 4399 
3 4591 4682 4589 
3 4588 4591 4589 
3 2876 2873 2868 
3 3138 3144 3142 
3 3110 3115 3116 
3 1710 1675 1658 
3 2518 2519 2500 
3 1219 1218 1224 
3 1222 1219 1224 
3 1410 1418 1419 
3 1401 1402 1410 
3 1409 1401 1410 
3 1410 1419 1409 
3 2059 2062 2066 
3 2066 2063 2059 
3 2174 2170 2167 
3 2170 2155 2167 
3 834 833 831 
3 831 805 811 
3 831 811 830 
3 830 834 831 
3 64 63 68 
3 68 66 64 
3 63 154 68 
3 68 154 153 
3 666 671 670 
3 204 195 198 
3 204 198 206 
3 3983 3986 3982 
3 3982 3980 3983 
3 5274 5279 5271 
3 5270 5274 5271 
3 949 947 957 
3 953 949 957 
3 959 953 957 
3 963 959 957 
3 4898 4903 4904 
3 4897 4898 4904 
3 4909 4911 4904 
3 4904 4900 4897 
3 4903 4909 4904 
3 4415 4421 4419 
3 4419 4421 4425 
3 4682 4591 4678 
3 2898 2901 2900 
3 2900 2896 2898 
3 5808 5807 5213 
3 5808 5213 5817 
3 2837 2839 2835 
3 2835 2839 2842 
3 2832 2837 2835 
3 2835 2836 2831 
3 2842 2836 2835 
3 2835 2831 2826 
3 2826 2832 2835 
3 2251 2256 2258 
3 2251 2254 2249 
3 2258 2254 2251 
3 2249 2247 2251 
3 1606 1641 1605 
3 1605 1604 1606 
3 2504 2500 2519 
3 2519 2515 2504 
3 1219 1217 1218 
3 1218 1217 1212 
3 1212 1214 1218 
3 2062 2067 2066 
3 2060 2067 2062 
3 2062 2057 2060 
3 2143 2144 2150 
3 833 834 836 
3 5143 5142 5139 
3 5139 5140 5143 
3 217 213 671 
3 666 217 671 
3 24 26 28 
3 28 33 27 
3 27 24 28 
3 5601 5607 5606 
3 5604 5607 5601 
3 5685 5686 5687 
3 3505 3509 3503 
3 4709 4708 4713 
3 4713 5256 4709 
3 996 998 1004 
3 1010 1014 996 
3 996 1004 1010 
3 4909 4914 4911 
3 4911 4914 4916 
3 4421 4415 4414 
3 4414 4420 4421 
3 3858 3853 3855 
3 3855 3853 3850 
3 3863 3858 3855 
3 3855 3850 3845 
3 3855 3845 3856 
3 3856 3862 3855 
3 3855 3862 3863 
3 2901 2898 2899 
3 2899 2906 2901 
3 2871 2868 2873 
3 2839 2837 2957 
3 2844 2842 2839 
3 2923 2844 2839 
3 2957 2923 2839 
3 2249 2243 2247 
3 538 540 534 
3 534 506 500 
3 534 500 538 
3 962 968 964 
3 964 961 962 
3 1217 1219 1216 
3 1213 1212 1217 
3 1217 1216 1213 
3 2048 2052 2046 
3 2050 2057 2048 
3 2048 2046 2032 
3 71 79 77 
3 71 77 75 
3 72 65 71 
3 71 75 72 
3 5137 5142 5144 
3 5144 5138 5137 
3 1874 1873 1877 
3 26 24 25 
3 5690 5687 5686 
3 5686 5571 5689 
3 5689 5690 5686 
3 4708 4716 4713 
3 4714 4716 4708 
3 4706 4714 4708 
3 4703 4706 4708 
3 997 998 995 
3 995 948 997 
3 4890 4897 4900 
3 4900 4894 4890 
3 4415 4411 4414 
3 3853 3858 3857 
3 3849 3850 3853 
3 3853 3857 3852 
3 3853 3852 3849 
3 2893 2898 2896 
3 2857 2903 2870 
3 2837 2832 2963 
3 2963 2957 2837 
3 2243 2249 2244 
3 2238 2237 2243 
3 2244 2238 2243 
3 540 538 544 
3 544 543 540 
3 2472 2474 2478 
3 2478 2500 2482 
3 2477 2472 2478 
3 2482 2477 2478 
3 1222 2586 1219 
3 1219 2586 2591 
3 1219 2591 1216 
3 1425 1430 1424 
3 1424 1418 1425 
3 88 77 79 
3 5142 5137 5139 
3 210 208 676 
3 676 213 210 
3 40 35 33 
3 33 35 27 
3 43 40 33 
3 4605 4609 4610 
3 3515 3512 3513 
3 202 207 206 
3 206 198 202 
3 1003 1004 998 
3 997 1000 998 
3 998 1000 1003 
3 4894 4865 4870 
3 4870 4890 4894 
3 4425 4536 5337 
3 3858 3863 3865 
3 3860 3857 3858 
3 3865 3860 3858 
3 2903 2857 2911 
3 2827 2831 2836 
3 2836 2842 2841 
3 2836 2841 2833 
3 2833 2827 2836 
3 3103 2224 3023 
3 496 500 506 
3 506 507 499 
3 499 496 506 
3 2469 2470 2474 
3 2472 2469 2474 
3 1214 1212 1210 
3 1210 1209 1214 
3 1745 1747 1744 
3 2066 2064 2063 
3 82 75 77 
3 77 88 82 
3 5134 5138 5145 
3 5145 5132 5134 
3 207 202 208 
3 208 210 207 
3 35 40 41 
3 30 27 35 
3 4611 4610 4609 
3 4480 4611 4609 
3 3512 3515 3514 
3 3514 3509 3512 
3 2120 2119 2115 
3 2115 2112 919 
3 919 917 2115 
3 944 943 948 
3 946 944 948 
3 943 997 948 
3 950 946 948 
3 4865 4861 4870 
3 4411 4406 4409 
3 4409 4414 4411 
3 3844 3845 3850 
3 3850 3849 3846 
3 3850 3846 3844 
3 2827 2826 2831 
3 2216 2219 2227 
3 2219 2224 2227 
3 2227 2229 2216 
3 495 538 500 
3 496 495 500 
3 2500 2504 2494 
3 2494 2482 2500 
3 1212 1213 1211 
3 1212 1211 1210 
3 1431 1424 1430 
3 2073 2066 2067 
3 2067 2075 2073 
3 5138 5134 5135 
3 5135 5137 5138 
3 212 210 213 
3 213 217 215 
3 215 212 213 
3 40 43 48 
3 4611 4614 4610 
3 3520 3514 3515 
3 3518 3520 3515 
3 5450 5447 5448 
3 5450 5448 5451 
3 1524 1528 1527 
3 1521 1524 1527 
3 3840 3837 3845 
3 3845 3837 3826 
3 3844 3840 3845 
3 3845 3826 3847 
3 3847 3856 3845 
3 2893 2894 2898 
3 2898 2894 2899 
3 2822 2968 2832 
3 2968 2963 2832 
3 2832 2826 2822 
3 2219 3018 2224 
3 3018 3023 2224 
3 495 492 538 
3 538 492 544 
3 2462 2466 2470 
3 2469 2464 2470 
3 2470 2464 2462 
3 1204 1201 1200 
3 1202 1201 1204 
3 1200 1230 1204 
3 1204 1205 1202 
3 2064 2068 2069 
3 2064 2066 2068 
3 2069 2223 2064 
3 5137 5135 5133 
3 5136 5139 5137 
3 5133 5136 5137 
3 210 212 211 
3 210 211 207 
3 3509 3508 3503 
3 3989 3986 4036 
3 1536 1528 1529 
3 1536 1529 1788 
3 4214 4217 4212 
3 4206 4214 4212 
3 3862 3856 3861 
3 3868 3863 3862 
3 3867 3868 3862 
3 3862 3861 3867 
3 2894 2888 2891 
3 2894 2893 2890 
3 2897 2899 2894 
3 2891 2897 2894 
3 2894 2890 2888 
3 2617 2621 2616 
3 2616 2613 2617 
3 2237 2231 2229 
3 2229 2231 2220 
3 2220 2216 2229 
3 543 547 550 
3 543 544 547 
3 2466 2462 2465 
3 2466 2465 2467 
3 1197 1200 1201 
3 1202 1196 1201 
3 1201 1196 1197 
3 3612 3608 3609 
3 3609 3608 3599 
3 3617 3612 3609 
3 3599 3588 3609 
3 3609 3588 3582 
3 3609 3582 3621 
3 3621 3617 3609 
3 2066 2071 2068 
3 2066 2073 2071 
3 598 600 599 
3 599 593 598 
3 615 620 616 
3 5140 5139 3056 
3 3056 5141 5140 
3 218 215 217 
3 1314 1317 1313 
3 1311 1314 1313 
3 1305 1311 1313 
3 5687 5690 5691 
3 5691 5688 5687 
3 2675 2666 2671 
3 1523 1529 1528 
3 1524 1523 1528 
3 3856 3847 3861 
3 2621 2624 2620 
3 2620 2616 2621 
3 2844 2923 2916 
3 2231 2237 2238 
3 2231 2238 2226 
3 2226 2220 2231 
3 2267 2278 2279 
3 2279 2272 2267 
3 968 973 974 
3 968 974 969 
3 969 964 968 
3 1200 1237 1230 
3 3608 3612 3611 
3 3608 3611 3606 
3 3605 3599 3608 
3 3606 3605 3608 
3 2994 2193 2191 
3 2192 2994 2191 
3 620 615 619 
3 622 625 620 
3 619 622 620 
3 5139 5136 3060 
3 5139 3060 3056 
3 215 211 212 
3 3986 3989 3984 
3 3984 3982 3986 
3 4852 4846 4849 
3 4857 4861 4852 
3 4849 4857 4852 
3 4406 4399 4401 
3 4403 4409 4406 
3 4401 4403 4406 
3 3863 3868 3871 
3 3871 3865 3863 
3 4173 4171 4169 
3 4172 4176 4173 
3 4169 4172 4173 
3 2923 2957 2932 
3 2921 2916 2923 
3 2923 2932 2927 
3 2927 2921 2923 
3 2282 2284 2278 
3 2284 2279 2278 
3 2503 2504 2515 
3 2511 2503 2515 
3 2515 2516 2511 
3 1237 1200 1199 
3 1237 1199 1198 
3 1237 1198 1279 
3 1237 1279 1273 
3 3615 3611 3612 
3 3617 3615 3612 
3 2193 2197 2194 
3 2193 2994 2197 
3 2825 2761 2821 
3 2821 2829 2825 
3 615 609 612 
3 612 619 615 
3 5136 5133 3067 
3 5136 3067 3062 
3 3062 3060 5136 
3 5112 5114 5106 
3 5106 5107 5112 
3 211 209 204 
3 216 209 211 
3 211 204 206 
3 206 207 211 
3 211 215 216 
3 5564 5562 5565 
3 5565 5567 5564 
3 3502 3503 3508 
3 4846 4841 4843 
3 4846 4843 4849 
3 4218 4220 4221 
3 4218 4221 4396 
3 3860 3859 3857 
3 3857 3859 3951 
3 3854 3852 3857 
3 3951 3854 3857 
3 2963 2960 2957 
3 2957 2960 2954 
3 2957 2954 2932 
3 3020 3025 3023 
3 3018 3020 3023 
3 484 548 492 
3 487 484 492 
3 492 491 487 
3 492 495 491 
3 548 544 492 
3 2745 2746 2741 
3 2741 2746 2744 
3 1200 1197 1195 
3 1200 1195 1194 
3 1194 1199 1200 
3 3611 3615 3614 
3 3611 3610 3606 
3 3614 3610 3611 
3 2128 2126 2124 
3 2761 2825 2760 
3 2759 2756 2761 
3 2760 2759 2761 
3 609 583 582 
3 582 612 609 
3 3060 3062 3057 
3 3057 3056 3060 
3 1919 1914 1920 
3 1920 1924 1919 
3 215 218 216 
3 4617 4621 4614 
3 4614 4611 4617 
3 3502 3497 3503 
3 5518 5511 5267 
3 5536 5531 5518 
3 5537 5536 5518 
3 5518 5267 5537 
3 4224 4221 4220 
3 4222 4224 4220 
3 4220 4217 4222 
3 3859 3860 3864 
3 3864 3945 3859 
3 3859 3945 3950 
3 3859 3950 3951 
3 2960 2963 2964 
3 2962 2954 2960 
3 2960 2964 2967 
3 2967 2962 2960 
3 1725 1728 1719 
3 1725 1719 1720 
3 1725 1722 1551 
3 1720 1722 1725 
3 490 491 495 
3 496 490 495 
3 2746 2745 2750 
3 2748 2744 2746 
3 2750 2753 2746 
3 2746 2753 2748 
3 1205 1209 1203 
3 1203 1202 1205 
3 3588 3599 3590 
3 3579 3582 3588 
3 3584 3579 3588 
3 3588 3590 3584 
3 2994 2999 2197 
3 2998 2999 2994 
3 2994 2192 2996 
3 2994 2996 2998 
3 2154 2158 2151 
3 1302 1303 1305 
3 1915 1920 1914 
3 1911 1915 1914 
3 1914 1871 1911 
3 5114 5112 5121 
3 1314 1311 1312 
3 1312 1315 1314 
3 4621 4617 4622 
3 4621 4622 4624 
3 4345 4340 4348 
3 4345 4348 4352 
3 4352 4354 4345 
3 5472 5476 5469 
3 5466 5462 5472 
3 5472 5469 5466 
3 5511 5507 5276 
3 5511 5276 5268 
3 5268 5267 5511 
3 4221 4224 4387 
3 4391 4396 4221 
3 4387 4391 4221 
3 3860 3865 3864 
3 1335 1338 1514 
3 1331 1338 1335 
3 1335 1274 1331 
3 2968 2964 2963 
3 1728 1729 1721 
3 1721 1719 1728 
3 544 548 549 
3 544 549 547 
3 2745 2749 2752 
3 2740 2749 2745 
3 2745 2752 2750 
3 1209 1210 1206 
3 1206 1203 1209 
3 3599 3605 3600 
3 3599 3600 3590 
3 767 759 757 
3 603 600 604 
3 604 606 603 
3 579 575 573 
3 1924 1920 1926 
3 1924 1926 1928 
3 5411 5405 5401 
3 1309 1312 1311 
3 1311 1305 1308 
3 1308 1309 1311 
3 3681 3684 3683 
3 5462 5466 5456 
3 5452 5455 5462 
3 5456 5452 5462 
3 5531 5536 5540 
3 5531 5540 5534 
3 4224 4222 4227 
3 4288 4387 4224 
3 4224 4227 4283 
3 4224 4283 4288 
3 3852 3854 3851 
3 3848 3849 3852 
3 3851 3848 3852 
3 2906 2899 2904 
3 2904 2910 2906 
3 1341 1514 1338 
3 1338 1331 1337 
3 1338 1337 1341 
3 2838 2833 2841 
3 2841 2843 2838 
3 1724 1721 1729 
3 1729 1730 1724 
3 2268 2272 2276 
3 2276 2270 2268 
3 2743 2739 2744 
3 2744 2748 2747 
3 2744 2747 2743 
3 2331 2323 2326 
3 2331 2327 2323 
3 3631 3621 3582 
3 3579 3575 3582 
3 3582 3575 3573 
3 3582 3573 3631 
3 3001 2998 2996 
3 2997 3001 2996 
3 2996 2995 2997 
3 801 802 805 
3 805 802 811 
3 42 56 65 
3 36 42 65 
3 65 72 36 
3 5107 5108 5113 
3 5113 5112 5107 
3 218 222 216 
3 170 50 1315 
3 1315 1312 170 
3 5561 5565 5562 
3 318 326 324 
3 3867 3861 3866 
3 3688 3683 3689 
3 3689 3692 3688 
3 5453 5454 5455 
3 5455 5452 5446 
3 5446 5453 5455 
3 5536 5537 5542 
3 5542 5540 5536 
3 4223 4222 4217 
3 4217 4214 4216 
3 4217 4216 4223 
3 3854 3951 3954 
3 3854 3954 3851 
3 2840 2838 2843 
3 1719 1721 1714 
3 1715 1720 1719 
3 1714 1715 1719 
3 2272 2280 2276 
3 2279 2280 2272 
3 2739 2743 1113 
3 2739 1113 1115 
3 1118 2731 2739 
3 1115 1118 2739 
3 2327 2318 2316 
3 2327 2316 2323 
3 2327 2324 2318 
3 3615 3617 3625 
3 3618 3614 3615 
3 3625 3618 3615 
3 2753 2752 2758 
3 2758 2756 2753 
3 802 801 798 
3 806 811 802 
3 802 798 797 
3 802 797 800 
3 800 806 802 
3 56 40 48 
3 41 40 56 
3 56 42 41 
3 56 48 55 
3 1990 1993 1988 
3 1988 1993 1991 
3 1874 1911 1871 
3 1871 1861 1864 
3 1871 1864 1874 
3 5111 5113 5108 
3 5065 5111 5108 
3 4615 4617 4611 
3 4611 4480 4615 
3 326 318 316 
3 319 331 326 
3 326 316 319 
3 3941 3980 3978 
3 3689 3683 3684 
3 3684 3687 3689 
3 4831 4837 4834 
3 4834 4826 4828 
3 4834 4828 4831 
3 4223 4227 4222 
3 3848 3846 3849 
3 2857 2916 2911 
3 1721 1724 1718 
3 1717 1714 1721 
3 1718 1717 1721 
3 1675 1707 1681 
3 1663 1658 1675 
3 1675 1681 1670 
3 1670 1663 1675 
3 1118 2722 2731 
3 3592 2993 2800 
3 3592 3591 3594 
3 3592 3594 2993 
3 3617 3630 3625 
3 3617 3626 3630 
3 3621 3626 3617 
3 2752 2753 2750 
3 42 35 41 
3 30 35 42 
3 42 36 30 
3 5112 5113 5119 
3 5119 5121 5112 
3 4617 4615 4618 
3 4617 4618 4622 
3 312 316 318 
3 4959 4962 5228 
3 4958 4959 5228 
3 5228 5230 5231 
3 5231 4958 5228 
3 4837 4843 4841 
3 4214 4206 4208 
3 4208 4216 4214 
3 3875 3871 3868 
3 3872 3875 3868 
3 3867 3872 3868 
3 2899 2897 2904 
3 2915 2911 2916 
3 2921 2915 2916 
3 1555 1551 1722 
3 1561 1555 1722 
3 1722 1720 1716 
3 1716 1561 1722 
3 1707 1708 1703 
3 1703 1681 1707 
3 2722 1118 1121 
3 1121 1123 2722 
3 3596 3597 3591 
3 3597 3594 3591 
3 3591 3593 3596 
3 3587 3593 3591 
3 3626 3636 3630 
3 3626 3621 3636 
3 2756 2755 2751 
3 2751 2753 2756 
3 2756 2759 2755 
3 827 830 811 
3 811 806 812 
3 811 812 821 
3 821 827 811 
3 78 72 75 
3 75 82 78 
3 5117 5119 5113 
3 5111 5117 5113 
3 5706 5739 5708 
3 5567 5565 5569 
3 5569 5571 5567 
3 2662 2661 2666 
3 2664 2662 2666 
3 2675 2664 2666 
3 331 319 327 
3 4966 4965 4962 
3 4962 4959 4960 
3 4960 4966 4962 
3 4346 3753 3751 
3 3751 3753 3749 
3 4350 4346 3751 
3 3751 3749 4350 
3 4843 4837 4839 
3 4845 4849 4843 
3 4839 4845 4843 
3 3865 3871 3870 
3 3865 3870 3864 
3 2897 2891 2876 
3 2877 2895 2897 
3 2876 2877 2897 
3 2902 2904 2897 
3 2895 2902 2897 
3 3560 3559 3567 
3 3565 3561 3560 
3 3567 3565 3560 
3 1551 1555 1554 
3 1554 1550 1551 
3 1708 1709 1703 
3 1328 1324 1322 
3 1322 1327 1328 
3 3621 3631 3636 
3 2753 2751 2748 
3 834 830 832 
3 837 836 834 
3 838 837 834 
3 834 832 838 
3 23 36 72 
3 72 78 23 
3 1861 1853 1864 
3 5119 5124 5121 
3 1310 170 1312 
3 1312 1309 1310 
3 310 319 316 
3 316 312 309 
3 316 309 310 
3 4966 4969 4965 
3 3753 4346 3756 
3 3750 3749 3753 
3 3755 3750 3753 
3 3753 3756 3755 
3 4837 4831 4836 
3 4836 4839 4837 
3 4394 4399 4396 
3 4396 4391 4394 
3 3876 3870 3871 
3 3880 3876 3871 
3 3871 3875 3880 
3 2928 2925 2934 
3 2938 3619 2928 
3 2934 2938 2928 
3 3559 3557 3562 
3 3564 3567 3559 
3 3562 3564 3559 
3 1555 1561 1558 
3 1558 1554 1555 
3 2280 2291 2287 
3 2286 2291 2280 
3 2280 2287 2276 
3 2280 2279 2286 
3 974 976 975 
3 974 975 969 
3 1324 1296 1322 
3 1290 1296 1324 
3 1285 1290 1324 
3 3607 3606 3610 
3 3610 3614 3613 
3 3610 3613 2945 
3 3610 2945 3607 
3 2759 2760 2755 
3 830 827 832 
3 23 30 36 
3 5124 5119 5126 
3 5126 5132 5124 
3 170 1310 173 
3 170 173 172 
3 2626 2620 2624 
3 2624 2661 2626 
3 314 327 319 
3 319 310 314 
3 4959 4958 4957 
3 4959 4957 4956 
3 4956 4960 4959 
3 3204 3201 3196 
3 3192 3205 3204 
3 3204 3196 3192 
3 4346 4350 4347 
3 4347 4339 4346 
3 5501 5282 5507 
3 5507 5282 5276 
3 4399 4394 4401 
3 4591 4588 4593 
3 4596 4678 4591 
3 4593 4596 4591 
3 2922 2925 2918 
3 2914 2922 2918 
3 3557 3550 3558 
3 3558 3562 3557 
3 1720 1715 1716 
3 2284 2286 2279 
3 2504 2503 2494 
3 1326 1333 1327 
3 1321 1326 1327 
3 1327 1322 1320 
3 1327 1320 1321 
3 3605 3606 3602 
3 3602 3600 3605 
3 600 598 597 
3 601 604 600 
3 597 601 600 
3 570 573 575 
3 4196 4191 4206 
3 4186 4191 4196 
3 5123 5126 5119 
3 5117 5123 5119 
3 512 958 510 
3 24 27 22 
3 21 25 24 
3 19 21 24 
3 22 19 24 
3 2616 2620 2622 
3 5230 5233 5235 
3 5235 5231 5230 
3 3201 3207 3203 
3 3201 3203 3197 
3 3197 3196 3201 
3 3746 4350 3749 
3 3744 3746 3749 
3 3749 3750 3744 
3 5282 5501 5289 
3 5275 5276 5282 
3 5282 5289 5286 
3 4590 4593 4588 
3 4587 4590 4588 
3 4588 4581 4582 
3 4588 4582 4587 
3 5008 5006 5010 
3 5010 5006 5011 
3 5013 5008 5010 
3 5010 5011 5014 
3 5010 5014 5013 
3 2610 2609 2613 
3 2616 2610 2613 
3 3548 3558 3550 
3 3523 3548 3550 
3 1710 1652 1715 
3 1652 1716 1715 
3 1715 1714 1711 
3 1715 1711 1710 
3 1954 1950 1951 
3 1951 1950 1942 
3 1958 1954 1951 
3 1951 1942 1910 
3 1957 1958 1951 
3 1951 1910 1957 
3 2499 2494 2503 
3 2503 2511 2507 
3 2502 2499 2503 
3 2503 2507 2502 
3 2047 2054 2246 
3 2053 2054 2047 
3 2047 2246 2264 
3 2045 2053 2047 
3 2027 2045 2047 
3 2047 2264 2266 
3 2047 2266 2027 
3 3606 3604 3602 
3 3607 3604 3606 
3 471 475 470 
3 4208 4206 4191 
3 4185 4208 4191 
3 4191 4186 4185 
3 5132 5128 5134 
3 5126 5128 5132 
3 509 510 958 
3 958 961 509 
3 27 30 22 
3 5565 5561 5563 
3 5565 5563 5568 
3 5565 5568 5569 
3 2620 2626 2622 
3 305 309 312 
3 1933 2311 1931 
3 1937 2311 1933 
3 5237 5235 5233 
3 5236 5237 5233 
3 3208 3203 3207 
3 4350 3746 4355 
3 4353 4347 4350 
3 4355 4353 4350 
3 5445 5448 5447 
3 5442 5445 5447 
3 4391 4387 4388 
3 4388 4394 4391 
3 3939 3944 3933 
3 3946 3944 3939 
3 3939 3933 3937 
3 3943 3946 3939 
3 3939 3937 3943 
3 5006 5008 5004 
3 4929 5011 5006 
3 5000 4929 5006 
3 5004 5002 5006 
3 5006 5002 5000 
3 1561 1606 1604 
3 1561 1716 1606 
3 1564 1558 1561 
3 1604 1564 1561 
3 1950 1954 1948 
3 1945 1942 1950 
3 1950 1948 1945 
3 2554 2547 2544 
3 2544 2550 2554 
3 2228 2246 2054 
3 2054 2053 2058 
3 2054 2058 2228 
3 3600 3602 3595 
3 3595 3590 3600 
3 2122 2124 2126 
3 475 481 479 
3 361 470 475 
3 475 479 361 
3 598 592 591 
3 591 597 598 
3 5129 5134 5128 
3 5128 5126 5123 
3 5128 5123 5129 
3 511 510 508 
3 511 508 504 
3 504 507 511 
3 1109 897 1107 
3 1107 1111 1109 
3 309 305 304 
3 304 310 309 
3 2112 922 919 
3 3203 3206 3199 
3 3208 3206 3203 
3 3199 3197 3203 
3 3746 3744 3742 
3 3741 4355 3746 
3 3712 3741 3746 
3 3746 3742 3712 
3 5295 5451 5448 
3 5307 5295 5448 
3 5448 5445 5307 
3 5276 5275 5268 
3 4387 4288 4384 
3 4387 4384 4388 
3 3938 3933 3944 
3 3944 3946 3949 
3 3944 3949 3948 
3 3945 3938 3944 
3 3948 3945 3944 
3 5007 5004 5008 
3 5013 5007 5008 
3 2608 2603 3378 
3 2608 2609 2603 
3 1716 1652 1606 
3 1954 1958 1956 
3 1955 1948 1954 
3 1954 1956 1955 
3 2553 2545 2547 
3 2554 2553 2547 
3 2246 2228 2236 
3 2246 2236 2245 
3 3614 3618 3620 
3 3620 3613 3614 
3 2050 2060 2057 
3 95 82 88 
3 88 91 99 
3 99 95 88 
3 4208 4185 4177 
3 4177 4210 4208 
3 1853 1852 1865 
3 1846 1852 1853 
3 1865 1864 1853 
3 509 508 510 
3 897 891 1101 
3 1101 1107 897 
3 301 304 305 
3 4969 4966 4970 
3 4969 4970 4971 
3 3205 3192 3193 
3 3747 3744 3750 
3 3755 3752 3750 
3 3750 3752 3747 
3 4861 4857 4866 
3 4869 4870 4861 
3 4866 4869 4861 
3 4282 4283 4227 
3 4230 4282 4227 
3 4227 4223 4230 
3 3931 3937 3933 
3 3922 3931 3933 
3 3933 3938 3921 
3 3921 3922 3933 
3 5017 5014 5011 
3 4919 5017 5011 
3 4923 4919 5011 
3 5011 4929 4923 
3 2605 2603 2609 
3 2607 2605 2609 
3 2610 2607 2609 
3 1912 1910 1942 
3 1942 1945 1934 
3 1942 1934 1912 
3 976 982 979 
3 976 979 975 
3 2045 2049 2053 
3 2053 2049 2055 
3 2055 2058 2053 
3 3623 3620 3618 
3 3625 3623 3618 
3 2060 2050 2051 
3 82 95 78 
3 2111 2107 2113 
3 1850 1865 1852 
3 1852 1846 1850 
3 5127 5129 5123 
3 5123 5117 5122 
3 5123 5122 5127 
3 505 504 508 
3 508 509 505 
3 4619 4622 4618 
3 2651 2626 2661 
3 2661 2662 2651 
3 308 314 310 
3 310 304 303 
3 303 308 310 
3 2311 1937 2308 
3 3982 3978 3980 
3 3181 3192 3196 
3 3196 3191 3181 
3 3197 3191 3196 
3 5289 5501 5498 
3 5498 5451 5295 
3 5498 5295 5289 
3 5289 5291 5286 
3 4287 4288 4283 
3 4282 4287 4283 
3 3952 3949 3946 
3 3946 3943 3947 
3 3947 3952 3946 
3 5014 5017 5020 
3 5016 5013 5014 
3 5020 5016 5014 
3 5807 5223 5217 
3 5215 5213 5807 
3 5217 5215 5807 
3 5820 5816 5819 
3 1723 1718 1724 
3 1958 1957 1962 
3 1961 1956 1958 
3 1958 1962 1961 
3 2550 2556 2558 
3 2558 2554 2550 
3 2046 2052 2049 
3 2049 2045 2046 
3 2052 2055 2049 
3 481 485 483 
3 481 483 479 
3 91 94 96 
3 91 96 99 
3 4181 4185 4186 
3 4180 4181 4186 
3 5117 5111 5115 
3 5117 5115 5122 
3 507 504 499 
3 4622 4619 4623 
3 4625 4624 4622 
3 4623 4625 4622 
3 2626 2651 2633 
3 2626 2633 2627 
3 2627 2622 2626 
3 3192 3185 3193 
3 3181 3185 3192 
3 4342 4336 4339 
3 4339 4347 4342 
3 4857 4849 4854 
3 4860 4866 4857 
3 4854 4860 4857 
3 4288 4287 4289 
3 4380 4384 4288 
3 4288 4289 4380 
3 3953 3948 3949 
3 3949 3952 3953 
3 5017 4919 5019 
3 5017 5019 5021 
3 5021 5020 5017 
3 3506 3517 3507 
3 3507 3517 3522 
3 3480 3483 3507 
3 3507 3483 3506 
3 3521 3480 3507 
3 3522 3521 3507 
3 1708 1711 1714 
3 1714 1717 1708 
3 1906 1957 1910 
3 1910 1912 1907 
3 1910 1907 1905 
3 1910 1905 1906 
3 1034 1026 1021 
3 1021 1014 1016 
3 1021 1022 1034 
3 1016 1022 1021 
3 2028 2046 2045 
3 2045 2027 2026 
3 2026 2028 2045 
3 3620 3623 3624 
3 101 78 95 
3 95 99 102 
3 95 102 105 
3 105 101 95 
3 2440 2438 2436 
3 5110 5115 5111 
3 5111 5065 5110 
3 504 505 501 
3 504 501 498 
3 498 499 504 
3 3057 3058 3054 
3 300 303 304 
3 304 301 300 
3 3982 3984 3981 
3 3182 3193 3185 
3 3178 3182 3185 
3 3185 3181 3177 
3 3185 3177 3175 
3 3175 3178 3185 
3 4336 4342 4340 
3 4061 4055 4059 
3 4059 4055 4052 
3 4065 4061 4059 
3 4066 4065 4059 
3 4059 4052 4062 
3 4059 4062 4066 
3 4287 4282 4285 
3 4290 4293 4287 
3 4287 4293 4289 
3 4285 4290 4287 
3 3937 3931 3935 
3 3935 3943 3937 
3 4919 4923 4921 
3 4919 4921 4915 
3 4919 4915 4913 
3 4913 5019 4919 
3 3517 3506 3511 
3 3524 3522 3517 
3 3516 3524 3517 
3 3511 3516 3517 
3 5816 5813 5811 
3 5816 5811 5814 
3 5816 5814 5819 
3 1675 1710 1711 
3 1707 1675 1711 
3 1708 1707 1711 
3 1959 1962 1957 
3 1906 1959 1957 
3 1026 1034 1035 
3 1026 1035 1032 
3 1301 1322 1296 
3 1296 1290 1295 
3 1295 1301 1296 
3 3625 3629 3623 
3 3623 3629 3627 
3 3627 3624 3623 
3 20 23 78 
3 78 101 20 
3 3051 3052 3056 
3 3057 3051 3056 
3 2432 2436 2438 
3 2427 2432 2438 
3 2425 2427 2438 
3 5120 5122 5115 
3 5115 5110 5116 
3 5115 5116 5120 
3 965 509 961 
3 961 964 965 
3 4619 3482 3479 
3 4619 3479 4623 
3 3055 3054 3058 
3 3063 3055 3058 
3 308 303 302 
3 3182 3187 3193 
3 4348 4342 4347 
3 4347 4353 4351 
3 4351 4348 4347 
3 4055 4061 4057 
3 4034 4052 4055 
3 4055 4057 4031 
3 4031 4034 4055 
3 3932 3935 3931 
3 3931 3922 3927 
3 3927 3932 3931 
3 4928 4923 4929 
3 4929 5000 4934 
3 4929 4934 4928 
3 3483 3480 3476 
3 3483 3476 3478 
3 3499 3506 3483 
3 3485 3499 3483 
3 3483 3478 3485 
3 5810 5811 5813 
3 1709 1708 1717 
3 1717 1718 1709 
3 1948 1955 1952 
3 1948 1952 1947 
3 1943 1945 1948 
3 1947 1943 1948 
3 1014 1010 1016 
3 1322 1301 1320 
3 2949 3607 2945 
3 2943 2949 2945 
3 2144 2143 2136 
3 98 94 93 
3 93 92 97 
3 97 98 93 
3 4185 4181 4177 
3 2434 2439 2436 
3 2436 2432 2434 
3 5125 5127 5122 
3 5122 5120 5125 
3 509 965 503 
3 503 505 509 
3 5561 5557 5232 
3 5232 5563 5561 
3 295 302 303 
3 294 295 303 
3 300 297 303 
3 303 297 294 
3 3187 3182 3183 
3 4348 4340 4342 
3 5504 5515 5505 
3 5505 5495 5504 
3 5295 5307 5297 
3 5291 5289 5295 
3 5297 5291 5295 
3 4061 4065 4063 
3 4060 4057 4061 
3 4398 4401 4394 
3 4392 4398 4394 
3 4394 4388 4392 
3 3943 3935 3942 
3 3942 3947 3943 
3 4928 4921 4923 
3 3475 3476 3480 
3 3521 3475 3480 
3 2956 2948 2954 
3 2962 2956 2954 
3 2948 2932 2954 
3 1723 1712 1718 
3 1718 1712 1709 
3 1938 1934 1945 
3 1943 1938 1945 
3 1037 1034 1022 
3 1038 1037 1022 
3 1020 1038 1022 
3 1016 1020 1022 
3 1290 1285 1281 
3 1291 1295 1290 
3 1281 1282 1290 
3 1290 1282 1287 
3 1287 1291 1290 
3 3624 3627 3628 
3 98 96 94 
3 4181 4180 4175 
3 4181 4175 4174 
3 4174 4177 4181 
3 3051 3057 3054 
3 3051 3054 3047 
3 3051 3047 3046 
3 3046 3049 3051 
3 2439 2434 2437 
3 967 965 964 
3 964 969 967 
3 5239 5232 5557 
3 3054 3055 3048 
3 3048 3047 3054 
3 4958 5231 5234 
3 4954 4957 4958 
3 4955 4954 4958 
3 5234 4955 4958 
3 3182 3178 3176 
3 3176 3183 3182 
3 4353 4355 4357 
3 4353 4357 4356 
3 4356 4351 4353 
3 5512 5520 5515 
3 5515 5520 5524 
3 5504 5512 5515 
3 5524 5523 5515 
3 4695 4564 4566 
3 4566 4694 4695 
3 4065 4066 4067 
3 4065 4067 4068 
3 5414 5436 5437 
3 5437 5433 5414 
3 3932 3936 3935 
3 3935 3936 3942 
3 5004 4994 5002 
3 5002 4994 5000 
3 3476 3475 3472 
3 3468 3478 3476 
3 3472 3468 3476 
3 2932 2948 2935 
3 2932 2935 2927 
3 1934 1938 1929 
3 1913 1912 1934 
3 1929 1917 1934 
3 1934 1917 1913 
3 1034 1037 1035 
3 1418 1424 1419 
3 279 97 92 
3 1864 1865 1873 
3 1873 1874 1864 
3 967 503 965 
3 5229 5568 5563 
3 5563 5232 5229 
3 3050 3048 3055 
3 3055 3063 3059 
3 3055 3059 3050 
3 5231 5235 5234 
3 1015 1989 1018 
3 1018 1017 1015 
3 3180 3181 3191 
3 3186 3180 3191 
3 3191 3197 3194 
3 3194 3186 3191 
3 3739 3742 3744 
3 3744 3747 3739 
3 5523 5524 5528 
3 5528 5527 5523 
3 5432 5431 5424 
3 5424 5431 5427 
3 5423 5432 5424 
3 5424 5427 5420 
3 5424 5416 5423 
3 5419 5416 5424 
3 5424 5420 5419 
3 4054 4062 4052 
3 4052 4034 4047 
3 4047 4054 4052 
3 5436 5414 5336 
3 5436 5336 5325 
3 3870 3921 3938 
3 3938 3945 3870 
3 4994 4982 4976 
3 4993 4982 4994 
3 4994 5004 4998 
3 4988 5000 4994 
3 4976 4988 4994 
3 4994 4998 4993 
3 3502 3508 3506 
3 3506 3499 3502 
3 3508 3511 3506 
3 2689 2692 2696 
3 2694 2687 2689 
3 2696 2694 2689 
3 1940 1936 1938 
3 1938 1936 1932 
3 1938 1932 1929 
3 1938 1943 1940 
3 1037 1042 1041 
3 1038 1042 1037 
3 1041 1035 1037 
3 1466 1460 1457 
3 1457 1462 1466 
3 1424 1431 1426 
3 1426 1419 1424 
3 842 844 839 
3 839 838 842 
3 1794 1789 1790 
3 502 501 505 
3 505 503 502 
3 4083 4081 4078 
3 4083 4078 4079 
3 4083 4079 4077 
3 5568 5229 4964 
3 5572 5569 5568 
3 4968 5572 5568 
3 4964 4968 5568 
3 3043 3046 3047 
3 3047 3048 3042 
3 3042 3043 3047 
3 4952 4956 4957 
3 4957 4954 4952 
3 1989 1015 1992 
3 3181 3180 3174 
3 3174 3177 3181 
3 4355 3741 4361 
3 4359 4357 4355 
3 4355 4361 4359 
3 5500 5504 5495 
3 5495 5496 5500 
3 5431 5432 5444 
3 5457 5427 5431 
3 5444 5457 5431 
3 4070 4066 4062 
3 4062 4054 4064 
3 4062 4064 4070 
3 5331 5337 4536 
3 3922 3921 3887 
3 3922 3923 3927 
3 3917 3923 3922 
3 3887 3917 3922 
3 5004 5007 5003 
3 5003 4998 5004 
3 3499 3497 3502 
3 3499 3485 3488 
3 3499 3488 3497 
3 2692 2695 2699 
3 2699 2696 2692 
3 2238 2244 2240 
3 2238 2240 2233 
3 2238 2233 2226 
3 1956 1961 1955 
3 1036 1032 1035 
3 1035 1041 1040 
3 1035 1040 1036 
3 1456 1457 1460 
3 1455 1456 1460 
3 1429 1426 1431 
3 489 486 485 
3 486 483 485 
3 96 98 103 
3 104 99 96 
3 103 104 96 
3 1789 1794 1793 
3 501 502 497 
3 501 497 494 
3 494 498 501 
3 5236 5233 5232 
3 5233 5229 5232 
3 5232 5239 5236 
3 3043 3044 3046 
3 5235 5237 5240 
3 5240 5234 5235 
3 3741 3712 3708 
3 3708 4361 3741 
3 5432 5423 5429 
3 5432 5429 5434 
3 5441 5444 5432 
3 5434 5441 5432 
3 4071 4067 4066 
3 4066 4070 4071 
3 4414 4413 4420 
3 4420 4413 4528 
3 3921 3870 3876 
3 3921 3876 3887 
3 4988 4934 5000 
3 3475 3521 3474 
3 3470 3472 3475 
3 3474 3470 3475 
3 1332 1328 1327 
3 1327 1334 1332 
3 1655 1649 1658 
3 1663 1655 1658 
3 1032 1036 1033 
3 1033 1030 1032 
3 1462 1457 1454 
3 1454 1458 1462 
3 358 479 483 
3 486 358 483 
3 98 97 100 
3 100 103 98 
3 2432 2427 2424 
3 2429 2434 2432 
3 2432 2424 2426 
3 2432 2426 2429 
3 343 502 503 
3 503 967 343 
3 5230 5228 5229 
3 5233 5230 5229 
3 5228 4964 5229 
3 3040 3042 3048 
3 3048 3050 3040 
3 301 298 300 
3 5237 5236 5241 
3 5242 5240 5237 
3 5237 5241 5242 
3 3199 3194 3197 
3 4357 4359 4362 
3 4362 4356 4357 
3 5427 5425 5420 
3 5427 5457 5458 
3 5427 5430 5425 
3 5458 5430 5427 
3 4030 4031 4057 
3 4058 4030 4057 
3 4413 4414 4409 
3 4413 4409 4410 
3 4410 4528 4413 
3 3945 3948 3950 
3 3864 3870 3945 
3 4934 4941 4933 
3 4934 4988 4941 
3 4933 4928 4934 
3 3521 3522 3529 
3 3529 3474 3521 
3 1546 1550 1549 
3 1549 1545 1546 
3 1645 1641 1649 
3 1647 1645 1649 
3 1649 1655 1647 
3 984 979 982 
3 1457 1456 1450 
3 1450 1454 1457 
3 3601 3602 3604 
3 3604 3607 2972 
3 2972 3603 3604 
3 3604 3603 3601 
3 279 286 97 
3 97 286 100 
3 2427 2425 2424 
3 349 497 502 
3 502 343 345 
3 502 345 349 
3 5571 5569 5572 
3 5572 5689 5571 
3 298 297 300 
3 3742 3739 3711 
3 3742 3711 3712 
3 5497 5500 5496 
3 5494 5497 5496 
3 5496 5454 5494 
3 5415 5423 5416 
3 5410 5415 5416 
3 5416 5419 5407 
3 5416 5407 5410 
3 4034 4031 4029 
3 4035 4047 4034 
3 4026 4035 4034 
3 4029 4026 4034 
3 3948 3953 3957 
3 3957 3950 3948 
3 4988 4976 4941 
3 3522 3524 3527 
3 3527 3529 3522 
3 2921 2919 2915 
3 1554 1549 1550 
3 1641 1645 1637 
3 1641 1637 1605 
3 1963 1964 1960 
3 1960 1902 1963 
3 1456 1455 1452 
3 1456 1452 1450 
3 3602 3601 3596 
3 3596 3595 3602 
3 286 279 281 
3 286 281 285 
3 286 285 287 
3 290 100 286 
3 287 290 286 
3 2421 2424 2425 
3 2422 2421 2425 
3 2425 2423 2422 
3 488 494 497 
3 352 488 497 
3 349 352 497 
3 3038 3041 3043 
3 3042 3038 3043 
3 4966 4960 4961 
3 4972 4970 4966 
3 4966 4967 4972 
3 4961 4967 4966 
3 3745 3747 3752 
3 5454 5449 5494 
3 5454 5453 5449 
3 5415 5429 5423 
3 4031 4030 4025 
3 4031 4025 4029 
3 5337 5331 5335 
3 5335 5342 5337 
3 5007 5013 5009 
3 5009 5003 5007 
3 3524 3516 3525 
3 3528 3527 3524 
3 3525 3528 3524 
3 2919 2921 2924 
3 2778 2780 2775 
3 1703 1687 1681 
3 1687 1677 1681 
3 1677 1670 1681 
3 979 977 975 
3 981 977 979 
3 979 984 981 
3 1455 1354 1451 
3 1455 1451 1452 
3 3607 2949 2972 
3 276 280 279 
3 279 280 281 
3 762 771 1566 
3 1566 1570 1572 
3 1566 1572 753 
3 753 762 1566 
3 2435 2437 2434 
3 2433 2435 2434 
3 2430 2433 2434 
3 2434 2429 2430 
3 496 499 493 
3 4960 4956 4953 
3 4953 4961 4960 
3 3186 3194 3190 
3 3190 3147 3186 
3 5429 5415 5412 
3 5428 5434 5429 
3 5412 5428 5429 
3 5331 5327 5335 
3 3959 3953 3952 
3 3952 3947 3968 
3 3968 3959 3952 
3 5012 5009 5013 
3 5015 5012 5013 
3 5016 5015 5013 
3 3516 3511 3514 
3 3519 3525 3516 
3 3514 3519 3516 
3 2929 2924 2921 
3 2927 2929 2921 
3 2773 2775 2780 
3 2780 2779 2773 
3 2093 2088 2087 
3 2094 2088 2093 
3 2087 937 2093 
3 2093 937 2097 
3 2093 2097 2099 
3 2099 2094 2093 
3 332 975 977 
3 977 981 328 
3 328 332 977 
3 1354 1351 1353 
3 1354 1353 1451 
3 2949 2943 2946 
3 2946 2953 2949 
3 2949 2953 2972 
3 2102 2104 2107 
3 1756 1753 1757 
3 1757 1761 1756 
3 499 498 493 
3 1680 1684 1676 
3 1673 1680 1676 
3 1676 1671 1673 
3 4973 4971 4970 
3 4970 4972 4975 
3 4975 4973 4970 
3 3194 3199 3195 
3 3195 3190 3194 
3 3737 3739 3747 
3 3747 3745 3737 
3 5415 5410 5405 
3 5405 5411 5415 
3 5411 5412 5415 
3 4071 4068 4067 
3 4408 4410 4409 
3 4405 4408 4409 
3 4409 4403 4405 
3 3959 3957 3953 
3 4991 4993 4998 
3 4997 4991 4998 
3 4998 5003 4997 
3 3511 3509 3514 
3 3508 3509 3511 
3 2926 2924 2931 
3 2926 2931 2933 
3 2933 2930 2926 
3 5527 5529 5526 
3 2086 2087 2088 
3 2088 2094 2090 
3 2090 2086 2088 
3 975 332 336 
3 970 969 975 
3 336 970 975 
3 2565 2560 2557 
3 2943 2941 2946 
3 2108 2095 2098 
3 2108 2098 2106 
3 2108 2139 2095 
3 451 456 444 
3 442 448 451 
3 451 444 442 
3 2105 2110 2104 
3 2110 2107 2104 
3 1747 1753 1750 
3 494 493 498 
3 30 23 22 
3 1684 1680 1688 
3 1688 1689 1684 
3 4971 4973 5692 
3 3739 3737 3713 
3 3713 3711 3739 
3 5459 5461 5457 
3 5457 5461 5458 
3 5457 5444 5459 
3 4071 4076 4068 
3 4410 4529 4528 
3 3976 3968 3947 
3 3978 3976 3947 
3 3947 3942 3978 
3 5003 5009 5005 
3 5003 5005 5001 
3 5003 5001 4997 
3 2924 2929 2936 
3 2936 2931 2924 
3 757 746 748 
3 937 2087 941 
3 935 2097 937 
3 941 939 937 
3 937 939 935 
3 984 1024 987 
3 987 981 984 
3 2560 2565 2566 
3 2560 2566 2567 
3 2563 2559 2560 
3 2567 2563 2560 
3 2941 2937 2944 
3 2944 2946 2941 
3 2139 2091 2095 
3 2152 2091 2139 
3 2151 2152 2139 
3 456 463 459 
3 447 444 456 
3 459 447 456 
3 2110 2113 2107 
3 1752 1757 1753 
3 1753 1747 1752 
3 493 494 489 
3 1680 1673 1677 
3 1680 1677 1687 
3 1687 1688 1680 
3 3031 3036 3038 
3 3035 3031 3038 
3 3038 3042 3035 
3 4956 4952 4949 
3 4956 4949 4947 
3 4947 4953 4956 
3 5343 5341 5396 
3 5350 5343 5396 
3 5463 5458 5461 
3 5461 5467 5463 
3 5465 5467 5461 
3 5459 5465 5461 
3 4850 4854 4849 
3 4849 4845 4850 
3 4529 4410 4525 
3 4527 4532 4529 
3 4525 4527 4529 
3 2925 2922 2930 
3 2930 2934 2925 
3 2927 2935 2929 
3 2940 2936 2929 
3 2935 2940 2929 
3 2087 2086 2081 
3 2078 941 2087 
3 2081 2078 2087 
3 981 987 323 
3 323 328 981 
3 1349 1353 1351 
3 1347 1349 1351 
3 2977 2983 2981 
3 2981 2974 2977 
3 448 442 441 
3 448 441 446 
3 285 281 280 
3 4180 4176 4175 
3 1761 1757 1765 
3 1765 2510 1761 
3 494 488 489 
3 1653 1659 1657 
3 3042 3040 3035 
3 922 920 919 
3 5341 5343 5338 
3 3183 3176 3179 
3 3179 3184 3183 
3 3716 3713 3737 
3 5430 5426 5425 
3 5430 5458 5460 
3 4772 4766 4767 
3 4767 4774 4772 
3 4410 4408 4525 
3 2922 2926 2930 
3 2922 2914 2917 
3 2922 2920 2926 
3 2917 2920 2922 
3 2931 2936 2939 
3 2939 2933 2931 
3 724 729 731 
3 2101 2099 2097 
3 2103 2101 2097 
3 2097 935 933 
3 2097 933 2103 
3 332 328 330 
3 335 336 332 
3 330 335 332 
3 1353 32 29 
3 29 1445 1353 
3 1353 1349 32 
3 1445 1451 1353 
3 1397 1393 1401 
3 1403 1397 1401 
3 1401 1409 1403 
3 2983 2977 2976 
3 2985 2989 2983 
3 2976 2985 2983 
3 465 459 463 
3 4170 4175 4176 
3 4172 4170 4176 
3 5690 5689 5692 
3 5694 5691 5690 
3 5692 5694 5690 
3 2662 2664 2660 
3 2662 2660 2655 
3 2655 2651 2662 
3 916 919 920 
3 5345 5338 5343 
3 5350 5345 5343 
3 3713 3706 3711 
3 3711 3706 3707 
3 3707 3712 3711 
3 5458 5463 5460 
3 4765 4767 4766 
3 4761 4765 4766 
3 4768 4764 4766 
3 4766 4764 4762 
3 4766 4762 4761 
3 4521 4525 4408 
3 4408 4405 4407 
3 4407 4521 4408 
3 4732 4728 4731 
3 4922 4915 4921 
3 4921 4928 4922 
3 2942 2939 2936 
3 2940 2942 2936 
3 2774 2773 2779 
3 2779 2783 2774 
3 2094 2099 2096 
3 2096 2090 2094 
3 328 323 325 
3 325 330 328 
3 1349 1339 1342 
3 1349 1342 32 
3 1349 1347 1339 
3 447 440 444 
3 444 440 442 
3 20 18 23 
3 18 22 23 
3 5689 4971 5692 
3 5689 5572 4971 
3 5339 5334 5338 
3 5338 5345 5339 
3 3706 3713 3709 
3 3703 3707 3706 
3 3701 3703 3706 
3 3706 3702 3698 
3 3709 3702 3706 
3 3706 3698 3701 
3 5456 5459 5444 
3 5444 5441 5456 
3 4786 4774 4776 
3 4795 4794 4786 
3 4786 4776 4795 
3 5327 5326 5333 
3 5322 5326 5327 
3 5327 5333 5335 
3 4728 4722 4723 
3 4728 4723 4731 
3 4906 4913 4915 
3 4915 4922 4914 
3 4915 4914 4909 
3 4915 4909 4906 
3 3481 3485 3478 
3 3473 3481 3478 
3 3478 3468 3467 
3 3478 3467 3473 
3 2930 2933 2937 
3 2773 2774 2771 
3 2773 2771 2732 
3 2102 2096 2099 
3 2099 2101 2102 
3 2555 2516 2545 
3 2545 2553 2555 
3 1393 1397 1387 
3 2084 2083 2075 
3 2083 2073 2075 
3 440 447 396 
3 438 442 440 
3 396 435 440 
3 440 435 438 
3 1020 1039 1038 
3 352 349 350 
3 352 350 351 
3 5572 4968 4971 
3 2654 2655 2660 
3 917 919 916 
3 5334 5339 5330 
3 3716 3709 3713 
3 5441 5434 5440 
3 4770 4776 4774 
3 4767 4770 4774 
3 5428 5413 5433 
3 5433 5413 5414 
3 5019 4913 4908 
3 5019 4908 5023 
3 5022 5021 5019 
3 5019 5023 5022 
3 3484 3488 3485 
3 3481 3484 3485 
3 2933 2939 2937 
3 854 852 848 
3 848 852 850 
3 848 851 854 
3 2104 2102 2101 
3 2101 2103 2104 
3 2516 2555 2514 
3 2514 2511 2516 
3 1451 1445 1446 
3 1449 1452 1451 
3 1446 1449 1451 
3 2953 2946 2958 
3 2970 2972 2953 
3 2958 2970 2953 
3 2080 2071 2073 
3 2083 2080 2073 
3 447 459 391 
3 391 396 447 
3 4175 4170 4166 
3 4166 4174 4175 
3 5704 5701 5703 
3 4078 4073 4076 
3 4076 4079 4078 
3 1671 1666 1673 
3 1664 1666 1671 
3 1671 1669 1664 
3 1937 1939 1941 
3 1937 1941 2304 
3 2304 2308 1937 
3 5345 5346 5339 
3 5352 5346 5345 
3 5345 5350 5352 
3 3712 3707 3708 
3 5435 5440 5434 
3 5428 5435 5434 
3 4794 4795 4799 
3 4800 4797 4794 
3 4799 4800 4794 
3 5413 5428 5412 
3 5409 5406 5413 
3 5413 5406 5408 
3 5413 5412 5409 
3 5413 5408 5414 
3 3950 3957 3956 
3 3950 3956 3951 
3 4906 4908 4913 
3 2868 2871 2865 
3 3489 3497 3488 
3 3488 3484 3489 
3 2695 2700 2699 
3 852 854 857 
3 857 850 852 
3 2086 2090 2085 
3 2077 2081 2086 
3 2079 2077 2086 
3 2085 2079 2086 
3 2557 2555 2553 
3 2553 2554 2557 
3 2058 2059 2063 
3 2058 2063 2064 
3 2058 2055 2059 
3 2061 2228 2058 
3 2064 2061 2058 
3 2944 2950 2946 
3 2946 2950 2958 
3 442 437 441 
3 442 438 437 
3 4170 4172 4167 
3 4170 4167 4163 
3 4163 4166 4170 
3 970 967 969 
3 1939 1944 1946 
3 1939 1946 1941 
3 4954 4955 4950 
3 4948 4952 4954 
3 4950 4948 4954 
3 5347 5339 5346 
3 5346 5352 5347 
3 1998 1995 1996 
3 3173 3179 3176 
3 3703 3708 3707 
3 2030 2033 2039 
3 2041 2030 2039 
3 2043 2041 2039 
3 5291 5297 5293 
3 4761 4757 4758 
3 4908 4906 4902 
3 4902 5023 4908 
3 3482 3486 3484 
3 3484 3486 3489 
3 3484 3481 3482 
3 2700 2778 2775 
3 2725 2699 2700 
3 2775 2725 2700 
3 2700 2776 2778 
3 856 854 851 
3 739 853 851 
3 851 853 855 
3 855 856 851 
3 2092 2084 2090 
3 2090 2084 2085 
3 2096 2092 2090 
3 2555 2557 2560 
3 2555 2560 2559 
3 2559 2514 2555 
3 2055 2056 2059 
3 2052 2056 2055 
3 1391 1387 1397 
3 1397 1403 1399 
3 1397 1399 1391 
3 459 465 387 
3 387 391 459 
3 5713 5718 5714 
3 5714 5712 5713 
3 5711 5712 5714 
3 967 970 343 
3 1669 1668 1667 
3 1667 1664 1669 
3 4955 5234 4756 
3 4756 4950 4955 
3 4361 3708 4449 
3 4363 4359 4361 
3 4361 4447 4363 
3 4449 4447 4361 
3 1998 2034 2033 
3 2033 2030 2001 
3 2033 2001 1998 
3 4776 4770 4769 
3 4775 4795 4776 
3 4776 4769 4775 
3 3985 3990 3994 
3 3993 3987 3994 
3 3994 3987 3985 
3 3994 3998 3993 
3 4757 4760 4754 
3 4762 4760 4757 
3 4761 4762 4757 
3 3616 3622 3619 
3 2938 3616 3619 
3 3477 3482 3481 
3 3481 3473 3477 
3 854 856 857 
3 936 935 939 
3 944 936 939 
3 939 943 944 
3 2554 2558 2561 
3 2554 2561 2557 
3 2235 2236 2228 
3 2228 2061 2223 
3 2225 2235 2228 
3 2223 2225 2228 
3 1387 1391 1386 
3 1386 1382 1387 
3 5718 5713 5721 
3 5721 5724 5718 
3 2419 2426 2424 
3 2424 2421 2419 
3 5398 5401 5405 
3 2651 2655 2644 
3 2644 2633 2651 
3 5238 4756 5234 
3 5234 5240 5238 
3 5333 5330 5339 
3 5342 5333 5339 
3 5339 5347 5342 
3 3708 3703 3704 
3 3708 3704 4449 
3 2034 1996 2031 
3 1998 1996 2034 
3 4770 4767 4763 
3 4742 4769 4770 
3 4763 4742 4770 
3 3998 4004 3996 
3 3998 3996 3993 
3 4722 4719 4723 
3 3622 3620 3624 
3 3622 3616 3620 
3 3457 3467 3468 
3 3468 3472 3464 
3 3468 3464 3457 
3 853 739 722 
3 722 855 853 
3 1522 1805 1796 
3 1796 1805 1799 
3 1529 1522 1796 
3 1788 1529 1796 
3 1796 1799 1791 
3 1796 1791 1788 
3 2235 2245 2236 
3 2950 2944 2952 
3 2952 2958 2950 
3 5710 5713 5712 
3 5639 5710 5712 
3 5712 5711 5639 
3 4866 4860 4867 
3 341 343 970 
3 970 336 341 
3 2655 2654 2647 
3 2647 2644 2655 
3 4948 4949 4952 
3 4363 4362 4359 
3 2030 2041 2029 
3 2030 2029 2004 
3 2004 2001 2030 
3 4767 4765 4763 
3 4527 4526 4532 
3 4532 4526 4531 
3 4531 4540 4532 
3 3880 3887 3876 
3 3616 3613 3620 
3 2945 3613 3616 
3 3616 2938 2945 
3 3456 3473 3467 
3 3467 3457 3456 
3 1285 1284 1278 
3 739 735 722 
3 935 936 931 
3 931 933 935 
3 1805 1522 1518 
3 1807 1799 1805 
3 1824 1807 1805 
3 1518 1828 1805 
3 1805 1828 1824 
3 2061 2064 2223 
3 470 387 465 
3 106 102 99 
3 104 106 99 
3 5713 5709 5715 
3 5713 5710 5709 
3 5715 5721 5713 
3 2383 2430 2429 
3 341 345 343 
3 5241 5236 5239 
3 5239 5246 5245 
3 5239 5245 5241 
3 2633 2644 2632 
3 2632 2627 2633 
3 4949 4948 4943 
3 4943 4947 4949 
3 5333 5326 5330 
3 3184 3179 4881 
3 3700 3704 3703 
3 3703 3701 3700 
3 2050 2048 2041 
3 2041 2048 2032 
3 2032 2029 2041 
3 2041 2043 2050 
3 4761 4758 4765 
3 4758 4763 4765 
3 4526 4527 4525 
3 4526 4525 4523 
3 4526 4523 4519 
3 4524 4531 4526 
3 4519 4524 4526 
3 3960 3956 3957 
3 3957 3959 3962 
3 3957 3962 3960 
3 2943 2945 2938 
3 2941 2943 2938 
3 2938 2934 2941 
3 3461 3477 3473 
3 3456 3461 3473 
3 5638 5626 5637 
3 5637 5644 5638 
3 850 857 859 
3 859 849 850 
3 936 944 940 
3 934 931 936 
3 940 934 936 
3 1522 1529 1523 
3 1520 1518 1522 
3 1523 1520 1522 
3 1452 1449 1447 
3 1447 1450 1452 
3 1417 1409 1419 
3 1419 1426 1417 
3 108 105 102 
3 102 106 108 
3 5710 5652 5709 
3 5642 5652 5710 
3 5710 5639 5642 
3 345 341 342 
3 350 349 345 
3 346 350 345 
3 342 346 345 
3 4968 4965 4969 
3 4968 4969 4971 
3 4968 4964 4965 
3 3065 3059 3063 
3 4948 4950 4944 
3 4942 4943 4948 
3 4944 4942 4948 
3 5043 4881 3179 
3 3179 3173 5043 
3 3704 3700 4454 
3 4454 4449 3704 
3 2025 2004 2029 
3 2029 2032 2025 
3 4798 4799 4795 
3 4795 4775 4798 
3 3956 3960 3958 
3 3954 3951 3956 
3 3958 3954 3956 
3 2937 2941 2934 
3 2934 2930 2937 
3 3465 3464 3472 
3 3470 3465 3472 
3 5601 5485 5599 
3 2078 2081 2076 
3 2078 2076 2074 
3 2078 2074 1001 
3 1446 1447 1449 
3 1411 1403 1409 
3 1409 1417 1411 
3 14 20 101 
3 109 14 101 
3 101 105 109 
3 5636 5639 5711 
3 4864 4867 4860 
3 4860 4854 4856 
3 4860 4856 4864 
3 2409 2419 2421 
3 2414 2409 2421 
3 2421 2422 2414 
3 335 341 336 
3 4076 4077 4079 
3 3059 3065 3053 
3 3059 3053 3050 
3 4950 4756 4759 
3 4950 4759 4764 
3 4764 4944 4950 
3 5046 5043 3173 
3 3697 3698 3702 
3 3699 3697 3702 
3 3709 3699 3702 
3 2051 2050 2043 
3 1259 1263 1265 
3 5009 5012 5005 
3 5602 5481 5485 
3 5601 5602 5485 
3 2065 2076 2081 
3 2077 2065 2081 
3 1807 1798 1799 
3 1799 1798 1791 
3 5702 5674 5673 
3 5674 5669 5673 
3 5673 5679 5702 
3 1429 1417 1426 
3 105 108 109 
3 5635 5642 5639 
3 5639 5636 5633 
3 5639 5633 5635 
3 338 342 341 
3 341 335 338 
3 4077 4076 4074 
3 4964 5228 4962 
3 4964 4962 4965 
3 890 1101 891 
3 445 439 626 
3 626 622 445 
3 4756 5238 4753 
3 4756 4753 4755 
3 4756 4755 4759 
3 1953 1979 2003 
3 1949 1947 1953 
3 1953 2003 2007 
3 2007 1949 1953 
3 3698 3697 3694 
3 3696 3701 3698 
3 3698 3694 3696 
3 5288 5283 5280 
3 5280 5283 5279 
3 5287 5288 5280 
3 5280 5279 5274 
3 5280 5278 5284 
3 5274 5278 5280 
3 5280 5284 5287 
3 5052 5042 5050 
3 5050 5042 5041 
3 5056 5052 5050 
3 5050 5055 5056 
3 5054 5055 5050 
3 5051 5054 5050 
3 5047 5051 5050 
3 5041 5047 5050 
3 4797 4800 4805 
3 4805 4826 4797 
3 4004 4001 3996 
3 3968 3976 3977 
3 5079 5005 5012 
3 5012 5015 5085 
3 5083 5079 5012 
3 5085 5083 5012 
3 2693 2685 2687 
3 2687 2694 2693 
3 861 857 856 
3 856 855 858 
3 858 861 856 
3 1794 1790 1798 
3 1798 1807 1808 
3 1790 1791 1798 
3 1808 1800 1798 
3 1798 1800 1794 
3 5674 5666 5669 
3 5666 5661 5669 
3 3603 2972 2982 
3 3598 3601 3603 
3 3603 2982 2988 
3 2988 3598 3603 
3 104 110 106 
3 106 110 112 
3 112 108 106 
3 5724 5726 5731 
3 5724 5721 5726 
3 4071 4074 4076 
3 1101 1104 1107 
3 1107 1104 1106 
3 431 439 436 
3 5333 5342 5335 
3 2000 2003 1979 
3 1979 1994 2000 
3 5283 5288 5285 
3 5285 5279 5283 
3 5042 5052 5035 
3 5036 5041 5042 
3 5035 5036 5042 
3 4800 4799 4806 
3 4806 4805 4800 
3 4009 4007 4003 
3 3976 3978 3982 
3 3976 3982 3981 
3 3981 3977 3976 
3 4999 5001 5005 
3 5005 5079 4999 
3 3464 3465 3460 
3 3460 3457 3464 
3 2675 2671 2678 
3 2678 2685 2675 
3 867 859 857 
3 857 861 863 
3 857 863 867 
3 1645 1640 1637 
3 1647 1640 1645 
3 1807 1824 1819 
3 1819 1808 1807 
3 5701 5702 5679 
3 5679 5678 5683 
3 5679 5683 5701 
3 2972 2970 2982 
3 110 104 111 
3 117 112 110 
3 110 111 126 
3 110 126 117 
3 5721 5715 5726 
3 790 787 783 
3 2407 2401 2409 
3 2409 2414 2407 
3 350 346 351 
3 3558 3548 3655 
3 1104 1101 1098 
3 1097 1106 1104 
3 1098 1097 1104 
3 439 445 443 
3 439 443 436 
3 1947 1949 1944 
3 3701 3696 3700 
3 5288 5287 5296 
3 5294 5285 5288 
3 5296 5294 5288 
3 5052 5056 5059 
3 5052 5059 5034 
3 5052 5034 5035 
3 4799 4798 4802 
3 4802 4806 4799 
3 4521 4523 4525 
3 4681 4719 4684 
3 4684 4680 4681 
3 4995 4997 5001 
3 5001 4999 4995 
3 3459 3460 3465 
3 3465 3470 3463 
3 3465 3463 3459 
3 2685 2693 2698 
3 2685 2698 2690 
3 2685 2690 2675 
3 849 859 860 
3 849 860 845 
3 1640 1642 1635 
3 1647 1642 1640 
3 1640 1635 1629 
3 1634 1637 1640 
3 1629 1634 1640 
3 1790 1784 1791 
3 1784 1788 1791 
3 5682 5683 5678 
3 1403 1411 1399 
3 104 103 111 
3 4182 4219 4210 
3 4210 4177 4182 
3 4850 4856 4854 
3 346 342 348 
3 348 351 346 
3 3548 3661 3655 
3 3518 3661 3548 
3 3548 3523 3520 
3 3548 3520 3518 
3 1101 890 886 
3 1101 886 1091 
3 1091 1098 1101 
3 2003 2000 2006 
3 2003 2006 2008 
3 2008 2007 2003 
3 3699 3709 3710 
3 5060 5056 5055 
3 5055 5054 5057 
3 5057 5060 5055 
3 4523 4521 4520 
3 4523 4520 4519 
3 4681 4723 4719 
3 5016 5018 5015 
3 5015 5018 5085 
3 3457 3460 3450 
3 3457 3450 3451 
3 3451 3456 3457 
3 2944 2937 2939 
3 2939 2942 2944 
3 859 867 860 
3 1607 1605 1637 
3 1634 1607 1637 
3 1828 1518 1513 
3 1829 1824 1828 
3 1513 1830 1828 
3 1828 1830 1829 
3 5693 5701 5683 
3 5683 5682 5693 
3 1423 1411 1417 
3 1417 1429 1423 
3 435 396 397 
3 432 438 435 
3 400 432 435 
3 397 400 435 
3 113 109 108 
3 115 113 108 
3 108 112 115 
3 4225 4226 4219 
3 4219 4182 4225 
3 4856 4850 4853 
3 4859 4864 4856 
3 4853 4859 4856 
3 1827 1826 1819 
3 1819 1826 1817 
3 342 338 340 
3 342 340 344 
3 342 344 348 
3 4364 4344 4354 
3 4364 4349 4344 
3 4354 4366 4364 
3 4974 4972 4967 
3 4967 4961 4963 
3 4963 4974 4967 
3 1949 2007 2009 
3 1946 1944 1949 
3 2009 1946 1949 
3 3709 3716 3710 
3 5275 5282 5278 
3 5282 5284 5278 
3 5273 5275 5278 
3 5278 5274 5273 
3 5060 5063 5056 
3 5063 5059 5056 
3 5406 5409 5400 
3 5402 5408 5406 
3 5400 5402 5406 
3 4674 4681 4680 
3 4675 4674 4680 
3 4677 4675 4680 
3 4680 4679 4677 
3 5018 5016 5020 
3 5088 5085 5018 
3 5087 5088 5018 
3 5069 5087 5018 
3 5024 5069 5018 
3 5018 5020 5024 
3 2942 2951 2952 
3 2952 2944 2942 
3 2942 2940 2947 
3 2942 2947 2951 
3 712 858 855 
3 722 712 855 
3 1655 1663 1661 
3 1655 1656 1647 
3 1661 1656 1655 
3 1520 1515 1518 
3 1518 1515 1513 
3 5682 5681 5684 
3 5682 5684 5688 
3 5688 5693 5682 
3 1407 1399 1411 
3 1421 1407 1411 
3 1411 1423 1421 
3 396 391 389 
3 393 397 396 
3 389 393 396 
3 112 117 115 
3 4226 4225 4231 
3 4844 4853 4850 
3 1816 1817 1826 
3 1825 1816 1826 
3 1835 1825 1826 
3 1446 25 21 
3 21 16 1446 
3 3053 3045 3039 
3 3039 3050 3053 
3 4978 4975 4972 
3 4972 4974 4978 
3 1994 1991 1997 
3 1994 1997 1999 
3 2002 2000 1994 
3 1999 2002 1994 
3 3145 3142 3147 
3 3147 3190 3145 
3 5284 5282 5286 
3 5286 5287 5284 
3 5054 5051 5053 
3 5058 5057 5054 
3 5053 5058 5054 
3 1270 1269 1274 
3 1274 1335 1270 
3 5411 5409 5412 
3 3964 3960 3962 
3 3470 3474 3471 
3 3470 3471 3463 
3 2935 2948 2940 
3 2948 2947 2940 
3 1228 1234 1235 
3 1229 1228 1235 
3 1238 1229 1235 
3 1663 1670 1666 
3 1666 1661 1663 
3 1515 1520 1516 
3 1515 1516 1511 
3 1511 1513 1515 
3 2563 2513 2559 
3 2973 2982 2970 
3 2958 2973 2970 
3 438 432 437 
3 107 111 103 
3 100 107 103 
3 4150 4182 4177 
3 4174 4150 4177 
3 4864 4859 4863 
3 4472 4468 4467 
3 4467 4470 4472 
3 4961 4953 4951 
3 4961 4951 4963 
3 3190 3195 3145 
3 5286 5291 5287 
3 5287 5291 5293 
3 5293 5296 5287 
3 5051 5047 5048 
3 5048 5053 5051 
3 5269 5268 5275 
3 5273 5269 5275 
3 5409 5411 5401 
3 5401 5400 5409 
3 3960 3964 3963 
3 3960 3961 3958 
3 3963 3961 3960 
3 749 754 761 
3 761 755 749 
3 2947 2948 2955 
3 2955 2951 2947 
3 1232 1239 1234 
3 1234 1228 1225 
3 1225 1232 1234 
3 1673 1666 1670 
3 1677 1673 1670 
3 1520 1523 1516 
3 1301 1295 1298 
3 1316 1320 1301 
3 1304 1316 1301 
3 1301 1298 1304 
3 1394 1391 1399 
3 1399 1407 1394 
3 384 389 391 
3 391 387 384 
3 4145 4225 4182 
3 4182 4150 4145 
3 776 783 787 
3 1816 1811 1817 
3 335 333 338 
3 330 333 335 
3 16 21 13 
3 13 10 16 
3 4464 4467 4468 
3 1110 1106 1108 
3 558 557 553 
3 4973 4975 4977 
3 5696 5692 4973 
3 4977 5696 4973 
3 2001 1999 1997 
3 1997 1995 2001 
3 3692 3696 3694 
3 5274 5270 5273 
3 5047 5041 5044 
3 5047 5044 5048 
3 5340 5414 5408 
3 5408 5402 5340 
3 3967 3963 3964 
3 747 749 755 
3 755 758 747 
3 1232 1236 1239 
3 1239 1236 1245 
3 1827 1819 1824 
3 1824 1829 1827 
3 1295 1291 1293 
3 1293 1298 1295 
3 1189 1186 1185 
3 1189 1185 1184 
3 1189 1184 1190 
3 4229 4231 4225 
3 4145 4229 4225 
3 4859 4853 3260 
3 3260 4863 4859 
3 1811 1813 1809 
3 1811 1816 1813 
3 334 338 333 
3 333 330 329 
3 333 329 334 
3 19 13 21 
3 1664 1667 1662 
3 1662 1659 1664 
3 1102 1108 1106 
3 1106 1097 1102 
3 4975 4979 4977 
3 4975 4978 4979 
3 2000 2002 2006 
3 3695 3700 3696 
3 3696 3692 3695 
3 5294 5290 5285 
3 5285 5290 5281 
3 5041 5038 5044 
3 5041 5036 5038 
3 4022 4025 4030 
3 5414 5340 5336 
3 4723 4681 4676 
3 4723 4676 4724 
3 4724 4731 4723 
3 748 747 758 
3 757 748 758 
3 758 763 757 
3 1345 1508 1514 
3 1514 1341 1345 
3 1228 1229 1224 
3 1224 1225 1228 
3 946 940 944 
3 1524 1516 1523 
3 1320 1316 1321 
3 1388 1386 1391 
3 1391 1394 1388 
3 887 893 844 
3 844 842 887 
3 4150 4174 4151 
3 4151 4148 4150 
3 4150 4148 4142 
3 4142 4145 4150 
3 4853 4844 3271 
3 4853 3271 3266 
3 4853 3266 3262 
3 3262 3260 4853 
3 1820 1813 1816 
3 1816 1825 1820 
3 334 340 338 
3 10 13 9 
3 1667 1665 1662 
3 4945 4951 4953 
3 4953 4947 4945 
3 3900 3905 3904 
3 3900 3904 3899 
3 2002 1999 2004 
3 2005 2006 2002 
3 2004 2005 2002 
3 4457 4454 3700 
3 3695 4457 3700 
3 5035 5029 5036 
3 5036 5029 5032 
3 5036 5032 5038 
3 4021 4029 4025 
3 4017 4021 4025 
3 4022 4017 4025 
3 4403 4401 4402 
3 4402 4405 4403 
3 4674 4676 4681 
3 767 757 763 
3 3530 3471 3474 
3 3474 3529 3530 
3 1229 1226 1224 
3 1233 1226 1229 
3 1229 1238 1233 
3 927 2103 933 
3 933 931 926 
3 926 927 933 
3 1516 1524 1517 
3 1517 1512 1516 
3 1516 1512 1511 
3 1318 1321 1316 
3 1313 1318 1316 
3 1316 1304 1313 
3 3601 3597 3596 
3 3601 3598 3597 
3 1800 1808 1804 
3 1797 1794 1800 
3 1804 1797 1800 
3 330 325 324 
3 324 329 330 
3 12 9 13 
3 13 19 12 
3 4465 3686 4470 
3 4470 4467 4465 
3 3096 3097 3104 
3 4120 3914 4124 
3 4946 4963 4951 
3 4938 4946 4951 
3 4951 4945 4938 
3 1999 2001 2004 
3 3691 3695 3692 
3 3689 3691 3692 
3 983 980 988 
3 988 992 990 
3 988 990 983 
3 4401 4398 4402 
3 4676 4674 4673 
3 4673 4724 4676 
3 2871 2867 2865 
3 2694 2696 2718 
3 2694 2718 2701 
3 2701 2693 2694 
3 1222 1224 1226 
3 1226 1233 1743 
3 1743 1741 1226 
3 1226 1741 1222 
3 2105 2104 2103 
3 2103 927 2105 
3 1282 1275 1283 
3 1272 1275 1282 
3 1282 1281 1272 
3 1283 1287 1282 
3 2982 2973 2980 
3 2980 2988 2982 
3 1808 1819 1817 
3 1808 1817 1811 
3 1811 1804 1808 
3 340 334 339 
3 339 344 340 
3 1659 1662 1657 
3 3097 3106 3104 
3 4976 4982 4974 
3 4974 4963 4976 
3 4980 4978 4974 
3 4982 4980 4974 
3 1998 2001 1995 
3 980 983 978 
3 980 978 972 
3 4005 4003 4007 
3 4008 4005 4007 
3 4674 4675 4653 
3 4670 4673 4674 
3 4653 4670 4674 
3 2867 2866 2863 
3 2863 2865 2867 
3 2696 2699 2718 
3 1521 1517 1524 
3 2973 2958 2966 
3 2973 2966 2975 
3 2973 2975 2980 
3 4166 4151 4174 
3 1794 1797 1793 
3 1745 1748 1747 
3 1747 1748 1752 
3 329 324 326 
3 329 326 331 
3 331 334 329 
3 5250 5245 5246 
3 4941 4976 4963 
3 4963 4946 4941 
3 3906 3904 3905 
3 3905 4256 4252 
3 3905 4252 3906 
3 4348 4351 4352 
3 1014 1019 992 
3 1019 990 992 
3 4735 4775 4769 
3 4769 4742 4737 
3 4737 4735 4769 
3 4675 4677 4651 
3 4675 4651 4653 
3 2699 2724 2718 
3 2699 2725 2724 
3 1746 1743 1233 
3 1512 1517 1509 
3 1507 1511 1512 
3 1506 1507 1512 
3 1512 1509 1506 
3 1291 1287 1289 
3 1289 1293 1291 
3 3598 2988 2992 
3 1797 1804 1803 
3 1797 1801 1793 
3 1803 1801 1797 
3 1748 1745 1746 
3 331 339 334 
3 19 22 17 
3 19 17 12 
3 5245 5250 5247 
3 5242 5241 5245 
3 5247 5242 5245 
3 3039 3040 3050 
3 5392 5397 5403 
3 4978 4986 4984 
3 4984 4979 4978 
3 4978 4980 4986 
3 3902 3899 3904 
3 3907 3902 3904 
3 3906 3907 3904 
3 4351 4356 4358 
3 4351 4358 4352 
3 1533 1527 1528 
3 1528 1536 1533 
3 1533 1531 1527 
3 4733 4798 4775 
3 4775 4735 4733 
3 4405 4402 4407 
3 4724 4730 4731 
3 3462 3463 3471 
3 3471 3530 3531 
3 3471 3531 3469 
3 3471 3469 3462 
3 1236 1232 1227 
3 1240 1245 1236 
3 1227 1231 1236 
3 1236 1231 1240 
3 1517 1521 1510 
3 1517 1510 1509 
3 1287 1283 1289 
3 2990 2992 2988 
3 2986 2990 2988 
3 2980 2986 2988 
3 2989 2985 2812 
3 2812 2807 2989 
3 4148 4151 4144 
3 4144 4142 4148 
3 1811 1803 1804 
3 347 348 344 
3 344 339 347 
3 18 17 22 
3 1118 1117 1121 
3 1115 1117 1118 
3 2648 2647 2654 
3 5397 5392 5388 
3 5397 5388 5391 
3 5391 5399 5397 
3 2473 2476 2447 
3 2479 2476 2473 
3 4980 4982 4986 
3 2006 2005 2011 
3 2010 2008 2006 
3 2011 2010 2006 
3 4362 4358 4356 
3 1531 1525 1527 
3 4741 4736 4742 
3 4742 4763 4741 
3 4736 4737 4742 
3 4397 4402 4398 
3 4398 4392 4397 
3 3463 3462 3458 
3 3458 3459 3463 
3 1232 1225 1223 
3 1223 1227 1232 
3 1830 1513 1504 
3 1833 1829 1830 
3 1504 1834 1830 
3 1830 1834 1833 
3 1298 1293 1292 
3 1300 1304 1298 
3 1297 1300 1298 
3 1298 1292 1297 
3 2958 2952 2966 
3 2976 2816 2985 
3 2816 2812 2985 
3 4151 4166 4154 
3 4154 4149 4151 
3 4151 4149 4143 
3 4143 4144 4151 
3 1801 1802 1795 
3 1806 1802 1801 
3 1801 1795 1793 
3 1801 1803 1806 
3 2401 2407 2404 
3 15 12 17 
3 18 15 17 
3 1120 1121 1117 
3 1116 1120 1117 
3 1117 1115 1116 
3 5387 5388 5392 
3 2423 2447 2476 
3 2420 2423 2476 
3 2476 2479 2481 
3 2481 2420 2476 
3 4946 4938 4941 
3 2007 2008 2012 
3 2012 2009 2007 
3 4372 4368 4369 
3 4369 4438 4372 
3 990 1019 1025 
3 990 1025 1023 
3 990 1023 986 
3 986 983 990 
3 4758 4741 4763 
3 4426 4407 4402 
3 4402 4397 4400 
3 4402 4400 4426 
3 5781 5776 5782 
3 5793 5785 5781 
3 5801 5793 5781 
3 5782 5801 5781 
3 5218 5220 5222 
3 639 634 633 
3 1577 634 639 
3 633 641 639 
3 639 641 643 
3 639 643 1575 
3 1575 1577 639 
3 1240 1252 1245 
3 1245 1252 1260 
3 1513 1511 1503 
3 1503 1504 1513 
3 1289 1292 1293 
3 1381 1377 1382 
3 1382 1386 1381 
3 2807 2812 2809 
3 2807 2809 2805 
3 3224 2367 3221 
3 3221 3216 3220 
3 3221 3220 3224 
3 1803 1809 1806 
3 1803 1811 1809 
3 339 331 327 
3 1121 1120 1125 
3 5388 5387 5383 
3 5388 5383 5382 
3 5382 5391 5388 
3 4943 4945 4947 
3 4256 4255 4252 
3 2005 2004 2011 
3 4368 4366 4365 
3 4365 4369 4368 
3 983 986 982 
3 982 978 983 
3 4054 4047 4045 
3 4054 4045 4050 
3 4056 4064 4054 
3 4054 4050 4056 
3 4001 4003 3997 
3 3997 3996 4001 
3 5776 5768 5772 
3 5777 5782 5776 
3 5772 5777 5776 
3 628 633 634 
3 634 1577 1580 
3 634 1580 628 
3 1268 1262 1252 
3 1252 1240 1255 
3 1252 1255 1268 
3 1262 1260 1252 
3 1829 1831 1827 
3 1829 1833 1831 
3 1305 1313 1304 
3 1304 1300 1305 
3 1384 1381 1386 
3 1388 1384 1386 
3 2814 2809 2812 
3 2816 2814 2812 
3 2367 3224 2372 
3 3290 3271 4844 
3 4844 4838 3293 
3 3293 3290 4844 
3 1120 1116 1119 
3 1119 1125 1120 
3 5385 5383 5387 
3 5386 5385 5387 
3 2423 2420 2417 
3 2417 2422 2423 
3 4945 4943 4936 
3 4936 4938 4945 
3 2008 2010 2012 
3 4366 4354 4360 
3 4360 4365 4366 
3 974 973 978 
3 976 974 978 
3 982 976 978 
3 973 972 978 
3 4035 4045 4047 
3 4005 4002 4003 
3 4003 4002 3999 
3 3999 3997 4003 
3 4730 4724 4727 
3 3529 3527 3532 
3 3529 3532 3535 
3 3529 3535 3533 
3 3533 3530 3529 
3 641 633 636 
3 647 643 641 
3 641 636 640 
3 641 640 645 
3 645 647 641 
3 1220 1223 1225 
3 1224 1220 1225 
3 2065 2060 2051 
3 2065 2077 2070 
3 2065 2070 2060 
3 1511 1507 1502 
3 1502 1503 1511 
3 1300 1302 1305 
3 1300 1297 1302 
3 1400 1394 1407 
3 1407 1421 1415 
3 1407 1415 1400 
3 246 245 243 
3 246 243 241 
3 3208 3214 3216 
3 3216 3209 3208 
3 3216 2340 3209 
3 3214 3220 3216 
3 3271 3290 3273 
3 3273 3266 3271 
3 2644 2647 2641 
3 2641 2632 2644 
3 5383 5385 5378 
3 5378 5382 5383 
3 4629 4624 4625 
3 4629 4625 4630 
3 2010 2011 2018 
3 2016 2012 2010 
3 2018 2016 2010 
3 4352 4360 4354 
3 4045 4035 4033 
3 4041 4050 4045 
3 4033 4041 4045 
3 4002 4005 1695 
3 1699 3999 4002 
3 1695 1699 4002 
3 4673 4727 4724 
3 3527 3528 3532 
3 629 636 633 
3 633 628 629 
3 861 858 862 
3 861 862 865 
3 865 863 861 
3 2077 2079 2070 
3 2659 2670 2703 
3 2703 2670 2702 
3 1458 1454 1444 
3 1392 1388 1394 
3 1394 1400 1392 
3 2235 2225 2230 
3 158 243 245 
3 4172 4169 4167 
3 4835 3293 4838 
3 2645 2641 2647 
3 2647 2648 2645 
3 5379 5378 5385 
3 5384 5379 5385 
3 2479 2483 2481 
3 2025 2011 2004 
3 4369 4441 4438 
3 4028 4033 4035 
3 4026 4028 4035 
3 4005 4008 1693 
3 1693 1695 4005 
3 4729 4727 4725 
3 4729 4725 4804 
3 3546 3542 3528 
3 3528 3542 3532 
3 3525 3546 3528 
3 736 1575 643 
3 643 647 727 
3 643 727 736 
3 705 862 858 
3 858 712 705 
3 2085 2084 2079 
3 2084 2075 2079 
3 2075 2070 2079 
3 2660 2664 2670 
3 2670 2664 2675 
3 2670 2659 2660 
3 1454 1448 1444 
3 1450 1448 1454 
3 2271 2266 2264 
3 4165 4167 4169 
3 4168 4165 4169 
3 3290 3293 3298 
3 3291 3273 3290 
3 3290 3298 3296 
3 3296 3291 3290 
3 2340 2336 3209 
3 2496 2490 2494 
3 2499 2496 2494 
3 4943 4937 4936 
3 2011 2025 2022 
3 2022 2018 2011 
3 4445 4443 4441 
3 4442 4445 4441 
3 4369 4442 4441 
3 4072 4070 4064 
3 4075 4072 4064 
3 4064 4056 4069 
3 4064 4069 4075 
3 4518 4520 4521 
3 4521 4407 4518 
3 4727 4673 4672 
3 4727 4672 4725 
3 3542 3546 3553 
3 3543 3532 3542 
3 3542 3553 3549 
3 3542 3549 3543 
3 1577 1575 1572 
3 1581 1580 1577 
3 1576 1581 1577 
3 1577 1572 1576 
3 864 865 862 
3 862 705 864 
3 2070 2067 2060 
3 2075 2067 2070 
3 2654 2660 2659 
3 2659 2657 2652 
3 2659 2652 2654 
3 1443 1444 1448 
3 1448 1450 1443 
3 1158 1154 1155 
3 1158 1155 1159 
3 1180 1186 1158 
3 1159 1180 1158 
3 2028 2032 2046 
3 2266 2271 2023 
3 2023 2027 2266 
3 889 892 893 
3 893 887 889 
3 4165 4161 4167 
3 4167 4161 4158 
3 4158 4163 4167 
3 3293 4835 3298 
3 4930 4936 4937 
3 4445 4450 4443 
3 4070 4080 4074 
3 4070 4074 4071 
3 4070 4072 4080 
3 4520 4518 4517 
3 4517 4519 4520 
3 5785 5793 5792 
3 5792 5787 5785 
3 3546 3525 3526 
3 3546 3526 3547 
3 3552 3553 3546 
3 3547 3552 3546 
3 753 1572 1575 
3 1575 736 744 
3 1575 744 753 
3 871 867 863 
3 869 871 863 
3 865 869 863 
3 2729 2718 2724 
3 2992 2993 3594 
3 3594 3598 2992 
3 3597 3598 3594 
3 1152 1155 1154 
3 1149 1152 1154 
3 2028 2025 2032 
3 2027 2024 2026 
3 2023 2024 2027 
3 840 2757 836 
3 836 837 840 
3 1760 1764 1766 
3 1760 1762 1757 
3 1766 1762 1760 
3 4161 4165 4162 
3 4161 4162 4159 
3 4157 4158 4161 
3 4159 4157 4161 
3 3266 3273 3264 
3 3264 3262 3266 
3 5253 5247 5250 
3 5399 5391 5398 
3 3902 3907 3908 
3 3902 3908 3901 
3 4450 4445 4451 
3 4450 4451 4456 
3 4456 4458 4450 
3 1004 1003 1008 
3 1012 1010 1004 
3 1004 1008 1012 
3 4072 4075 4084 
3 4072 4084 4080 
3 5402 5396 5341 
3 5402 5400 5396 
3 5341 5340 5402 
3 5768 5760 5767 
3 5767 5772 5768 
3 3532 3543 3535 
3 1583 628 1580 
3 1581 1583 1580 
3 867 871 878 
3 867 878 876 
3 876 860 867 
3 2718 2729 2723 
3 2717 2701 2718 
3 2718 2723 2717 
3 2657 2658 2653 
3 2657 2653 2650 
3 2650 2652 2657 
3 3593 3587 3590 
3 3593 3590 3595 
3 3593 3595 3596 
3 1156 1159 1155 
3 1150 1156 1155 
3 1155 1152 1150 
3 2141 2145 2147 
3 2147 2155 2148 
3 2142 2141 2147 
3 2148 2142 2147 
3 4164 4162 4165 
3 3265 3270 3263 
3 3754 3760 3740 
3 3764 3760 3754 
3 3754 3740 3748 
3 1108 1102 1105 
3 1105 1145 1108 
3 5389 5398 5391 
3 5381 5389 5391 
3 5391 5382 5381 
3 4626 4630 4625 
3 4625 4623 4626 
3 3906 3909 3907 
3 3907 3909 3910 
3 3907 3910 3908 
3 4445 4442 4444 
3 4448 4451 4445 
3 4444 4448 4445 
3 1000 997 999 
3 1000 1002 1005 
3 999 1002 1000 
3 1005 1003 1000 
3 4050 4041 4046 
3 4053 4056 4050 
3 4050 4046 4053 
3 5400 5393 5396 
3 5400 5401 5395 
3 5400 5395 5393 
3 4670 4669 4673 
3 4673 4669 4672 
3 3525 3519 3526 
3 635 640 636 
3 636 629 631 
3 636 631 635 
3 871 869 873 
3 871 873 878 
3 1507 1506 1501 
3 1501 1502 1507 
3 3584 3590 3587 
3 3578 3584 3587 
3 2135 2143 2145 
3 2145 2141 2137 
3 2145 2137 2135 
3 1762 1770 1765 
3 1765 1757 1762 
3 1762 1766 1770 
3 3267 3264 3273 
3 3273 3275 3267 
3 3289 3275 3273 
3 3273 3291 3289 
3 3270 3285 3277 
3 3269 3263 3270 
3 3277 3269 3270 
3 3743 3740 3760 
3 3761 3743 3760 
3 3760 3764 3768 
3 3760 3768 3761 
3 5398 5389 5394 
3 3448 4631 4630 
3 4630 4626 3448 
3 4442 4369 4367 
3 4367 4444 4442 
3 945 999 997 
3 943 945 997 
3 4041 4033 4032 
3 4043 4046 4041 
3 4041 4032 4043 
3 4407 4426 4515 
3 4515 4518 4407 
3 5753 5760 5757 
3 5757 5750 5751 
3 5757 5751 5753 
3 3519 3514 3520 
3 3520 3523 3519 
3 3523 3526 3519 
3 635 642 640 
3 640 642 646 
3 646 645 640 
3 1545 1549 1547 
3 1547 1544 1545 
3 1912 1913 1908 
3 1908 1907 1912 
3 5662 5656 5655 
3 5655 5656 5647 
3 5647 5648 5655 
3 2513 2562 2512 
3 2513 2563 2562 
3 2512 2509 2513 
3 5467 5470 5468 
3 2155 2170 2161 
3 2161 2148 2155 
3 1766 1774 1770 
3 3225 3224 3220 
3 3222 3225 3220 
3 3214 3222 3220 
3 3294 3285 3286 
3 3740 3743 3734 
3 3736 3748 3740 
3 3731 3736 3740 
3 3734 3731 3740 
3 2627 2625 2622 
3 1083 1091 886 
3 4935 4941 4938 
3 4932 4935 4938 
3 4938 4936 4932 
3 4369 4365 4367 
3 1002 999 1001 
3 4053 4069 4056 
3 4518 4515 4513 
3 4513 4517 4518 
3 5756 5761 5760 
3 5760 5753 5756 
3 5761 5767 5760 
3 3523 3547 3526 
3 628 1583 623 
3 624 629 628 
3 623 624 628 
3 1549 1554 1553 
3 1549 1553 1547 
3 1917 1929 1918 
3 1918 1913 1917 
3 5656 5662 5663 
3 5656 5663 5659 
3 5656 5659 5647 
3 1444 1443 1434 
3 1434 1440 1444 
3 5463 5467 5464 
3 2143 2135 2136 
3 3225 3227 3224 
3 3224 3227 2376 
3 3224 2376 2372 
3 2469 2463 2464 
3 1165 1169 1168 
3 1168 1163 1165 
3 3288 3277 3285 
3 3285 3294 3295 
3 3285 3295 3297 
3 3285 3297 3288 
3 3743 3761 3734 
3 2625 2627 2632 
3 2632 2628 2625 
3 1098 1091 1088 
3 4631 3448 3444 
3 4360 4358 4365 
3 4365 4358 4362 
3 4362 4367 4365 
3 999 941 2078 
3 999 2078 1001 
3 999 945 941 
3 4093 4091 4069 
3 4092 4093 4069 
3 4053 4092 4069 
3 4084 4075 4069 
3 4091 4084 4069 
3 4341 4331 4335 
3 4335 4331 4328 
3 4343 4341 4335 
3 4328 4330 4335 
3 4335 4330 4338 
3 4335 4338 4343 
3 5079 5083 5082 
3 5079 5082 5077 
3 5079 5077 4999 
3 1583 1581 1584 
3 1587 623 1583 
3 1584 1587 1583 
3 874 873 869 
3 869 865 868 
3 872 874 869 
3 868 872 869 
3 1918 1915 1913 
3 1915 1909 1913 
3 1909 1908 1913 
3 5662 5665 5668 
3 5668 5663 5662 
3 1442 1443 1450 
3 1450 1447 1442 
3 5470 5467 5471 
3 5475 5473 5470 
3 5470 5471 5475 
3 2797 2801 2803 
3 2803 2801 2805 
3 2805 2808 2803 
3 4264 4265 4268 
3 3227 3228 3230 
3 3227 3230 3229 
3 3227 3225 3228 
3 3229 2376 3227 
3 5421 5418 5417 
3 5417 5420 5421 
3 2463 2469 2468 
3 1178 1175 1306 
3 1306 1303 1178 
3 3263 3269 3257 
3 3257 3255 3263 
3 3745 3752 3748 
3 3748 3738 3745 
3 3736 3738 3748 
3 1091 1083 1088 
3 3455 4626 4623 
3 4358 4360 4352 
3 945 939 941 
3 943 939 945 
3 4331 4341 4293 
3 4295 4328 4331 
3 4331 4293 4295 
3 3954 3958 3955 
3 3955 3851 3954 
3 5083 5085 5086 
3 5086 5082 5083 
3 629 624 625 
3 625 631 629 
3 873 874 879 
3 879 878 873 
3 1605 1598 1604 
3 5647 5644 5648 
3 1443 1442 1439 
3 1439 1434 1443 
3 5469 5471 5467 
3 5465 5469 5467 
3 2801 2797 2799 
3 2799 2805 2801 
3 5420 5417 5419 
3 2469 2472 2475 
3 2475 2468 2469 
3 1175 1169 1171 
3 1175 1171 1306 
3 3269 3277 3272 
3 3268 3257 3269 
3 3269 3272 3268 
3 3737 3745 3738 
3 3738 3736 3733 
3 3738 3733 3737 
3 2632 2631 2628 
3 2628 2631 2594 
3 5389 5381 5394 
3 4626 3455 3448 
3 1003 1005 1007 
3 1003 1007 1008 
3 4091 4090 4084 
3 4084 4090 4087 
3 4084 4087 4080 
3 4341 4343 4378 
3 4380 4293 4341 
3 4378 4380 4341 
3 2889 3958 3961 
3 2886 2889 3961 
3 3961 3963 3965 
3 2885 2886 3961 
3 3965 2885 3961 
3 5085 5088 5086 
3 3559 3560 3553 
3 3560 3549 3553 
3 3553 3552 3559 
3 1582 1584 1581 
3 1581 1576 1582 
3 864 868 865 
3 1598 1605 1601 
3 1601 1590 1598 
3 5644 5647 5638 
3 1447 1446 16 
3 16 1442 1447 
3 3214 3218 3222 
3 1433 1429 1435 
3 1440 1433 1435 
3 3277 3288 3282 
3 3277 3282 3278 
3 3278 3272 3277 
3 3736 3731 3728 
3 3728 3733 3736 
3 2631 2632 2641 
3 2631 2641 2640 
3 2640 2634 2631 
3 3170 3154 3164 
3 3164 3171 3170 
3 3453 3448 3455 
3 3461 3453 3455 
3 4451 4448 4453 
3 4453 4456 4451 
3 4798 4733 4801 
3 4801 4802 4798 
3 4330 4328 4325 
3 4337 4338 4330 
3 4330 4332 4337 
3 2889 3955 3958 
3 5091 5086 5088 
3 5094 5091 5088 
3 5093 5094 5088 
3 5088 5087 5093 
3 1271 1276 1278 
3 1272 1276 1271 
3 1278 1274 1271 
3 3560 3555 3549 
3 3549 3555 3543 
3 2725 2732 2724 
3 2725 2775 2773 
3 2725 2773 2732 
3 712 708 705 
3 717 708 712 
3 712 722 717 
3 1442 16 10 
3 10 1439 1442 
3 2805 2809 2808 
3 2808 2809 2813 
3 2808 2813 2815 
3 2815 2811 2808 
3 402 425 432 
3 432 425 433 
3 432 433 437 
3 432 400 402 
3 4265 4264 4260 
3 2376 3229 2431 
3 2376 2431 2428 
3 2428 2379 2376 
3 2379 2372 2376 
3 1429 1433 1423 
3 1165 1171 1169 
3 5583 5581 5580 
3 5579 5582 5583 
3 5583 5580 5579 
3 3764 3769 3768 
3 3168 3172 3171 
3 3447 3444 3448 
3 3448 3453 3447 
3 4448 4444 4447 
3 4448 4447 4452 
3 4452 4453 4448 
3 4735 4731 4730 
3 4735 4737 4731 
3 4730 4733 4735 
3 4328 4295 4325 
3 4669 4670 4659 
3 4667 4672 4669 
3 4661 4667 4669 
3 4669 4659 4661 
3 2910 2917 2914 
3 1281 1285 1276 
3 1285 1278 1276 
3 1272 1281 1276 
3 3555 3560 3561 
3 3551 3543 3555 
3 3561 3551 3555 
3 624 623 617 
3 624 617 621 
3 624 621 625 
3 702 705 708 
3 708 717 711 
3 708 711 706 
3 706 702 708 
3 924 2105 927 
3 927 926 924 
3 1505 1509 1510 
3 1500 1505 1510 
3 1510 1508 1500 
3 1196 1202 1151 
3 1193 1197 1196 
3 1157 1193 1196 
3 1196 1151 1157 
3 2814 2813 2809 
3 399 402 400 
3 395 399 400 
3 400 397 395 
3 378 372 375 
3 378 375 380 
3 378 380 382 
3 4262 4264 4266 
3 4266 4261 4263 
3 4266 4263 4262 
3 4266 4267 4261 
3 2372 2379 2373 
3 1433 1440 1434 
3 1428 1423 1433 
3 1434 1428 1433 
3 1171 1165 178 
3 1171 178 1307 
3 1307 1306 1171 
3 5544 5580 5581 
3 5539 5544 5581 
3 5533 5539 5581 
3 3776 3775 3769 
3 3769 3775 3768 
3 3172 3178 3175 
3 3176 3178 3172 
3 3173 3176 3172 
3 3175 3171 3172 
3 3444 3447 3439 
3 4444 4367 4363 
3 4363 4447 4444 
3 4737 4736 4732 
3 4737 4732 4731 
3 4344 4343 4338 
3 4338 4337 4344 
3 4652 4659 4670 
3 4670 4653 4652 
3 5082 5086 5089 
3 5080 5077 5082 
3 5084 5080 5082 
3 5089 5084 5082 
3 1548 2864 1740 
3 1740 1736 1737 
3 1737 1548 1740 
3 3541 3535 3543 
3 3551 3541 3543 
3 623 1587 1591 
3 623 1591 617 
3 695 864 705 
3 705 702 695 
3 1505 1506 1509 
3 1202 1203 1151 
3 397 393 395 
3 370 375 372 
3 366 370 372 
3 4264 4262 4260 
3 5582 5579 5578 
3 5578 5664 5582 
3 3778 3768 3775 
3 3775 3784 3778 
3 4261 4257 4263 
3 3175 3177 3171 
3 3177 3170 3171 
3 3449 3447 3453 
3 3454 3449 3453 
3 3453 3461 3454 
3 2028 2022 2025 
3 4458 4456 4461 
3 4733 4730 4727 
3 4727 4729 4733 
3 4729 4801 4733 
3 4344 4349 4343 
3 4373 4378 4343 
3 4349 4373 4343 
3 4668 4671 4672 
3 4671 4725 4672 
3 4672 4667 4668 
3 5086 5091 5089 
3 2866 2864 2862 
3 2862 2863 2866 
3 3535 3541 3538 
3 3538 3533 3535 
3 1587 1584 1586 
3 1587 1593 1591 
3 1586 1593 1587 
3 1556 1553 1554 
3 1557 1556 1554 
3 1558 1557 1554 
3 934 940 942 
3 1506 1505 1499 
3 1499 1501 1506 
3 1191 1195 1197 
3 1197 1193 1191 
3 2818 2815 2813 
3 2813 2814 2818 
3 390 395 393 
3 393 389 390 
3 375 370 270 
3 270 266 375 
3 375 266 380 
3 4162 4160 4159 
3 3260 3262 3258 
3 2462 2461 2465 
3 5580 5544 5559 
3 5559 5579 5580 
3 4259 4263 4257 
3 4253 4259 4257 
3 5382 5378 5374 
3 5377 5381 5382 
3 5374 5377 5382 
3 3447 3449 3445 
3 3445 3439 3447 
3 4456 4453 4459 
3 4459 4461 4456 
3 3246 3213 3248 
3 3248 3213 3189 
3 3248 3252 3251 
3 3249 3252 3248 
3 3248 3251 3246 
3 3189 3188 3248 
3 3248 3188 3249 
3 4033 4028 4024 
3 4033 4024 4032 
3 4290 4295 4293 
3 4380 4289 4293 
3 4671 4804 4725 
3 5077 5076 5074 
3 5077 5074 5072 
3 5072 4999 5077 
3 5077 5080 5076 
3 2864 1548 1546 
3 1546 2862 2864 
3 3540 3539 3541 
3 3545 3540 3541 
3 3539 3538 3541 
3 3541 3551 3545 
3 1582 1586 1584 
3 1553 1560 1552 
3 1553 1556 1560 
3 1552 1547 1553 
3 946 942 940 
3 1500 1499 1505 
3 1189 1194 1195 
3 1195 1191 1189 
3 2817 2810 2811 
3 2811 2815 2817 
3 389 384 383 
3 389 383 390 
3 283 270 370 
3 292 283 370 
3 366 292 370 
3 892 889 888 
3 891 894 892 
3 892 888 891 
3 2395 2392 2393 
3 2393 2397 2398 
3 2398 2395 2393 
3 2461 3312 2465 
3 1017 1018 1039 
3 1039 1020 1017 
3 5544 5539 5545 
3 5545 5559 5544 
3 3770 3761 3768 
3 3768 3778 3770 
3 4263 4259 4262 
3 622 619 445 
3 3454 3445 3449 
3 1012 1016 1010 
3 4367 4362 4363 
3 3213 3246 3215 
3 3200 3189 3213 
3 3213 3215 3200 
3 4028 4026 4020 
3 4020 4024 4028 
3 4662 4668 4667 
3 4667 4661 4662 
3 4999 5072 4996 
3 4999 4996 4995 
3 1728 1725 1736 
3 1725 1737 1736 
3 3557 3559 3552 
3 3552 3547 3557 
3 1563 1560 1556 
3 1556 1557 1563 
3 942 946 947 
3 942 947 949 
3 1972 1969 1973 
3 1978 1975 1972 
3 1973 1978 1972 
3 1199 1194 1198 
3 2819 2768 2810 
3 2810 2817 2819 
3 266 270 265 
3 264 380 266 
3 260 264 266 
3 265 260 266 
3 4540 4531 4545 
3 4156 4159 4160 
3 1859 2364 2392 
3 1855 1859 2392 
3 2392 2395 1855 
3 3316 2465 3312 
3 3312 3311 3316 
3 5576 5578 5579 
3 5579 5559 5576 
3 3761 3770 3735 
3 3735 3734 3761 
3 4260 4262 4259 
3 4258 4260 4259 
3 4259 4254 4258 
3 4259 4253 4254 
3 450 445 619 
3 612 450 619 
3 4936 4930 4932 
3 3256 3251 3252 
3 3252 3249 4871 
3 3252 3258 3256 
3 3252 4871 3254 
3 3252 3254 3258 
3 4026 4029 4019 
3 4018 4020 4026 
3 4019 4018 4026 
3 4655 4661 4659 
3 4659 4652 4655 
3 5080 5084 5081 
3 5080 5081 5078 
3 5080 5078 5076 
3 1548 1551 1550 
3 1550 1546 1548 
3 1548 1737 1551 
3 3550 3557 3547 
3 3523 3550 3547 
3 632 635 631 
3 627 632 631 
3 625 627 631 
3 1557 1562 1565 
3 1557 1558 1562 
3 1557 1565 1563 
3 950 947 946 
3 1969 1966 1970 
3 1970 1973 1969 
3 1194 1189 1190 
3 1194 1190 1192 
3 1194 1192 1198 
3 5475 5479 5473 
3 2815 2818 2820 
3 2815 2820 2817 
3 267 265 270 
3 278 267 270 
3 283 278 270 
3 4530 4545 4531 
3 4524 4530 4531 
3 4163 4154 4166 
3 2400 2398 2397 
3 5539 5533 5532 
3 5543 5545 5539 
3 5539 5532 5535 
3 5539 5535 5543 
3 3787 3778 3784 
3 3784 3789 3792 
3 3792 3787 3784 
3 2645 2640 2641 
3 445 450 449 
3 449 443 445 
3 3445 3438 3439 
3 4449 4452 4447 
3 5299 5298 5290 
3 5298 5292 5290 
3 5290 5292 5281 
3 5290 5294 5299 
3 3253 3246 3251 
3 3251 3256 3253 
3 4826 4805 4818 
3 4826 4818 4828 
3 4650 4677 4679 
3 4679 4678 4650 
3 5095 5089 5091 
3 5091 5094 5095 
3 1737 1725 1551 
3 642 635 638 
3 642 638 644 
3 648 646 642 
3 644 648 642 
3 729 722 735 
3 2730 2723 2729 
3 2735 2730 2729 
3 1977 1955 1975 
3 1983 1977 1975 
3 1975 1978 1983 
3 1206 1151 1203 
3 4551 4545 4555 
3 4570 4559 4551 
3 4555 4570 4551 
3 4147 4141 4149 
3 4149 4154 4152 
3 4149 4152 4147 
3 4141 4143 4149 
3 2359 2363 2364 
3 2364 1859 1862 
3 2358 2359 2364 
3 2364 1862 2358 
3 2477 2475 2472 
3 5529 5532 5533 
3 3783 3770 3778 
3 3787 3783 3778 
3 4253 4249 4254 
3 450 612 453 
3 450 453 449 
3 3438 3445 3443 
3 4453 4452 4454 
3 4453 4454 4459 
3 5292 5298 4563 
3 4696 5281 5292 
3 4563 4696 5292 
3 3242 3215 3246 
3 3247 3242 3246 
3 3253 3247 3246 
3 4806 4818 4805 
3 3992 3993 3996 
3 3996 3997 3992 
3 4677 4650 4651 
3 5218 5081 5084 
3 5084 5090 5218 
3 5089 5090 5084 
3 3530 3533 3531 
3 632 638 635 
3 722 729 717 
3 1605 1607 1601 
3 2712 1123 1126 
3 2712 1126 1130 
3 1130 2658 2712 
3 2563 2567 2568 
3 2563 2568 2564 
3 2563 2564 2562 
3 4545 4530 4555 
3 4154 4163 4152 
3 2363 2359 2360 
3 3319 2467 2465 
3 2465 3316 3319 
3 3303 3299 3300 
3 3300 3331 3303 
3 3770 3783 3735 
3 4251 4254 4249 
3 4249 4247 4251 
3 612 582 453 
3 3445 3454 3451 
3 3451 3443 3445 
3 5300 5299 5294 
3 5303 5300 5294 
3 5294 5296 5303 
3 3188 3189 3184 
3 4876 3249 3188 
3 3184 4876 3188 
3 4021 4019 4029 
3 3991 3992 3997 
3 3995 3991 3997 
3 3997 3999 3995 
3 4596 4650 4678 
3 5218 5222 5081 
3 5081 5222 5078 
3 5073 5226 5227 
3 5226 5225 5227 
3 3536 3531 3533 
3 3538 3536 3533 
3 638 632 637 
3 637 644 638 
3 2791 2777 2783 
3 2783 2777 2774 
3 2783 2790 2791 
3 874 872 877 
3 882 879 874 
3 874 877 882 
3 1123 1121 1125 
3 1125 1126 1123 
3 2368 2371 2380 
3 2361 2357 2368 
3 2368 2382 2365 
3 2380 2382 2368 
3 2365 2361 2368 
3 387 470 369 
3 387 369 384 
3 1858 1860 1859 
3 1859 1857 1858 
3 1859 1855 1857 
3 1860 1862 1859 
3 3302 3294 3299 
3 3299 3303 3302 
3 3783 3787 3797 
3 3783 3797 3788 
3 3788 3735 3783 
3 4248 4251 4247 
3 4124 4248 4247 
3 4461 4459 4464 
3 3189 3187 3183 
3 3189 3183 3184 
3 3189 3200 3187 
3 4818 4806 4814 
3 4818 4814 4823 
3 4823 4828 4818 
3 1702 3995 3999 
3 3999 1699 1702 
3 1271 1269 1265 
3 1265 1267 1271 
3 5214 5218 5090 
3 5181 5214 5090 
3 5092 5181 5090 
3 5090 5089 5092 
3 5221 5223 5225 
3 5224 5221 5225 
3 5225 5226 5224 
3 3531 3536 3534 
3 3534 3469 3531 
3 2693 2701 2704 
3 2693 2704 2698 
3 718 717 729 
3 724 718 729 
3 872 868 866 
3 870 1072 872 
3 872 1072 1075 
3 866 870 872 
3 1075 877 872 
3 1127 1130 1126 
3 1125 1127 1126 
3 2371 2374 2380 
3 5469 5465 5466 
3 2757 840 900 
3 900 2754 2757 
3 291 287 285 
3 793 794 785 
3 3262 3264 3261 
3 3256 3258 3262 
3 3261 3256 3262 
3 3302 3295 3294 
3 3796 3789 3791 
3 3791 3790 3794 
3 3791 3794 3795 
3 3795 3796 3791 
3 5370 5374 5378 
3 5378 5379 5373 
3 5378 5373 5370 
3 4452 4449 4454 
3 4696 4563 4695 
3 4875 4871 3249 
3 4876 4875 3249 
3 4802 4807 4806 
3 4806 4807 4814 
3 3841 3844 3846 
3 3843 3841 3846 
3 3846 3848 3843 
3 5089 5095 5092 
3 3537 3534 3536 
3 3539 3537 3536 
3 3536 3538 3539 
3 632 627 630 
3 630 637 632 
3 717 718 711 
3 878 879 883 
3 880 876 878 
3 883 880 878 
3 2511 2514 2509 
3 2509 2507 2511 
3 2377 2380 2374 
3 5465 5459 5466 
3 250 255 253 
3 247 242 250 
3 253 247 250 
3 4554 4555 4530 
3 4522 4554 4530 
3 4530 4524 4522 
3 794 791 788 
3 788 785 794 
3 3267 3261 3264 
3 2468 2475 2473 
3 1428 1421 1423 
3 5664 5578 5670 
3 3789 3796 3792 
3 4104 4098 4042 
3 4042 4102 4104 
3 2490 2487 2483 
3 2483 2487 2481 
3 5302 5303 5296 
3 5293 5302 5296 
3 3242 3219 3215 
3 3215 3219 3210 
3 3215 3210 3200 
3 4049 4053 4046 
3 4046 4043 4049 
3 2905 3843 3848 
3 2900 2905 3848 
3 2896 2900 3848 
3 3848 3851 2896 
3 5094 5093 5096 
3 5096 5095 5094 
3 2865 2863 2861 
3 627 625 622 
3 622 626 627 
3 626 630 627 
3 718 724 715 
3 715 711 718 
3 884 883 879 
3 879 882 884 
3 5665 5664 5670 
3 5671 5668 5665 
3 5670 5671 5665 
3 5661 5666 5649 
3 5649 5654 5661 
3 1186 1180 1185 
3 261 255 259 
3 265 261 259 
3 259 260 265 
3 791 795 790 
3 790 788 791 
3 2475 2480 2473 
3 2477 2480 2475 
3 1421 1428 1415 
3 1370 1036 1040 
3 3331 3339 3330 
3 3330 3303 3331 
3 1115 1112 1116 
3 4102 4042 3940 
3 3940 3934 4102 
3 2487 2490 2492 
3 2487 2492 2491 
3 2488 2481 2487 
3 2491 2488 2487 
3 4454 4457 4459 
3 5440 5446 5452 
3 5452 5441 5440 
3 5456 5441 5452 
3 3219 3242 3231 
3 3217 3210 3219 
3 3226 3217 3219 
3 3219 3231 3226 
3 4807 4802 4803 
3 4811 4814 4807 
3 4807 4803 4808 
3 4807 4808 4811 
3 3851 3955 2896 
3 5087 5069 5093 
3 651 727 647 
3 647 645 649 
3 649 651 647 
3 847 845 860 
3 860 876 875 
3 860 875 847 
3 1130 2656 2658 
3 2658 2656 2653 
3 5654 5649 5646 
3 1180 1159 1174 
3 1180 1174 1182 
3 1182 1185 1180 
3 255 261 262 
3 262 253 255 
3 111 107 114 
3 129 126 111 
3 114 129 111 
3 785 783 778 
3 785 788 783 
3 778 781 785 
3 3259 3253 3256 
3 3256 3261 3259 
3 1574 1572 1570 
3 1570 1571 1574 
3 1428 1434 1427 
3 1428 1427 1415 
3 1016 1017 1020 
3 3345 3351 3347 
3 3345 3347 3341 
3 3341 3342 3345 
3 3345 3349 3351 
3 3348 3349 3345 
3 3793 3794 3790 
3 3914 4120 3920 
3 3920 3919 3914 
3 2490 2496 2492 
3 1946 2009 1941 
3 4460 4459 4457 
3 3695 4460 4457 
3 3242 3247 3244 
3 3244 3231 3242 
3 4802 4801 4803 
3 4606 4651 4650 
3 4650 4596 4601 
3 4650 4601 4606 
3 5067 5093 5069 
3 5069 5024 5067 
3 3151 3149 3139 
3 3139 3149 3148 
3 3140 3131 3139 
3 3139 3131 3127 
3 3148 3140 3139 
3 3146 3151 3139 
3 3128 3146 3139 
3 3124 3128 3139 
3 3127 3124 3139 
3 727 728 732 
3 723 728 727 
3 732 736 727 
3 727 651 723 
3 876 880 881 
3 876 881 875 
3 1834 1504 1836 
3 1834 1836 1839 
3 1838 1833 1834 
3 1839 1838 1834 
3 2354 2350 2357 
3 2361 2354 2357 
3 261 265 267 
3 271 262 261 
3 261 267 271 
3 107 100 290 
3 107 290 114 
3 788 790 783 
3 3263 3259 3261 
3 3261 3267 3265 
3 3261 3265 3263 
3 1572 1574 1576 
3 1048 1163 1055 
3 187 1048 1055 
3 1055 1050 187 
3 3335 3339 3342 
3 3341 3335 3342 
3 3930 3934 3936 
3 3936 3928 3930 
3 5381 5377 5371 
3 5380 5394 5381 
3 5371 5380 5381 
3 2496 2497 2493 
3 2493 2492 2496 
3 2496 2499 2502 
3 2496 2502 2497 
3 2013 1941 2009 
3 2012 2013 2009 
3 4459 4460 4463 
3 4463 4464 4459 
3 3205 3202 3210 
3 3210 3212 3205 
3 3202 3200 3210 
3 3210 3217 3212 
3 4817 4823 4814 
3 4811 4817 4814 
3 4646 4653 4651 
3 4651 4606 4643 
3 4651 4643 4646 
3 5098 5096 5093 
3 5099 5098 5093 
3 5093 5067 5068 
3 5093 5068 5099 
3 3149 3151 3155 
3 3154 3148 3149 
3 3149 3155 3154 
3 645 646 650 
3 650 649 645 
3 888 889 880 
3 880 889 881 
3 885 888 880 
3 883 885 880 
3 1497 1836 1504 
3 1504 1503 1496 
3 1496 1497 1504 
3 2351 2332 2350 
3 2354 2351 2350 
3 2979 2980 2975 
3 778 773 781 
3 3340 4830 4825 
3 3344 3340 4825 
3 1579 1574 1571 
3 1571 1578 1579 
3 3339 3335 3330 
3 1692 1689 1697 
3 1697 1698 1692 
3 3934 3940 3941 
3 3941 3936 3934 
3 5368 5371 5377 
3 5374 5368 5377 
3 2493 2491 2492 
3 1941 2013 2014 
3 2014 2304 1941 
3 4460 3695 4462 
3 4460 4462 4463 
3 3200 3202 3187 
3 4729 4803 4801 
3 4596 4593 4595 
3 4600 4601 4596 
3 4595 4600 4596 
3 2920 2919 2924 
3 2924 2926 2920 
3 2920 2917 2919 
3 3131 3140 3132 
3 3132 3129 3131 
3 3131 3129 3127 
3 5075 5076 5078 
3 2701 2717 2704 
3 1491 1839 1836 
3 1836 1497 1491 
3 2582 2581 2580 
3 2580 2581 2577 
3 2578 2582 2580 
3 2574 2578 2580 
3 2577 2574 2580 
3 1159 1156 1160 
3 1159 1160 1174 
3 124 117 126 
3 131 124 126 
3 126 133 131 
3 129 133 126 
3 4163 4158 4152 
3 2356 2355 2359 
3 2355 2360 2359 
3 2359 2358 2356 
3 1574 1579 1582 
3 1582 1576 1574 
3 1163 1048 1165 
3 3335 3341 3334 
3 3327 3330 3335 
3 3334 3327 3335 
3 1688 1697 1689 
3 3918 3919 3924 
3 3924 3928 3925 
3 3924 3925 3918 
3 4760 4759 4755 
3 4754 4760 4755 
3 2013 2012 2017 
3 2015 2014 2013 
3 2017 2015 2013 
3 3691 4462 3695 
3 4803 4729 4804 
3 4804 4808 4803 
3 5341 5332 5340 
3 5332 5336 5340 
3 4590 4595 4593 
3 2917 2910 2913 
3 2917 2913 2919 
3 3137 3132 3140 
3 3148 3137 3140 
3 5213 5215 5210 
3 5210 5817 5213 
3 740 744 736 
3 732 740 736 
3 2792 3585 2796 
3 2796 2794 2792 
3 2792 2794 2793 
3 2727 2717 2723 
3 2723 2730 2727 
3 1833 1837 1831 
3 1833 1838 1837 
3 2581 2582 2587 
3 2581 1741 1742 
3 2586 1741 2581 
3 1742 2577 2581 
3 2587 2586 2581 
3 1150 1103 1156 
3 242 247 241 
3 242 235 238 
3 241 235 242 
3 117 120 115 
3 117 124 120 
3 4155 4152 4158 
3 4158 4157 4155 
3 1578 1585 1579 
3 1048 187 185 
3 185 1165 1048 
3 3303 3330 3310 
3 3310 3302 3303 
3 3794 3793 3798 
3 3799 3795 3794 
3 3798 3799 3794 
3 3919 3918 3916 
3 3916 3914 3919 
3 2012 2016 2017 
3 3691 3687 3686 
3 3686 4465 3691 
3 5267 5268 5261 
3 5261 5537 5267 
3 5332 5325 5336 
3 4601 4600 4603 
3 4603 4606 4601 
3 5025 5024 5020 
3 5020 5021 5025 
3 3123 3122 3129 
3 3125 3123 3129 
3 3130 3125 3129 
3 3129 3132 3130 
3 3122 3127 3129 
3 5215 5217 5211 
3 5209 5210 5215 
3 5211 5209 5215 
3 744 740 752 
3 756 753 744 
3 752 756 744 
3 3586 3589 3585 
3 3585 3589 2796 
3 2713 2704 2717 
3 2727 2713 2717 
3 1503 1502 1495 
3 1495 1496 1503 
3 2582 2578 2584 
3 2582 2584 2587 
3 1152 1149 1145 
3 1145 1150 1152 
3 249 246 247 
3 247 246 241 
3 247 253 249 
3 4570 4555 4575 
3 4575 4576 4570 
3 4835 4830 3298 
3 1582 1579 1585 
3 4115 3920 4120 
3 3327 3310 3330 
3 3932 3925 3928 
3 3928 3936 3932 
3 3687 3691 3689 
3 5262 5261 5268 
3 5268 5269 5262 
3 4216 4208 4210 
3 4216 4210 4219 
3 4216 4219 4226 
3 4226 4223 4216 
3 4600 4595 4599 
3 4599 4603 4600 
3 2910 2904 2909 
3 2910 2909 2913 
3 3132 3134 3130 
3 3132 3137 3134 
3 5822 5818 5817 
3 5817 5210 5822 
3 740 732 742 
3 740 742 752 
3 3591 3592 3589 
3 3589 3586 3591 
3 3592 2796 3589 
3 2730 2735 2734 
3 2730 2734 2727 
3 1492 1495 1502 
3 1490 1492 1502 
3 1502 1501 1490 
3 1743 1742 1741 
3 1741 2586 1222 
3 2141 2142 2134 
3 2134 2137 2141 
3 361 369 470 
3 257 251 253 
3 253 251 249 
3 253 262 263 
3 253 263 257 
3 4554 4575 4555 
3 3301 3298 4830 
3 3340 3301 4830 
3 1439 1427 1434 
3 1050 197 191 
3 191 187 1050 
3 5675 5670 5578 
3 5577 5675 5578 
3 5578 5576 5577 
3 3796 3795 3800 
3 3803 3792 3796 
3 3800 3803 3796 
3 3925 3932 3927 
3 3927 3923 3925 
3 3925 3923 3918 
3 3456 3454 3461 
3 4463 4465 4467 
3 4467 4464 4463 
3 5537 5261 5252 
3 5252 5542 5537 
3 4228 4230 4223 
3 4226 4228 4223 
3 4595 4590 4594 
3 4595 4594 4599 
3 5024 5025 5031 
3 5031 5067 5024 
3 3138 3134 3137 
3 3144 3138 3137 
3 3137 3148 3144 
3 5818 5822 5821 
3 5819 5814 5818 
3 5821 5819 5818 
3 3587 3591 3586 
3 2742 2734 2735 
3 5663 5672 5667 
3 5663 5668 5672 
3 5667 5659 5663 
3 2576 2583 2578 
3 2578 2583 2584 
3 2570 2576 2578 
3 2578 2574 2570 
3 1160 1162 1174 
3 2142 2148 2146 
3 2138 2134 2142 
3 2146 2138 2142 
3 369 361 362 
3 376 384 369 
3 367 376 369 
3 369 362 367 
3 271 263 262 
3 296 114 290 
3 293 296 290 
3 287 293 290 
3 3298 3301 3296 
3 4340 4337 4332 
3 4332 4327 4333 
3 4332 4333 4340 
3 1416 1415 1427 
3 1427 1439 1422 
3 1427 1422 1416 
3 194 191 197 
3 202 194 197 
3 5559 5545 5552 
3 5559 5552 5556 
3 5566 5576 5559 
3 5556 5566 5559 
3 3799 3800 3795 
3 3941 3942 3936 
3 3454 3456 3451 
3 4465 4462 3691 
3 4463 4462 4465 
3 5254 5252 5261 
3 5262 5254 5261 
3 4230 4228 4233 
3 4592 4594 4590 
3 4587 4592 4590 
3 5022 5025 5021 
3 3152 3153 3151 
3 3151 3146 3152 
3 3153 3155 3151 
3 2262 2269 2264 
3 2263 2269 2262 
3 2255 2263 2262 
3 2264 2257 2262 
3 2262 2257 2255 
3 652 650 646 
3 648 652 646 
3 2794 2796 2798 
3 2798 2793 2794 
3 864 866 868 
3 5676 5672 5668 
3 5668 5671 5676 
3 2583 2579 2588 
3 2583 2576 2579 
3 2589 2584 2583 
3 2588 2589 2583 
3 1167 1174 1162 
3 1161 1167 1162 
3 2148 2161 2154 
3 2154 2146 2148 
3 479 358 361 
3 275 271 267 
3 278 275 267 
3 3300 3296 3301 
3 3301 3338 3300 
3 3340 3338 3301 
3 2479 2473 2480 
3 2483 2479 2480 
3 2480 2477 2486 
3 2480 2486 2483 
3 1415 1416 1406 
3 1406 1400 1415 
3 187 191 188 
3 187 188 185 
3 5543 5552 5545 
3 3972 1706 1713 
3 443 449 446 
3 441 436 443 
3 446 441 443 
3 2308 2304 2307 
3 5541 5534 5540 
3 5547 5541 5540 
3 5540 5542 5547 
3 4232 4233 4228 
3 4226 4232 4228 
3 5801 5800 5793 
3 5793 5800 5792 
3 3884 3890 3892 
3 3884 3878 3882 
3 3881 3878 3884 
3 3884 3882 3885 
3 3889 3881 3884 
3 3884 3885 3890 
3 3892 3889 3884 
3 3126 3152 3146 
3 3146 3128 3126 
3 2274 2271 2269 
3 2271 2264 2269 
3 2269 2263 2270 
3 2275 2274 2269 
3 2269 2270 2275 
3 713 723 651 
3 651 649 655 
3 655 713 651 
3 2796 2800 2798 
3 2796 3592 2800 
3 1070 1074 1072 
3 1072 870 1070 
3 1074 1075 1072 
3 5677 5676 5671 
3 5671 5670 5675 
3 5671 5675 5677 
3 2576 2571 2579 
3 2576 2570 2571 
3 1172 1182 1174 
3 1174 1167 1172 
3 2129 2135 2137 
3 2137 2134 2130 
3 2137 2130 2129 
3 355 354 358 
3 358 354 357 
3 486 355 358 
3 357 361 358 
3 269 257 263 
3 263 271 269 
3 797 796 795 
3 791 794 797 
3 795 791 797 
3 794 800 797 
3 887 846 881 
3 881 889 887 
3 3265 3267 3275 
3 3270 3265 3275 
3 3285 3270 3275 
3 3275 3286 3285 
3 3275 3289 3286 
3 2482 2486 2477 
3 186 188 191 
3 191 194 186 
3 5552 5543 5549 
3 5549 5556 5552 
3 1704 1713 1706 
3 3915 3918 3923 
3 3923 3917 3915 
3 2303 2307 2304 
3 2304 2014 2301 
3 2301 2303 2304 
3 5548 5547 5542 
3 5546 5548 5542 
3 5542 5252 5546 
3 4384 4380 4378 
3 4386 4388 4384 
3 4381 4386 4384 
3 4378 4381 4384 
3 5805 5798 5800 
3 5800 5809 5811 
3 5800 5801 5809 
3 5798 5792 5800 
3 5800 5811 5805 
3 3877 3882 3878 
3 3878 3881 3875 
3 3878 3875 3872 
3 3873 3877 3878 
3 3872 3873 3878 
3 3128 3124 3115 
3 3118 3126 3128 
3 3115 3118 3128 
3 2263 2268 2270 
3 2263 2255 2261 
3 2263 2261 2268 
3 711 715 709 
3 709 706 711 
3 687 1070 870 
3 870 690 687 
3 870 866 690 
3 5659 5667 5657 
3 5659 5657 5650 
3 5650 5647 5659 
3 2569 2568 2574 
3 2568 2570 2574 
3 2574 2577 2569 
3 1185 1182 1184 
3 2132 2136 2135 
3 2129 2132 2135 
3 357 362 361 
3 274 269 271 
3 271 275 277 
3 271 277 274 
3 131 128 124 
3 124 128 120 
3 4146 4147 4152 
3 4152 4155 4146 
3 3291 3299 3294 
3 3291 3296 3299 
3 3294 3289 3291 
3 4345 4344 4337 
3 4340 4345 4337 
3 4 1422 1439 
3 10 4 1439 
3 5401 5398 5394 
3 5401 5394 5395 
3 5528 5535 5532 
3 5532 5529 5527 
3 5532 5527 5528 
3 3787 3792 3797 
3 2307 2303 2310 
3 5808 5809 5801 
3 5801 5803 5808 
3 5801 5782 5803 
3 3888 3885 3882 
3 3886 3888 3882 
3 3883 3886 3882 
3 3879 3883 3882 
3 3882 3877 3879 
3 3124 3116 3115 
3 3124 3127 3116 
3 2257 2246 2245 
3 2264 2246 2257 
3 2245 2255 2257 
3 649 650 655 
3 707 709 715 
3 866 864 695 
3 866 695 690 
3 5647 5650 5643 
3 5643 5638 5647 
3 2570 2565 2571 
3 2566 2565 2570 
3 2567 2566 2570 
3 2568 2567 2570 
3 3576 3570 3575 
3 3575 3570 3573 
3 3575 3579 3576 
3 275 278 284 
3 275 284 277 
3 137 131 133 
3 136 137 133 
3 133 129 136 
3 4157 4159 4156 
3 4157 4156 4088 
3 4153 4155 4157 
3 4088 4153 4157 
3 3296 3300 3299 
3 4327 4321 4326 
3 4326 4333 4327 
3 186 185 188 
3 5538 5543 5535 
3 5530 5538 5535 
3 5535 5528 5530 
3 3792 3803 3805 
3 3805 3797 3792 
3 5693 5688 5695 
3 5695 5700 5693 
3 1013 1015 1017 
3 1017 1016 1012 
3 1017 1012 1013 
3 2014 2015 2297 
3 2297 2301 2014 
3 5782 5777 5803 
3 3880 3875 3881 
3 3889 3880 3881 
3 3148 3154 3150 
3 3150 3144 3148 
3 2242 2252 2255 
3 2245 2242 2255 
3 2252 2261 2255 
3 742 750 752 
3 693 695 702 
3 697 693 702 
3 700 697 702 
3 702 706 700 
3 1078 882 877 
3 1075 1078 877 
3 5192 5196 5197 
3 1744 2569 2577 
3 2577 1742 1744 
3 3570 3576 3568 
3 3566 3573 3570 
3 3564 3566 3570 
3 3570 3568 3564 
3 838 839 837 
3 839 840 837 
3 299 136 129 
3 129 114 299 
3 3294 3286 3289 
3 4320 4326 4321 
3 1414 1416 1422 
3 4 1414 1422 
3 194 202 198 
3 192 186 194 
3 198 192 194 
3 5543 5538 5541 
3 5541 5549 5543 
3 1713 1704 1712 
3 1097 1098 1088 
3 1094 1102 1097 
3 1097 1088 1090 
3 1090 1094 1097 
3 4759 4760 4764 
3 5691 5695 5688 
3 1011 1992 1015 
3 1015 1013 1011 
3 2015 2017 2019 
3 2015 2019 2297 
3 5263 5258 5259 
3 5263 5259 5262 
3 5269 5270 5263 
3 5262 5269 5263 
3 5787 5788 5784 
3 5791 5788 5787 
3 5787 5792 5791 
3 3127 3122 3116 
3 2261 2252 2260 
3 2261 2260 2268 
3 652 653 650 
3 650 653 655 
3 701 700 706 
3 706 709 701 
3 882 886 884 
3 1083 886 882 
3 882 1078 1083 
3 1842 1837 1838 
3 1844 1842 1838 
3 1838 1866 1844 
3 1838 1839 1866 
3 1745 1744 1742 
3 1742 1743 1745 
3 3584 3576 3579 
3 839 896 840 
3 896 900 840 
3 114 296 299 
3 4156 4086 4083 
3 4083 4088 4156 
3 2395 1848 1851 
3 2395 2398 1848 
3 1851 1855 2395 
3 4333 4336 4340 
3 4333 4326 4329 
3 4333 4329 4336 
3 1416 1414 1406 
3 1165 185 178 
3 5538 5534 5541 
3 5538 5530 5534 
3 3803 3800 3806 
3 3809 3805 3803 
3 3806 3809 3803 
3 1100 1105 1102 
3 1102 1099 1100 
3 1094 1099 1102 
3 4762 4764 4760 
3 5700 5695 5744 
3 5700 5744 5750 
3 5253 5259 5258 
3 5258 5255 5253 
3 4233 4232 4236 
3 5792 5798 5795 
3 5792 5795 5791 
3 3885 3888 3890 
3 3153 3159 3155 
3 3155 3159 3164 
3 3155 3164 3154 
3 5217 5219 5212 
3 5212 5211 5217 
3 653 652 656 
3 653 656 660 
3 657 655 653 
3 660 657 653 
3 709 707 701 
3 1078 1074 1077 
3 1078 1077 1081 
3 1078 1081 1083 
3 1078 1075 1074 
3 1839 1491 1867 
3 1839 1867 1868 
3 1839 1868 1866 
3 2590 2587 2584 
3 2584 2589 2590 
3 3576 3584 3578 
3 1595 1600 611 
3 1591 1593 1595 
3 611 1591 1595 
3 301 299 296 
3 298 301 296 
3 296 293 298 
3 875 881 846 
3 847 875 846 
3 2402 1848 2398 
3 2403 2402 2398 
3 2398 2400 2403 
3 2510 2508 2512 
3 2506 2508 2510 
3 1414 3 1 
3 1 0 1414 
3 1414 4 3 
3 0 1406 1414 
3 5574 5577 5576 
3 5576 5566 5574 
3 1705 1712 1704 
3 1704 1701 1705 
3 3942 3941 3978 
3 5695 5691 5697 
3 5695 5697 5744 
3 5253 5257 5259 
3 5259 5257 5262 
3 4828 4823 4827 
3 4827 4831 4828 
3 4232 4226 4231 
3 4232 4231 4235 
3 4232 4235 4236 
3 5780 5803 5777 
3 5777 5772 5774 
3 5777 5774 5780 
3 3888 3891 3893 
3 3888 3893 3890 
3 3888 3886 3891 
3 5219 5220 5216 
3 5216 5212 5219 
3 652 648 656 
3 1231 1227 1221 
3 1230 1240 1231 
3 1231 1221 1230 
3 1489 1491 1497 
3 1497 1496 1489 
3 2586 2587 2591 
3 3573 3566 3571 
3 3573 3571 3631 
3 384 376 383 
3 1600 606 611 
3 297 298 293 
3 293 287 291 
3 293 291 297 
3 4155 4153 4146 
3 1854 1857 1855 
3 1855 1851 1854 
3 4 9 3 
3 4 10 9 
3 3295 3302 3297 
3 3800 3799 3804 
3 3804 3806 3800 
3 3918 3915 3916 
3 2216 2220 2212 
3 2212 2208 2216 
3 2420 2481 2418 
3 2420 2418 2415 
3 2415 2417 2420 
3 5694 5697 5691 
3 4252 4255 4251 
3 3909 4252 4251 
3 4248 3909 4251 
3 5270 5269 5273 
3 4023 4032 4024 
3 4006 4023 4024 
3 4024 4020 4016 
3 4024 4016 4006 
3 4388 4386 4392 
3 3955 2892 2896 
3 2889 2892 3955 
3 2862 2860 2863 
3 2863 2860 2861 
3 5210 5209 5207 
3 5207 5822 5210 
3 654 656 648 
3 648 644 654 
3 1223 1221 1227 
3 1496 1495 1489 
3 2587 2590 2630 
3 2630 2591 2587 
3 3563 3571 3566 
3 3562 3563 3566 
3 3566 3564 3562 
3 1586 1588 1593 
3 4581 4576 4582 
3 4089 4146 4153 
3 4085 4089 4153 
3 4153 4088 4085 
3 2404 2403 2400 
3 2400 2399 2404 
3 3319 3322 2467 
3 5570 5574 5566 
3 5566 5556 5560 
3 5566 5560 5570 
3 3798 3802 3799 
3 3799 3802 3804 
3 3898 3915 3917 
3 3917 3887 3898 
3 2484 2418 2481 
3 2481 2488 2484 
3 5745 5744 5697 
3 5699 5745 5697 
3 5697 5694 5699 
3 5255 5251 5253 
3 5255 5256 5251 
3 4032 4023 4027 
3 4037 4043 4032 
3 4027 4037 4032 
3 4386 4381 4383 
3 4389 4392 4386 
3 4386 4383 4389 
3 2892 2887 2890 
3 2893 2896 2892 
3 2890 2893 2892 
3 2892 2889 2887 
3 3883 3879 3801 
3 2860 2862 1544 
3 792 2856 2860 
3 1544 792 2860 
3 5204 5205 5209 
3 5209 5205 5207 
3 5209 5211 5204 
3 656 654 659 
3 661 660 656 
3 659 661 656 
3 1240 1230 1237 
3 1237 1255 1240 
3 1484 1489 1495 
3 1495 1492 1484 
3 1746 1745 1743 
3 3571 3648 3645 
3 3571 3563 3648 
3 3645 3631 3571 
3 1588 1586 1585 
3 4576 4575 4580 
3 4580 4582 4576 
3 4083 4085 4088 
3 2399 2401 2404 
3 2486 2494 2490 
3 2490 2483 2486 
3 2486 2482 2494 
3 180 178 185 
3 186 180 185 
3 5555 5560 5556 
3 5556 5549 5555 
3 3915 3898 3903 
3 3903 3911 3915 
3 3915 3911 3916 
3 3336 3328 3334 
3 5744 5745 5751 
3 5751 5750 5744 
3 2016 2018 2020 
3 2020 2017 2016 
3 4252 3909 3906 
3 4717 5249 5256 
3 5256 5249 5251 
3 4713 4717 5256 
3 4023 4006 4000 
3 4023 4000 4027 
3 4381 4378 4379 
3 4379 4383 4381 
3 2889 2886 2887 
3 3877 3873 3874 
3 3877 3874 3879 
3 2862 1546 1545 
3 2862 1545 1544 
3 5205 5204 5201 
3 5200 5207 5205 
3 5205 5201 5200 
3 420 654 644 
3 644 637 424 
3 644 424 420 
3 1273 1268 1255 
3 1255 1237 1273 
3 1608 1599 1607 
3 1607 1629 1610 
3 1607 1610 1608 
3 1607 1634 1629 
3 1599 1601 1607 
3 2656 1130 1134 
3 2649 2653 2656 
3 2656 1134 2649 
3 3563 3655 3652 
3 3563 3652 3648 
3 3563 3562 3558 
3 3563 3558 3655 
3 278 283 289 
3 289 284 278 
3 4554 4580 4575 
3 4231 4229 4234 
3 4238 4235 4231 
3 4234 4238 4231 
3 3331 3300 3338 
3 3339 3331 3338 
3 3338 3340 3343 
3 3338 3343 3339 
3 5799 5797 5796 
3 5799 5796 5795 
3 178 180 176 
3 176 1307 178 
3 5560 5558 5562 
3 5564 5570 5560 
3 5562 5564 5560 
3 5560 5555 5558 
3 3797 3805 3807 
3 3807 3788 3797 
3 3889 3898 3887 
3 3887 3880 3889 
3 2220 2226 2217 
3 2220 2217 2212 
3 2422 2417 2414 
3 3328 3336 3329 
3 3328 3329 3324 
3 5745 5699 5746 
3 5746 5751 5745 
3 2018 2022 2020 
3 3909 4248 3912 
3 3909 3912 3910 
3 4043 4048 4049 
3 4040 4048 4043 
3 4043 4037 4040 
3 4373 4379 4378 
3 3869 3874 3873 
3 3873 3872 3869 
3 5211 5208 5204 
3 5212 5208 5211 
3 658 659 654 
3 654 420 658 
3 2777 2791 2795 
3 2769 2774 2777 
3 2777 2795 2772 
3 2777 2772 2769 
3 1135 1134 1130 
3 1131 1135 1130 
3 1127 1131 1130 
3 2589 2588 2592 
3 2589 2592 2594 
3 2629 2590 2589 
3 2594 2629 2589 
3 1182 1172 1176 
3 1182 1176 1179 
3 1179 1184 1182 
3 367 373 376 
3 376 373 377 
3 377 383 376 
3 292 289 283 
3 4582 4580 4587 
3 4229 4145 4138 
3 4229 4138 4234 
3 3344 3343 3340 
3 4326 4320 4324 
3 4324 4329 4326 
3 180 186 183 
3 180 183 179 
3 177 176 180 
3 179 177 180 
3 3307 3297 3302 
3 3310 3307 3302 
3 1712 1705 1709 
3 3892 3903 3898 
3 3898 3889 3892 
3 2222 2217 2226 
3 2416 2415 2418 
3 2418 2484 2416 
3 3333 3329 3336 
3 3336 3360 3333 
3 5694 5698 5699 
3 5696 5698 5694 
3 5694 5692 5696 
3 2017 2020 2021 
3 2017 2021 2019 
3 4124 3912 4248 
3 4036 4040 4037 
3 4037 4027 4036 
3 4392 4389 4395 
3 4392 4395 4397 
3 3874 3804 3879 
3 3814 3804 3874 
3 3874 3869 3814 
3 5169 5161 5165 
3 5198 5204 5208 
3 5208 5212 5198 
3 637 630 427 
3 427 424 637 
3 2790 2793 2797 
3 2797 2791 2790 
3 2705 2698 2704 
3 2704 2713 2705 
3 2649 2650 2653 
3 2629 2630 2590 
3 3631 3644 3636 
3 3631 3645 3644 
3 373 368 371 
3 371 374 373 
3 373 374 379 
3 373 367 368 
3 379 377 373 
3 607 611 606 
3 606 604 607 
3 4580 4554 4578 
3 4580 4578 4584 
3 4580 4584 4587 
3 4235 4238 4239 
3 4235 4239 4236 
3 3343 3345 3342 
3 3343 3342 3339 
3 3343 3344 3345 
3 4318 4324 4320 
3 4320 4313 4316 
3 4320 4316 4318 
3 3304 3292 3297 
3 3297 3292 3288 
3 3307 3304 3297 
3 1696 1705 1701 
3 1701 1697 1696 
3 3911 3903 3901 
3 3911 3908 3913 
3 3901 3908 3911 
3 3911 3913 3916 
3 2210 2212 2217 
3 2214 2210 2217 
3 2222 2214 2217 
3 2417 2415 2411 
3 2411 2414 2417 
3 3326 3324 3329 
3 3329 3333 3326 
3 5743 5699 5698 
3 4981 5743 5698 
3 5698 5696 4977 
3 4977 4981 5698 
3 4823 4817 4820 
3 4824 4827 4823 
3 4820 4824 4823 
3 5769 5763 5762 
3 5762 5763 5749 
3 5764 5769 5762 
3 5762 5749 5755 
3 5762 5755 5764 
3 5771 5774 5772 
3 5772 5767 5765 
3 5765 5771 5772 
3 3866 3869 3872 
3 3867 3866 3872 
3 5155 5154 5161 
3 5161 5169 5164 
3 5161 5164 5155 
3 5193 5201 5204 
3 5198 5193 5204 
3 630 626 439 
3 439 431 630 
3 431 427 630 
3 2799 2797 2793 
3 2793 2798 2799 
3 2702 2690 2698 
3 2698 2705 2702 
3 2648 2654 2652 
3 2652 2650 2648 
3 2332 2317 2324 
3 2332 2322 2317 
3 2351 2322 2332 
3 1103 1105 1100 
3 1103 1150 1145 
3 1103 1145 1105 
3 362 357 359 
3 359 367 362 
3 1591 611 617 
3 808 812 806 
3 804 808 806 
3 806 800 804 
3 4329 4339 4336 
3 4329 4324 4334 
3 4329 4334 4339 
3 3282 3288 3292 
3 3287 3282 3292 
3 1705 1696 1703 
3 1703 1709 1705 
3 3903 3895 3901 
3 3892 3895 3903 
3 2208 2212 2205 
3 2205 2204 2208 
3 2412 2411 2415 
3 2415 2416 2412 
3 3323 3320 3324 
3 3326 3323 3324 
3 5743 5746 5699 
3 3914 3910 3912 
3 4124 3914 3912 
3 4018 4016 4020 
3 5763 5769 5775 
3 5742 5749 5763 
3 5741 5742 5763 
3 5763 5775 5741 
3 5227 5780 5774 
3 5774 5771 5227 
3 2852 2850 2847 
3 2855 2850 2852 
3 2852 2853 2855 
3 2851 2853 2852 
3 2848 2851 2852 
3 2847 2848 2852 
3 5822 5207 5206 
3 5822 5206 5821 
3 3556 3545 3551 
3 3561 3556 3551 
3 2797 2795 2791 
3 2690 2670 2675 
3 2702 2670 2690 
3 2650 2646 2645 
3 2645 2648 2650 
3 2650 2649 2646 
3 2322 2314 2317 
3 2349 2314 2322 
3 2322 2351 2349 
3 367 359 363 
3 367 363 368 
3 613 617 611 
3 611 607 613 
3 3348 3345 3344 
3 4323 4334 4324 
3 4324 4318 4323 
3 190 183 186 
3 186 192 190 
3 3304 3307 3309 
3 1697 1688 1696 
3 2212 2210 2205 
3 3323 3318 3320 
3 3913 3908 3910 
3 3914 3913 3910 
3 1530 1270 1335 
3 1335 1526 1530 
3 4016 4018 4011 
3 4011 4006 4016 
3 5773 5775 5769 
3 5764 5773 5769 
3 4646 4652 4653 
3 798 2847 2850 
3 797 798 2850 
3 796 797 2850 
3 2850 2855 796 
3 5154 5155 5149 
3 5593 5592 5598 
3 5598 5592 5596 
3 5597 5593 5598 
3 5598 5596 5611 
3 5603 5597 5598 
3 5598 5611 5603 
3 3545 3556 3554 
3 3545 3554 3544 
3 1221 1215 1204 
3 1221 1204 1230 
3 1221 1223 1215 
3 1969 1972 1962 
3 1972 1961 1962 
3 1962 1965 1969 
3 1959 1965 1962 
3 2514 2559 2513 
3 2514 2513 2509 
3 2351 2355 2352 
3 2352 2349 2351 
3 2351 2354 2355 
3 4145 4142 4139 
3 4139 4138 4145 
3 5045 5048 5044 
3 4334 3758 3756 
3 3756 4346 4334 
3 4334 4346 4339 
3 4334 4323 3758 
3 1389 1392 1400 
3 1395 1389 1400 
3 1400 1406 1395 
3 183 190 181 
3 181 179 183 
3 3307 3310 3314 
3 3314 3313 3307 
3 3307 3313 3309 
3 3805 3809 3811 
3 3811 3807 3805 
3 3318 3323 3322 
3 3318 3322 3319 
3 2022 2028 2024 
3 2024 2020 2022 
3 1519 1525 1526 
3 1514 1519 1526 
3 1526 1335 1514 
3 4018 4019 4014 
3 4014 4011 4018 
3 5703 5747 5749 
3 5749 5704 5703 
3 5749 5742 5704 
3 5747 5755 5749 
3 5246 5546 5252 
3 5252 5254 5246 
3 2853 2854 2859 
3 2853 2859 2858 
3 2858 2855 2853 
3 2853 2851 2854 
3 5171 5169 5175 
3 5177 5171 5175 
3 5184 5177 5175 
3 5592 5593 5589 
3 5592 5589 5587 
3 5640 5596 5592 
3 5592 5588 5640 
3 5587 5588 5592 
3 3556 3561 3572 
3 3572 3554 3556 
3 1223 1220 1215 
3 1961 1972 1975 
3 1961 1975 1955 
3 1482 1484 1492 
3 1492 1490 1482 
3 2354 2360 2355 
3 2354 2361 2360 
3 617 613 618 
3 617 618 621 
3 794 793 800 
3 793 804 800 
3 891 897 894 
3 5040 5043 5045 
3 5040 4883 5043 
3 0 1395 1406 
3 3812 3811 3809 
3 3815 3812 3809 
3 3816 3815 3809 
3 3809 3806 3816 
3 4813 4815 4810 
3 4664 4813 4810 
3 3323 3326 3325 
3 3325 3322 3323 
3 2026 2024 2028 
3 3913 3914 3916 
3 1539 1542 1538 
3 1538 1542 1541 
3 1537 1539 1538 
3 1538 1541 1535 
3 1538 1534 1533 
3 1535 1534 1538 
3 1533 1537 1538 
3 4564 4561 4566 
3 4021 4014 4019 
3 5742 5739 5706 
3 5742 5706 5704 
3 5742 5741 5739 
3 5250 5246 5254 
3 5254 5257 5250 
3 5262 5257 5254 
3 2855 2858 2860 
3 2855 2860 2856 
3 2855 2856 796 
3 5171 5164 5169 
3 5590 5589 5593 
3 5593 5597 5594 
3 5594 5590 5593 
3 3561 3565 3574 
3 3561 3574 3572 
3 1214 1215 1220 
3 1220 1224 1218 
3 1220 1218 1214 
3 1966 1969 1965 
3 1965 1959 1966 
3 1499 1498 1501 
3 1501 1498 1490 
3 1967 1970 1966 
3 1964 1967 1966 
3 2816 2818 2814 
3 1582 1585 1586 
3 890 891 888 
3 888 885 890 
3 4883 4881 5043 
3 4314 4318 4316 
3 5791 5795 5796 
3 1674 1679 1678 
3 3814 3816 3806 
3 3806 3804 3814 
3 3383 3382 3376 
3 2020 2024 2023 
3 2023 2021 2020 
3 1542 1539 1772 
3 1542 1772 1767 
3 1543 1541 1542 
3 1767 1543 1542 
3 4868 3254 4871 
3 4871 4872 4868 
3 4875 4872 4871 
3 3998 3994 4006 
3 3994 4000 4006 
3 4006 4011 3998 
3 5755 5747 5750 
3 5750 5757 5755 
3 5757 5764 5755 
3 5253 5250 5257 
3 2849 2854 2851 
3 2846 2849 2851 
3 2851 2848 2846 
3 5162 5155 5164 
3 5164 5171 5172 
3 5172 5162 5164 
3 5585 5587 5589 
3 5586 5585 5589 
3 5589 5590 5586 
3 713 655 710 
3 1959 1960 1964 
3 1964 1966 1959 
3 1959 1906 1904 
3 1959 1904 1960 
3 1498 1499 1488 
3 1488 1490 1498 
3 1167 1161 1164 
3 1170 1172 1167 
3 1164 1170 1167 
3 282 277 284 
3 288 282 284 
3 284 289 288 
3 4554 4522 4578 
3 4137 4139 4142 
3 4142 4144 4137 
3 4318 4314 4315 
3 4318 4315 4319 
3 4319 4323 4318 
3 1651 1647 1656 
3 1654 1651 1656 
3 1656 1661 1660 
3 1656 1660 1654 
3 226 229 227 
3 226 227 222 
3 198 195 192 
3 195 190 192 
3 1683 1679 1684 
3 1684 1685 1683 
3 3731 3734 3730 
3 3723 3728 3731 
3 3730 3727 3731 
3 3731 3727 3723 
3 4815 4813 3352 
3 2210 2214 2209 
3 2203 2205 2210 
3 2209 2203 2210 
3 3379 3376 3382 
3 1540 1772 1539 
3 1537 1540 1539 
3 3254 4863 3260 
3 3254 3260 3258 
3 3254 4868 4863 
3 4817 4811 4812 
3 4817 4812 4816 
3 4819 4820 4817 
3 4817 4816 4819 
3 5778 5741 5775 
3 5779 5778 5775 
3 5775 5773 5779 
3 2843 2846 2848 
3 2848 2847 2845 
3 2848 2845 2843 
3 5152 5149 5155 
3 5162 5157 5155 
3 5155 5157 5152 
3 5620 5611 5596 
3 5596 5640 5620 
3 655 657 703 
3 703 710 655 
3 704 701 707 
3 953 951 949 
3 1499 1494 1487 
3 1487 1488 1499 
3 1499 1500 1494 
3 1061 1164 1161 
3 277 280 276 
3 277 276 274 
3 277 282 280 
3 4519 4522 4524 
3 4245 4239 4238 
3 4234 4241 4238 
3 4238 4241 4245 
3 1840 1823 1825 
3 1825 1823 1820 
3 1825 1835 1840 
3 231 227 229 
3 195 189 190 
3 189 181 190 
3 1679 1676 1684 
3 1679 1674 1676 
3 3735 3730 3734 
3 4813 4664 3356 
3 3356 3352 4813 
3 2211 2209 2214 
3 2215 2211 2214 
3 2222 2215 2214 
3 4944 4764 4768 
3 3144 3147 3142 
3 3144 3150 3147 
3 1768 1767 1772 
3 1769 1768 1772 
3 1777 1769 1772 
3 1779 1777 1772 
3 1781 1779 1772 
3 1772 1540 1781 
3 4867 4868 4872 
3 4875 4874 4872 
3 4872 4874 4873 
3 4872 4873 4867 
3 4000 3994 3990 
3 3990 4027 4000 
3 5736 5738 5741 
3 5741 5738 5739 
3 5740 5736 5741 
3 5741 5778 5740 
3 4606 4603 4607 
3 4613 4643 4606 
3 4606 4607 4613 
3 2904 2902 2909 
3 5177 5172 5171 
3 5604 5600 5597 
3 5597 5603 5604 
3 5600 5594 5597 
3 2774 2769 2771 
3 2709 2705 2713 
3 2713 2727 2720 
3 2713 2720 2715 
3 2713 2715 2709 
3 1478 1482 1490 
3 1490 1488 1478 
3 1978 1985 1983 
3 1978 1973 1981 
3 1978 1981 1985 
3 285 280 282 
3 282 288 285 
3 4514 4578 4522 
3 4519 4514 4522 
3 4243 4236 4239 
3 4245 4243 4239 
3 1841 1840 1835 
3 1843 1841 1835 
3 227 231 230 
3 223 222 227 
3 224 223 227 
3 230 228 227 
3 227 228 224 
3 1308 1305 1303 
3 1303 1306 1308 
3 1685 1684 1689 
3 3716 3737 3733 
3 3733 3728 3716 
3 3391 3356 4664 
3 5380 5395 5394 
3 3150 3180 3186 
3 3150 3186 3147 
3 1264 1535 1541 
3 1541 1543 1258 
3 1541 1258 1264 
3 4868 4867 4864 
3 4868 4864 4863 
3 4027 3990 3989 
3 3989 4036 4027 
3 5784 5740 5778 
3 5778 5779 5783 
3 5778 5783 5784 
3 4603 4602 4604 
3 4603 4604 4608 
3 4603 4599 4602 
3 4608 4607 4603 
3 2902 2895 2903 
3 2903 2909 2902 
3 5611 5620 5618 
3 5611 5618 5610 
3 5610 5603 5611 
3 699 703 657 
3 657 660 699 
3 2797 2803 2795 
3 2803 2806 2795 
3 2795 2806 2802 
3 2802 2772 2795 
3 2705 2707 2702 
3 2705 2709 2707 
3 1134 1135 1137 
3 1134 1137 2649 
3 1974 1976 1973 
3 1976 1981 1973 
3 1973 1970 1974 
3 1170 1176 1172 
3 295 288 289 
3 289 292 295 
3 4241 4234 4237 
3 4244 4245 4241 
3 4241 4237 4242 
3 4242 4244 4241 
3 1666 1660 1661 
3 233 230 231 
3 3728 3723 3717 
3 3728 3717 3716 
3 2218 2213 2215 
3 2200 2199 2204 
3 2205 2200 2204 
3 3170 3177 3174 
3 2273 2019 2021 
3 2021 2023 2273 
3 1531 1533 1534 
3 1534 1532 1531 
3 1535 1532 1534 
3 5313 5307 5445 
3 5445 5318 5313 
3 5445 5442 5318 
3 4808 4804 4809 
3 4812 4811 4808 
3 4809 4812 4808 
3 5776 5781 5773 
3 5781 5779 5773 
3 5773 5770 5776 
3 5764 5770 5773 
3 4594 4592 4597 
3 4597 4599 4594 
3 2909 2903 2911 
3 2909 2911 2915 
3 2915 2913 2909 
3 3424 3420 3418 
3 3418 3420 3416 
3 3422 3424 3418 
3 3418 3416 3410 
3 3410 3414 3418 
3 3418 3414 3422 
3 5603 5610 5604 
3 710 703 707 
3 2806 2803 2808 
3 2806 2808 2811 
3 2806 2811 2810 
3 2810 2802 2806 
3 953 955 951 
3 1139 1137 1135 
3 1135 1136 1139 
3 1132 1136 1135 
3 1135 1131 1132 
3 1981 1976 1980 
3 1981 1980 1982 
3 1981 1982 1985 
3 1176 1170 1177 
3 1177 1179 1176 
3 288 295 294 
3 291 285 288 
3 294 291 288 
3 294 297 291 
3 4133 4234 4138 
3 4138 4139 4134 
3 4138 4134 4132 
3 4132 4133 4138 
3 4310 4315 4314 
3 1660 1666 1664 
3 1660 1664 1659 
3 1659 1654 1660 
3 222 223 216 
3 1307 1309 1306 
3 1306 1309 1308 
3 2213 2160 2162 
3 2162 2211 2213 
3 2213 2211 2215 
3 2199 2200 2196 
3 2199 2196 2194 
3 5751 5746 5753 
3 2273 2285 2019 
3 2019 2285 2297 
3 1525 1531 1532 
3 1532 1530 1526 
3 1532 1526 1525 
3 1532 1535 1530 
3 5436 5318 5442 
3 5442 5438 5437 
3 5442 5437 5436 
3 5779 5781 5785 
3 5785 5783 5779 
3 4592 4508 4505 
3 4592 4505 4504 
3 4504 4597 4592 
3 4592 4584 4508 
3 4587 4584 4592 
3 2913 2915 2919 
3 3420 3424 3426 
3 3415 3416 3420 
3 3419 3415 3420 
3 3420 3426 3423 
3 3420 3423 3419 
3 5653 5651 5588 
3 5651 5640 5588 
3 5588 5587 5584 
3 5588 5584 5653 
3 704 707 703 
3 703 699 704 
3 2767 2769 2772 
3 2772 2770 2767 
3 2802 2770 2772 
3 955 953 959 
3 955 959 960 
3 955 960 958 
3 1141 1140 1137 
3 1139 1141 1137 
3 1140 2649 1137 
3 1970 1971 1974 
3 1970 1967 1971 
3 1170 1164 1166 
3 1170 1166 1168 
3 1173 1177 1170 
3 1168 1173 1170 
3 292 302 295 
3 292 366 307 
3 292 307 302 
3 821 825 827 
3 827 825 832 
3 4133 4237 4234 
3 4315 4310 4312 
3 3767 4319 4315 
3 4312 3767 4315 
3 1659 1653 1654 
3 223 224 220 
3 223 220 216 
3 3727 3730 3726 
3 3720 3723 3727 
3 3727 3726 3724 
3 3724 3720 3727 
3 2200 2205 2195 
3 2195 2196 2200 
3 3325 3326 3333 
3 1270 1530 1535 
3 1535 1264 1270 
3 4874 4875 4877 
3 4877 4880 4874 
3 4874 4880 4879 
3 4874 4879 4873 
3 4812 4809 4810 
3 4812 4810 4815 
3 4815 4816 4812 
3 5768 5776 5770 
3 5770 5764 5768 
3 4599 4597 4602 
3 3424 3422 3431 
3 3428 3426 3424 
3 3431 3428 3424 
3 5637 5620 5640 
3 5640 5651 5645 
3 5640 5645 5637 
3 668 699 660 
3 660 661 663 
3 660 663 668 
3 2767 2766 2769 
3 2766 2771 2769 
3 1138 1139 1136 
3 1136 1132 1138 
3 2385 2365 2382 
3 2382 2380 2386 
3 2382 2386 2389 
3 2382 2389 2385 
3 1061 1166 1164 
3 2136 2132 2133 
3 386 390 383 
3 383 381 386 
3 377 381 383 
3 604 601 605 
3 608 607 604 
3 604 605 608 
3 825 821 828 
3 828 832 825 
3 4137 4134 4139 
3 5065 5060 5110 
3 3281 3278 3282 
3 3282 3287 3281 
3 3730 3735 3732 
3 3730 3732 3726 
3 4633 4638 4637 
3 4632 4633 4637 
3 2205 2203 2185 
3 2185 2195 2205 
3 3369 3376 3373 
3 2281 2293 2285 
3 2285 2273 2274 
3 2285 2274 2281 
3 2293 2297 2285 
3 1543 1767 1763 
3 1543 1763 1249 
3 1253 1258 1543 
3 1249 1253 1543 
3 4876 4877 4875 
3 5297 5302 5293 
3 5760 5768 5764 
3 5764 5757 5760 
3 4597 4504 4598 
3 4597 4598 4602 
3 5097 5092 5095 
3 5100 5097 5095 
3 5095 5096 5100 
3 3409 3410 3416 
3 3416 3415 3409 
3 5587 5585 5583 
3 5583 5584 5587 
3 698 704 699 
3 668 698 699 
3 2770 2768 2765 
3 2764 2767 2770 
3 2765 2764 2770 
3 2770 2810 2768 
3 2770 2802 2810 
3 962 960 959 
3 959 963 966 
3 959 966 962 
3 1128 1132 1131 
3 1127 1128 1131 
3 2361 2365 2360 
3 1163 1168 1166 
3 1166 1061 1163 
3 2128 2131 2132 
3 2132 2129 2127 
3 2132 2127 2128 
3 381 379 386 
3 381 377 379 
3 595 605 601 
3 601 597 594 
3 601 594 595 
3 4134 4137 4131 
3 4129 4132 4134 
3 4131 4129 4134 
3 5061 5110 5060 
3 5057 5061 5060 
3 5541 5550 5549 
3 5549 5550 5555 
3 3718 3717 3723 
3 3720 3718 3723 
3 4638 3407 3404 
3 4634 3407 4638 
3 4638 4633 4634 
3 3379 3373 3376 
3 1768 1763 1767 
3 4880 4877 4882 
3 4880 4884 4887 
3 4882 4884 4880 
3 4887 4879 4880 
3 4004 3998 4011 
3 4011 4010 4004 
3 4014 4010 4011 
3 5783 5785 5787 
3 5783 5787 5784 
3 3967 3965 3963 
3 5096 5098 5100 
3 3414 3410 3408 
3 3414 3411 3417 
3 3408 3411 3414 
3 3417 3422 3414 
3 5581 5583 5585 
3 5585 5586 5581 
3 960 962 961 
3 961 958 960 
3 1133 1138 1132 
3 1132 1128 1133 
3 2365 2363 2360 
3 2365 2385 2363 
3 1187 1190 1184 
3 1183 1187 1184 
3 1184 1179 1183 
3 2121 2130 2134 
3 2134 2138 2116 
3 2116 2121 2134 
3 4578 4514 4509 
3 4509 4584 4578 
3 5550 5541 5547 
3 5550 5547 5553 
3 5553 5555 5550 
3 3710 3716 3717 
3 3717 3718 3714 
3 3717 3714 3710 
3 3413 3412 3407 
3 3406 3404 3407 
3 3412 3406 3407 
3 3407 4634 3413 
3 4925 4932 4930 
3 1759 1249 1763 
3 1758 1759 1763 
3 1764 1758 1763 
3 1763 1768 1764 
3 4877 4876 4882 
3 4001 4004 4010 
3 4010 4009 4003 
3 4003 4001 4010 
3 4010 4014 4009 
3 4641 4646 4643 
3 4643 4613 4641 
3 5101 5100 5098 
3 5103 5101 5098 
3 5098 5099 5103 
3 3396 3400 3410 
3 3400 3408 3410 
3 3410 3409 3396 
3 5660 5653 5584 
3 5582 5660 5584 
3 5584 5583 5582 
3 3577 3574 3565 
3 3565 3569 3577 
3 3567 3569 3565 
3 5811 5810 5805 
3 2740 2727 2734 
3 2734 2742 2740 
3 1128 1125 1122 
3 1129 1133 1128 
3 1128 1122 1129 
3 1128 1127 1125 
3 2380 2377 2381 
3 2387 2386 2380 
3 2381 2387 2380 
3 1190 1187 1192 
3 2123 2129 2130 
3 2130 2121 2123 
3 2747 2748 2751 
3 2751 2754 2747 
3 4511 4509 4514 
3 4514 4519 4516 
3 4514 4516 4511 
3 5555 5553 5558 
3 3403 3401 3404 
3 3404 3406 3403 
3 5746 5743 5748 
3 5752 5753 5746 
3 5748 5752 5746 
3 1768 1769 1764 
3 4888 4887 4884 
3 4885 4888 4884 
3 4882 4885 4884 
3 4014 4021 4017 
3 4014 4017 4013 
3 4014 4013 4009 
3 4649 4655 4652 
3 4644 4649 4652 
3 4652 4646 4641 
3 4652 4641 4644 
3 5025 5027 5029 
3 5029 5031 5025 
3 5025 5022 5027 
3 3411 3412 3417 
3 3405 3406 3411 
3 3411 3406 3412 
3 3411 3408 3405 
3 5590 5594 5591 
3 5591 5586 5590 
3 3583 3581 3574 
3 3574 3577 3583 
3 3581 3572 3574 
3 2740 2733 2727 
3 2726 2720 2727 
3 2733 2726 2727 
3 2378 2381 2377 
3 2375 2378 2377 
3 1288 1192 1187 
3 1187 1183 1294 
3 1294 1288 1187 
3 2974 2981 2978 
3 2138 2146 2140 
3 2138 2140 2116 
3 4519 4517 4516 
3 4261 4267 4243 
3 4243 4245 4261 
3 228 230 232 
3 228 225 224 
3 232 225 228 
3 3735 3788 3732 
3 3405 3403 3406 
3 2485 2484 2488 
3 2489 2485 2488 
3 2491 2489 2488 
3 5743 4981 4985 
3 4985 5748 5743 
3 2275 2281 2274 
3 1766 1764 1769 
3 1774 1766 1769 
3 1769 1777 1774 
3 4886 4878 4879 
3 4879 4878 4873 
3 4887 4886 4879 
3 5064 5068 5067 
3 5031 5064 5067 
3 3408 3400 3405 
3 3578 3577 3569 
3 3568 3576 3569 
3 3569 3576 3578 
3 3569 3567 3568 
3 5821 5823 5819 
3 1590 1601 1596 
3 1590 1596 1589 
3 1589 1573 1590 
3 2649 1140 2646 
3 2591 2630 2636 
3 2591 2636 1216 
3 1192 1288 1279 
3 1279 1198 1192 
3 2154 2151 2146 
3 2151 2140 2146 
3 835 838 832 
3 832 828 835 
3 5110 5061 5062 
3 5110 5062 3088 
3 3088 5116 5110 
3 230 233 235 
3 235 232 230 
3 4633 4629 4630 
3 4633 4630 4631 
3 4633 4632 4629 
3 4631 4634 4633 
3 2484 2485 2416 
3 5753 5752 5756 
3 1778 1774 1777 
3 1783 1778 1777 
3 1777 1779 1783 
3 4878 4886 4869 
3 4869 4873 4878 
3 4015 4013 4017 
3 4608 4613 4607 
3 5066 5099 5068 
3 5068 5064 5066 
3 3422 3417 3439 
3 3422 3439 3438 
3 3438 3431 3422 
3 5586 5591 5526 
3 5586 5526 5529 
3 5533 5581 5586 
3 5529 5533 5586 
3 3564 3568 3567 
3 5804 5805 5810 
3 5806 5804 5810 
3 2721 2715 2720 
3 2720 2726 2721 
3 1488 1487 1466 
3 1466 1478 1488 
3 1967 1963 1968 
3 1968 1971 1967 
3 1967 1964 1963 
3 1181 1183 1179 
3 1177 1181 1179 
3 2139 2108 2140 
3 2151 2139 2140 
3 2108 2116 2140 
3 1870 1869 1850 
3 838 835 842 
3 5061 5057 5058 
3 5061 5058 5062 
3 214 224 225 
3 225 232 203 
3 205 214 225 
3 203 205 225 
3 3310 3327 3321 
3 3310 3321 3314 
3 2485 2489 1802 
3 2413 2416 2485 
3 1802 2413 2485 
3 2305 2310 2303 
3 2298 2305 2303 
3 2303 2301 2298 
3 1784 1783 1779 
3 1779 1781 1784 
3 4886 4893 4890 
3 4886 4890 4870 
3 4886 4870 4869 
3 4886 4887 4889 
3 4886 4889 4893 
3 4613 4608 4612 
3 4613 4612 4627 
3 4613 4627 4636 
3 4636 4641 4613 
3 5099 5105 5103 
3 5099 5066 5105 
3 3415 3419 3387 
3 3387 3409 3415 
3 661 659 662 
3 665 663 661 
3 662 665 661 
3 2715 2721 2714 
3 2714 2710 2715 
3 2710 2709 2715 
3 1893 1894 1901 
3 1901 1896 1893 
3 1894 1900 1901 
3 1299 1294 1183 
3 1181 1299 1183 
3 1869 1865 1850 
3 1873 1865 1869 
3 214 220 224 
3 4631 3413 4634 
3 2489 1792 1795 
3 1795 1802 2489 
3 2489 2491 1792 
3 2301 2297 2298 
3 1536 1781 1540 
3 1540 1537 1536 
3 4887 4888 4891 
3 4891 4889 4887 
3 1699 1694 1698 
3 1700 1702 1699 
3 1698 1700 1699 
3 1699 1695 1694 
3 5059 5066 5064 
3 5034 5059 5064 
3 5064 5031 5034 
3 3427 3423 3426 
3 3426 3428 3429 
3 3426 3429 3427 
3 659 658 662 
3 5804 5802 5799 
3 2728 2721 2726 
3 2733 2728 2726 
3 1890 1893 1896 
3 1886 1890 1896 
3 1896 1885 1886 
3 2630 2629 2635 
3 2635 2636 2630 
3 1286 1279 1288 
3 1288 1294 1292 
3 1292 1286 1288 
3 607 608 613 
3 4257 4261 4245 
3 4245 4244 4250 
3 4245 4250 4257 
3 4368 4372 4371 
3 4371 4370 4368 
3 4372 4376 4371 
3 220 209 216 
3 220 214 209 
3 1309 1307 1310 
3 3327 3334 3328 
3 3328 3321 3327 
3 2491 2493 2495 
3 2491 2495 1786 
3 2491 1786 1792 
3 1781 1536 1788 
3 1781 1788 1784 
3 4873 4869 4866 
3 4873 4866 4867 
3 4831 4827 4829 
3 4832 4836 4831 
3 4829 4832 4831 
3 1695 1693 1694 
3 5063 5105 5066 
3 5066 5059 5063 
3 3425 3421 3423 
3 3421 3419 3423 
3 3423 3427 3425 
3 5212 5216 5190 
3 5190 5198 5212 
3 669 668 663 
3 663 665 669 
3 2709 2710 2707 
3 1900 1894 1895 
3 1900 1895 1899 
3 1899 1902 1900 
3 2594 2631 2629 
3 2629 2631 2634 
3 2634 2635 2629 
3 2276 2275 2270 
3 605 602 610 
3 610 608 605 
3 605 595 602 
3 885 883 884 
3 886 890 885 
3 884 886 885 
3 4370 4364 4366 
3 4366 4368 4370 
3 238 235 233 
3 176 1310 1307 
3 3321 3328 3324 
3 3321 3324 3320 
3 3317 3314 3321 
3 3320 3317 3321 
3 3356 3353 3352 
3 3352 3353 3350 
3 2414 2411 2407 
3 1537 1533 1536 
3 4876 3184 4881 
3 4881 4882 4876 
3 4824 4829 4827 
3 1693 1691 1694 
3 3419 3421 3384 
3 3384 3387 3419 
3 1278 1331 1274 
3 665 662 667 
3 667 669 665 
3 2742 2763 2749 
3 2742 2749 2740 
3 1909 1915 1911 
3 1909 1911 1881 
3 1881 1885 1909 
3 1280 1273 1279 
3 1279 1286 1280 
3 3217 3218 3212 
3 3217 3226 3223 
3 3217 3223 3218 
3 614 613 608 
3 610 614 608 
3 4130 4242 4237 
3 4237 4133 4130 
3 4372 4435 4376 
3 5058 5053 3163 
3 3160 5062 5058 
3 3163 3160 5058 
3 201 203 232 
3 232 235 239 
3 237 201 232 
3 239 237 232 
3 3313 3314 3317 
3 3313 3317 3315 
3 3315 3309 3313 
3 3810 3732 3788 
3 3788 3808 3810 
3 3807 3808 3788 
3 3353 3356 3355 
3 3349 3350 3353 
3 3355 3349 3353 
3 2505 2502 2507 
3 2509 2505 2507 
3 5033 4892 4888 
3 5037 5033 4888 
3 4888 4885 5037 
3 4892 4891 4888 
3 4844 4850 4845 
3 4838 4844 4845 
3 4845 4839 4838 
3 4385 4389 4383 
3 4377 4385 4383 
3 4383 4379 4377 
3 5029 5034 5031 
3 3435 3434 3428 
3 3428 3431 3435 
3 3434 3429 3428 
3 1331 1284 1329 
3 1331 1278 1284 
3 1336 1337 1331 
3 1329 1336 1331 
3 1260 1262 1266 
3 972 966 963 
3 1883 1886 1885 
3 1879 1883 1885 
3 1877 1879 1885 
3 1885 1881 1877 
3 1294 1299 1297 
3 1297 1292 1294 
3 3247 3253 3255 
3 3250 3244 3247 
3 3247 3255 3250 
3 347 360 356 
3 356 353 347 
3 4246 4250 4244 
3 4242 4246 4244 
3 4435 4372 4438 
3 4438 4437 4435 
3 5053 5048 5049 
3 5053 5049 3165 
3 3165 3163 5053 
3 214 205 209 
3 1310 176 173 
3 3729 3726 3732 
3 3810 3729 3732 
3 3356 3359 3355 
3 3356 3391 3359 
3 563 558 564 
3 2501 2497 2502 
3 2502 2505 2501 
3 2293 2298 2297 
3 4883 5037 4885 
3 4885 4882 4883 
3 4839 4836 4838 
3 4389 4385 4390 
3 4390 4395 4389 
3 5034 5029 5035 
3 3438 3435 3431 
3 5202 5206 5207 
3 5207 5200 5202 
3 1558 1564 1562 
3 968 962 966 
3 973 968 966 
3 966 972 973 
3 1508 1345 1493 
3 1493 1500 1508 
3 1193 1157 1188 
3 1188 1191 1193 
3 1303 1302 1299 
3 1299 1178 1303 
3 1299 1181 1178 
3 1302 1297 1299 
3 3231 3239 3232 
3 3231 3244 3239 
3 3232 3226 3231 
3 347 339 360 
3 337 364 360 
3 339 337 360 
3 4513 4516 4517 
3 4253 4257 4250 
3 4250 4246 4253 
3 4438 4440 4437 
3 4440 4439 4437 
3 5062 3160 3089 
3 3089 3088 5062 
3 205 200 199 
3 199 209 205 
3 205 203 200 
3 3320 3315 3317 
3 3726 3729 3725 
3 3721 3724 3726 
3 3722 3721 3726 
3 3726 3725 3722 
3 3350 3349 3348 
3 5375 5393 5395 
3 5395 5380 5375 
3 2506 2501 2505 
3 2505 2508 2506 
3 2505 2509 2508 
3 4983 4985 4981 
3 4889 4898 4893 
3 4895 4898 4889 
3 4889 4891 4895 
3 4382 4393 4385 
3 4385 4377 4382 
3 4393 4390 4385 
3 2884 2888 2890 
3 3409 3388 3396 
3 3409 3387 3388 
3 5206 5823 5821 
3 5206 5202 5203 
3 1569 1562 1564 
3 1590 1569 1564 
3 1564 1604 1598 
3 1564 1598 1590 
3 1346 1493 1345 
3 1191 1188 1186 
3 1186 1189 1191 
3 1181 1177 1178 
3 3244 3250 3245 
3 3244 3245 3239 
3 591 590 597 
3 597 590 594 
3 4516 4513 4511 
3 4249 4253 4246 
3 4247 4249 4246 
3 4440 4488 4439 
3 3160 3163 3158 
3 3158 3089 3160 
3 203 201 196 
3 203 196 200 
3 3729 3817 3818 
3 3729 3810 3817 
3 3818 3725 3729 
3 3349 3355 3351 
3 5359 5375 5380 
3 5380 5371 5359 
3 2512 2508 2509 
3 4892 4895 4891 
3 4694 4566 4569 
3 4569 4693 4694 
3 4373 4377 4379 
3 4927 4922 4928 
3 4933 4927 4928 
3 4881 4883 4882 
3 3554 2787 2785 
3 3572 2787 3554 
3 2785 3544 3554 
3 2031 1011 2035 
3 1011 1009 2035 
3 1500 1493 1494 
3 1153 1157 1151 
3 1147 1153 1151 
3 1151 1146 1147 
3 1206 1146 1151 
3 1177 1173 1178 
3 3232 3228 3226 
3 3228 3223 3226 
3 353 351 348 
3 353 348 347 
3 2222 2230 2225 
3 2225 2221 2222 
3 2223 2221 2225 
3 3163 3165 3161 
3 3161 3158 3163 
3 241 239 235 
3 176 177 173 
3 3813 3810 3808 
3 3808 3807 3813 
3 5371 5361 5359 
3 5368 5361 5371 
3 4276 4280 4284 
3 4273 4280 4276 
3 4284 4278 4276 
3 4276 4278 4240 
3 4243 4273 4276 
3 4276 4240 4243 
3 4835 4838 4836 
3 4836 4832 4835 
3 4375 4382 4377 
3 4374 4375 4377 
3 4377 4373 4374 
3 4916 4914 4922 
3 4922 4927 4924 
3 4924 4916 4922 
3 5193 5194 5201 
3 5201 5194 5200 
3 2787 3580 2789 
3 2787 2789 2788 
3 2788 2784 2787 
3 2784 2785 2787 
3 2787 3572 3580 
3 1007 1009 1013 
3 1013 1008 1007 
3 1485 1494 1493 
3 1350 1485 1493 
3 1493 1346 1350 
3 2386 2387 2391 
3 2391 2389 2386 
3 1173 1168 1169 
3 1175 1178 1173 
3 1169 1175 1173 
3 3228 3225 3223 
3 3223 3225 3222 
3 3223 3222 3218 
3 364 307 366 
3 2222 2233 2230 
3 2856 792 796 
3 762 753 756 
3 756 766 762 
3 3810 3813 3817 
3 2406 2407 2411 
3 2411 2412 2408 
3 2411 2408 2406 
3 4279 4286 4280 
3 4280 4286 4284 
3 4273 4279 4280 
3 4830 4835 4832 
3 4832 4829 4830 
3 4364 4374 4373 
3 4349 4364 4373 
3 5148 5147 5144 
3 5148 5149 5147 
3 5194 5186 5183 
3 5194 5183 5189 
3 5189 5195 5194 
3 5194 5193 5186 
3 5195 5200 5194 
3 2785 2781 3544 
3 1011 1013 1009 
3 2387 2381 2388 
3 2396 2391 2387 
3 2388 2396 2387 
3 1061 1055 1163 
3 307 308 302 
3 307 364 313 
3 307 313 308 
3 2221 2218 2215 
3 2221 2223 2218 
3 2221 2215 2222 
3 790 796 792 
3 792 789 790 
3 792 1544 789 
3 1111 1116 1112 
3 1112 1109 1111 
3 3392 3359 3391 
3 3391 3394 3392 
3 2176 2185 2203 
3 2203 2209 2172 
3 2172 2176 2203 
3 5632 5635 5633 
3 5630 5632 5633 
3 5754 5756 5752 
3 5752 5748 5754 
3 4286 4279 4294 
3 4291 4284 4286 
3 4286 4294 4292 
3 4286 4292 4291 
3 4829 4825 4830 
3 4829 4824 4825 
3 1256 1245 1260 
3 1260 1261 1256 
3 1256 1247 1245 
3 4641 4636 4639 
3 4639 4644 4641 
3 4927 4935 4932 
3 4933 4935 4927 
3 4932 4924 4927 
3 5149 5152 5147 
3 5193 5198 5188 
3 5193 5188 5186 
3 2781 2784 2780 
3 2780 2778 2781 
3 2781 2785 2784 
3 2778 2776 2781 
3 1599 1596 1601 
3 2614 2606 2610 
3 2616 2614 2610 
3 2384 2388 2381 
3 2378 2384 2381 
3 364 337 313 
3 2223 2069 2218 
3 1544 1547 789 
3 201 237 163 
3 201 163 196 
3 172 173 177 
3 177 179 175 
3 175 172 177 
3 3718 3720 3715 
3 3718 3715 3714 
3 2187 2194 2196 
3 2195 2187 2196 
3 5635 5629 5634 
3 5635 5634 5641 
3 5635 5632 5629 
3 5748 4985 5754 
3 4279 4273 4275 
3 4279 4275 4294 
3 1266 1263 1261 
3 1261 1260 1266 
3 4903 4906 4909 
3 3387 3384 3382 
3 3382 3388 3387 
3 5200 5195 5197 
3 5197 5202 5200 
3 1592 1589 1596 
3 1596 1599 1592 
3 2600 2599 2596 
3 2606 2599 2600 
3 2389 2391 2394 
3 2389 2394 2390 
3 2390 2385 2389 
3 3020 3024 3025 
3 3025 3024 3030 
3 2818 2816 2822 
3 2822 2826 2818 
3 2818 2826 2820 
3 2838 2840 2834 
3 2834 2830 2838 
3 337 327 314 
3 337 339 327 
3 314 313 337 
3 2222 2226 2233 
3 4133 4132 4130 
3 5116 3088 3082 
3 3082 5120 5116 
3 160 163 237 
3 243 160 237 
3 239 243 237 
3 3315 3311 3309 
3 3720 3724 3721 
3 3719 3715 3720 
3 3721 3719 3720 
3 3394 3398 3395 
3 3395 3392 3394 
3 5632 5627 5629 
3 5632 5630 5627 
3 4985 4989 5754 
3 4985 4983 4987 
3 4985 4987 4989 
3 4278 4230 4233 
3 4278 4281 4230 
3 4284 4281 4278 
3 4233 4240 4278 
3 4007 4009 4013 
3 4012 4007 4013 
3 4393 4427 4395 
3 4400 4397 4395 
3 4427 4400 4395 
3 4395 4390 4393 
3 4903 4902 4906 
3 5157 5162 5158 
3 5153 5152 5157 
3 5157 5158 5153 
3 5197 5199 5202 
3 419 420 424 
3 423 419 424 
3 427 423 424 
3 1013 1012 1008 
3 2593 2596 2599 
3 2595 2593 2599 
3 2604 2595 2599 
3 2599 2606 2604 
3 2401 2399 2391 
3 2399 2394 2391 
3 2391 2396 2401 
3 2129 2123 2125 
3 2125 2127 2129 
3 3024 3020 3019 
3 3028 3030 3024 
3 3027 3028 3024 
3 3024 3019 3022 
3 3022 3027 3024 
3 2827 2820 2826 
3 2834 2829 2830 
3 313 314 308 
3 163 165 184 
3 160 159 163 
3 184 196 163 
3 181 175 179 
3 3311 3315 3316 
3 2187 2195 2181 
3 2187 2181 2180 
3 4281 4282 4230 
3 4285 4282 4281 
3 4281 4284 4285 
3 4916 4924 4925 
3 5162 5172 5166 
3 5162 5166 5158 
3 5198 5190 5182 
3 5182 5188 5198 
3 420 419 417 
3 417 658 420 
3 1896 1901 1907 
3 1907 1908 1896 
3 1901 1905 1907 
3 1346 1348 1350 
3 1346 1344 1348 
3 2393 2390 2394 
3 2397 2393 2394 
3 2400 2397 2394 
3 2399 2400 2394 
3 2121 2106 2111 
3 2121 2116 2106 
3 2111 2117 2121 
3 2121 2117 2123 
3 3018 3015 3020 
3 3017 3019 3020 
3 3015 3017 3020 
3 2827 2817 2820 
3 833 2825 2829 
3 2829 2834 833 
3 590 591 588 
3 584 587 590 
3 590 588 584 
3 587 594 590 
3 159 160 158 
3 159 158 157 
3 3315 3320 3318 
3 3318 3316 3315 
3 3715 3665 3705 
3 3715 3656 3665 
3 3719 3656 3715 
3 3705 3714 3715 
3 2185 2181 2195 
3 2416 2413 2412 
3 4284 4290 4285 
3 4284 4291 4290 
3 4824 4820 4822 
3 4824 4822 4825 
3 5332 5319 5325 
3 5367 5365 5369 
3 5369 5372 5367 
3 4924 4932 4925 
3 5172 5176 5170 
3 5183 5176 5172 
3 5170 5166 5172 
3 5172 5177 5183 
3 5188 5182 5178 
3 5178 5186 5188 
3 419 423 418 
3 419 416 417 
3 418 416 419 
3 1885 1896 1908 
3 1908 1909 1885 
3 1344 1343 1348 
3 2396 2419 2409 
3 2396 2409 2401 
3 2396 2388 2419 
3 2116 2108 2106 
3 3030 3028 3033 
3 3030 3033 3094 
3 2817 2823 2819 
3 2817 2827 2823 
3 587 595 594 
3 843 842 835 
3 841 843 835 
3 4323 4319 3758 
3 160 243 158 
3 3316 3318 3319 
3 3660 3665 3656 
3 3654 3660 3656 
3 3649 3654 3656 
3 3656 3719 3649 
3 2174 2180 2181 
3 2181 2177 2174 
3 2181 2185 2177 
3 2413 1802 1806 
3 2410 2412 2413 
3 4990 4995 4989 
3 4989 4987 4990 
3 4267 4270 4273 
3 4273 4243 4267 
3 4270 4275 4273 
3 4821 4822 4820 
3 4819 4821 4820 
3 4400 4427 4426 
3 5365 5360 5362 
3 5366 5369 5365 
3 5362 5366 5365 
3 5365 5364 5360 
3 5767 5761 5765 
3 5166 5170 5163 
3 5163 5158 5166 
3 1337 1336 1340 
3 1340 1341 1337 
3 423 429 426 
3 426 422 423 
3 423 427 429 
3 422 418 423 
3 1901 1906 1905 
3 2606 2611 2604 
3 2614 2611 2606 
3 2388 2426 2419 
3 2388 2384 2426 
3 1280 1277 1273 
3 2113 2118 2117 
3 2117 2111 2113 
3 2118 2123 2117 
3 3034 3033 3028 
3 3032 3034 3028 
3 3028 3027 3032 
3 2828 2823 2827 
3 2833 2828 2827 
3 585 602 595 
3 595 587 586 
3 595 586 585 
3 846 887 842 
3 842 843 846 
3 5399 5410 5407 
3 5407 5403 5397 
3 5407 5397 5399 
3 196 184 193 
3 196 193 200 
3 3257 3250 3255 
3 3643 3649 3719 
3 3719 3721 3643 
3 2185 2176 2177 
3 2410 2408 2412 
3 4240 4233 4236 
3 4240 4236 4243 
3 4815 4819 4816 
3 1247 1239 1245 
3 1247 1242 1239 
3 5766 5073 5771 
3 5771 5765 5766 
3 5073 5227 5771 
3 5189 5183 5177 
3 5177 5184 5189 
3 1336 1329 1332 
3 1332 1340 1336 
3 431 429 427 
3 1901 1904 1906 
3 2625 2604 2611 
3 2611 2622 2625 
3 2611 2614 2622 
3 2429 2426 2384 
3 2383 2429 2384 
3 2384 2378 2383 
3 2118 2125 2123 
3 3019 3014 3022 
3 3017 3014 3019 
3 614 618 613 
3 843 841 847 
3 847 846 843 
3 3087 3082 3088 
3 3088 3089 3087 
3 243 239 241 
3 175 171 172 
3 3250 3257 3245 
3 3714 3705 3710 
3 5354 5359 5361 
3 5358 5354 5361 
3 5363 5358 5361 
3 5361 5368 5363 
3 4271 4277 4275 
3 4270 4271 4275 
3 4297 4294 4275 
3 4277 4297 4275 
3 4822 4821 4825 
3 1242 1235 1234 
3 1238 1235 1242 
3 1242 1234 1239 
3 5023 5026 5028 
3 5023 5028 5027 
3 5027 5022 5023 
3 5023 4902 5026 
3 5191 5189 5184 
3 5187 5191 5184 
3 1346 1345 1341 
3 1344 1346 1341 
3 1341 1340 1344 
3 1902 1960 1904 
3 1904 1901 1900 
3 1904 1900 1902 
3 2614 2616 2622 
3 2373 2379 2378 
3 2378 2379 2383 
3 2375 2373 2378 
3 3021 3022 3014 
3 3009 3021 3014 
3 3014 3012 3006 
3 3014 3006 3009 
3 3014 3017 3012 
3 901 2747 2754 
3 2754 900 901 
3 4129 4131 4123 
3 4319 3763 3758 
3 4319 3767 3763 
3 3077 5125 5120 
3 5120 3082 3077 
3 155 157 158 
3 171 175 174 
3 3268 3245 3257 
3 3721 3722 3643 
3 5370 5363 5368 
3 5368 5374 5370 
3 4294 4300 4301 
3 4294 4297 4300 
3 4301 4292 4294 
3 3344 4825 4821 
3 3348 3344 4821 
3 4821 3352 3350 
3 4821 3350 3348 
3 4821 4819 3352 
3 5376 5372 5379 
3 5152 5153 5147 
3 1340 1332 1334 
3 1343 1344 1340 
3 1334 1343 1340 
3 3572 3581 3580 
3 1565 1568 1563 
3 1573 1568 1565 
3 1347 1348 1343 
3 1333 1339 1343 
3 1339 1347 1343 
3 1343 1334 1333 
3 2385 2390 2363 
3 1283 1280 1286 
3 1289 1283 1286 
3 1286 1292 1289 
3 3015 3012 3017 
3 903 2743 2747 
3 2747 901 903 
3 3767 3772 3766 
3 3766 3763 3767 
3 3767 4312 3772 
3 3081 3077 3082 
3 3082 3087 3081 
3 182 174 175 
3 181 182 175 
3 1671 1676 1674 
3 1669 1671 1674 
3 1674 1672 1669 
3 1687 1696 1688 
3 2209 2211 2172 
3 3120 3126 3118 
3 3118 3098 3120 
3 1258 1259 1265 
3 1265 1264 1258 
3 1258 1253 1259 
3 4304 4300 4297 
3 4297 4277 4298 
3 4297 4298 4304 
3 4819 4815 3352 
3 5372 5369 5373 
3 5373 5379 5372 
3 4902 4903 4895 
3 4895 4896 4902 
3 4902 4896 5026 
3 5158 5163 5156 
3 5156 5153 5158 
3 415 662 658 
3 658 417 415 
3 1567 1563 1568 
3 1571 1567 1568 
3 1578 1571 1568 
3 1568 1573 1578 
3 1334 1327 1333 
3 1902 1899 1898 
3 1902 1898 1903 
3 1903 1963 1902 
3 3064 3094 3033 
3 3037 3064 3033 
3 3033 3034 3037 
3 620 621 618 
3 618 614 620 
3 4144 4143 4137 
3 3774 3772 4312 
3 3089 3158 3090 
3 3090 3087 3089 
3 3725 3818 3638 
3 3638 3722 3725 
3 2162 2164 2211 
3 2164 2172 2211 
3 1269 1270 1264 
3 1264 1265 1269 
3 4296 4291 4292 
3 4301 4296 4292 
3 2882 2887 2886 
3 2886 2885 2882 
3 5145 5147 5153 
3 5153 5156 5150 
3 5153 5150 5145 
3 416 410 413 
3 413 417 416 
3 416 418 410 
3 1573 1589 1578 
3 2976 2971 2964 
3 2964 2968 2976 
3 2971 2967 2964 
3 2639 2637 2636 
3 2637 1216 2636 
3 2636 2635 2639 
3 3039 3037 3034 
3 3034 3032 3039 
3 621 620 625 
3 4584 4509 4508 
3 4135 4137 4143 
3 4141 4135 4143 
3 3157 3090 3158 
3 3158 3161 3157 
3 154 157 155 
3 154 155 153 
3 182 181 189 
3 189 193 182 
3 3245 3268 3243 
3 3245 3243 3238 
3 3238 3239 3245 
3 3722 3638 3639 
3 3639 3643 3722 
3 5446 5449 5453 
3 4291 4295 4290 
3 4291 4296 4295 
3 1735 2882 2885 
3 3965 1732 2885 
3 2885 1732 1735 
3 3429 3434 3433 
3 3429 3433 3432 
3 3429 3432 3430 
3 3430 3427 3429 
3 417 413 411 
3 411 415 417 
3 2541 2536 3367 
3 3367 3337 3363 
3 3367 3363 3366 
3 3371 2541 3367 
3 3368 3371 3367 
3 3366 3368 3367 
3 2536 2533 3367 
3 3367 2533 3337 
3 1216 2637 1213 
3 1944 1940 1943 
3 1943 1947 1944 
3 2127 2125 2126 
3 2126 2128 2127 
3 3021 3029 3027 
3 3027 3022 3021 
3 3029 3032 3027 
3 614 610 616 
3 614 616 620 
3 1547 1552 789 
3 1862 1860 1921 
3 1921 2358 1862 
3 760 769 766 
3 766 756 760 
3 3090 3085 3087 
3 3087 3085 3081 
3 3811 3813 3807 
3 2171 2177 2176 
3 2176 2172 2171 
3 3115 3106 3098 
3 3098 3118 3115 
3 1253 1249 1250 
3 1253 1250 1254 
3 1253 1254 1259 
3 4296 4301 4322 
3 4296 4322 4325 
3 4325 4295 4296 
3 1732 3965 3966 
3 1732 3966 1726 
3 1731 1735 1732 
3 1726 1727 1732 
3 1732 1727 1731 
3 2618 3425 3427 
3 3427 3430 2618 
3 3534 2688 3469 
3 3469 2688 3466 
3 3466 3462 3469 
3 414 410 418 
3 418 422 414 
3 2736 2732 2771 
3 2766 2736 2771 
3 2537 2535 2533 
3 2533 2535 2530 
3 2533 2536 2537 
3 3332 3337 2533 
3 2533 2530 3332 
3 2967 2971 2977 
3 2977 2974 2967 
3 2638 2639 2635 
3 2634 2638 2635 
3 3032 3029 3039 
3 899 901 900 
3 896 899 900 
3 2353 2356 2358 
3 2358 1921 2353 
3 752 760 756 
3 3085 3090 3086 
3 3086 3081 3085 
3 193 189 195 
3 199 200 193 
3 195 199 193 
3 3278 3268 3272 
3 2172 2164 2163 
3 2163 2171 2172 

POINT_DATA 5824
NORMALS Normals float
0.738002 0.647892 -0.18865 0.698818 0.638598 -0.322251 0.670536 0.678371 -0.300325 
0.634734 0.618097 -0.463756 0.643834 0.581056 -0.497847 0.595987 0.660514 -0.456641 
0.578309 0.700589 -0.418012 0.538902 0.627562 -0.561918 0.538858 0.59873 -0.592583 
0.535515 0.574866 -0.618671 0.536103 0.530803 -0.656385 0.506133 0.663834 -0.550594 
0.439915 0.580484 -0.68521 0.418619 0.518402 -0.745666 0.415482 0.676178 -0.608406 
0.396073 0.615649 -0.68125 0.392968 0.455172 -0.798996 0.305497 0.545429 -0.780499 
0.28965 0.59443 -0.750171 0.296306 0.496604 -0.815835 0.304745 0.644043 -0.701669 
0.281387 0.430794 -0.85746 0.172804 0.47911 -0.860577 0.172435 0.541283 -0.82297 
0.124848 0.377577 -0.917523 0.0890915 0.296409 -0.950897 -0.0484162 0.231647 -0.971594 
-0.0330673 0.294012 -0.95523 -0.100728 0.221023 -0.970053 -0.181666 0.11427 -0.976699 
0.00851358 0.376842 -0.926238 -0.277139 0.0405366 -0.959974 -0.511173 -0.153911 -0.845585 
-0.317458 0.0117089 -0.9482 -0.531693 -0.226215 -0.816168 -0.186302 0.149733 -0.971016 
0.00772035 0.433153 -0.901287 -0.730298 -0.435089 -0.526653 -0.676495 -0.511405 -0.529924 
-0.746019 -0.662533 -0.0671286 -0.392642 -0.120048 -0.911823 -0.289186 0.0766371 -0.9542 
-0.171198 0.241861 -0.955089 -0.566673 -0.351077 -0.745404 -0.694247 -0.702759 -0.155406 
-0.635094 -0.745241 0.203154 -0.668051 -0.700216 -0.251806 -0.511178 -0.729486 0.454475 
-0.547021 -0.429748 -0.71839 -0.539764 -0.800409 0.26077 -0.422026 -0.742855 0.519673 
-0.438942 -0.768918 0.464861 -0.602448 -0.714192 -0.35635 -0.547079 -0.829763 0.110446 
-0.424932 -0.810204 0.403735 -0.554232 -0.405626 -0.726839 -0.385537 -0.0326759 -0.922114 
-0.535193 -0.844651 0.0115402 -0.412432 -0.853665 0.31805 -0.592534 -0.755892 -0.278442 
-0.574624 -0.516961 -0.634475 -0.44175 -0.13382 -0.887102 -0.490243 -0.871352 -0.0202087 
-0.594777 -0.652678 -0.469311 -0.533463 -0.370429 -0.760395 -0.144291 0.304431 -0.941542 
-0.424704 -0.0975504 -0.900061 -0.258463 0.200367 -0.945013 -0.517499 -0.332273 -0.788536 
-0.309562 0.150594 -0.938879 -0.411614 -0.00640188 -0.911336 -0.0549635 0.455093 -0.888746 
0.0680382 0.520739 -0.851 -0.161518 0.391753 -0.905782 -0.308732 0.235952 -0.921418 
0.104595 0.595294 -0.796671 -0.211976 0.409833 -0.887188 0.0770114 0.616692 -0.783429 
0.234391 0.649542 -0.723295 0.0160445 0.588775 -0.808138 -0.0885026 0.542347 -0.83548 
-0.304954 0.35068 -0.885453 0.182381 0.684241 -0.706082 -0.183196 0.515785 -0.836902 
0.0470431 0.680357 -0.731369 -0.073243 0.642718 -0.762594 -0.275086 0.488903 -0.82783 
-0.171422 0.618657 -0.766732 0.180816 0.726172 -0.663309 -0.0828398 0.736501 -0.671345 
0.0428805 0.769068 -0.637727 0.179475 0.795246 -0.579113 0.0302332 0.851329 -0.523761 
0.13154 0.867362 -0.479979 0.171358 0.84989 -0.498321 0.306213 0.750957 -0.585062 
0.288573 0.871524 -0.396449 0.167222 0.922864 -0.346928 0.252441 0.90465 -0.343339 
0.323491 0.824814 -0.46372 0.297214 0.931518 -0.209613 0.380221 0.719791 -0.580804 
0.386881 0.813717 -0.433807 0.370654 0.900167 -0.228723 0.396967 0.877229 -0.269976 
0.418542 0.780928 -0.463653 0.432446 0.84958 -0.302 0.399448 0.911654 -0.0965854 
0.48854 0.80638 -0.333286 0.511911 0.738251 -0.439241 0.492621 0.85913 -0.138636 
0.476035 0.875748 -0.0803528 0.518358 0.830617 -0.203422 0.570634 0.76401 -0.301107 
0.442134 0.8963 0.0341082 0.578817 0.793435 -0.188234 0.61534 0.727338 -0.303869 
0.563927 0.822896 -0.0694919 0.637445 0.751481 -0.170118 0.687375 0.705338 -0.173247 
0.627244 0.778039 -0.0349379 0.741776 0.666238 -0.076776 0.678032 0.734576 -0.0258988 
0.723547 0.689907 -0.0225328 0.616905 0.784718 0.0603851 0.713612 0.694031 0.0952814 
0.564603 0.824346 0.0409571 0.755881 0.642721 0.124712 0.672397 0.730472 0.11955 
0.52112 0.847644 0.0996686 0.719754 0.660789 0.212867 0.631645 0.753299 0.183209 
0.749109 0.602256 0.275904 0.583788 0.792787 0.17516 0.681627 0.683948 0.26 
0.71631 0.613454 0.332527 0.543934 0.800607 0.251327 0.599822 0.751475 0.27477 
0.637938 0.704179 0.311717 0.672409 0.62847 0.391013 0.582703 0.726714 0.363792 
0.628562 0.667206 0.399682 0.703056 0.562669 0.434875 0.586541 0.667359 0.458913 
0.623149 0.622876 0.472981 0.644568 0.585942 0.491126 0.669453 0.563703 0.48381 
0.679729 0.507162 0.529864 0.633498 0.510937 0.581054 0.606534 0.557384 0.566956 
0.587867 0.466508 0.660895 -0.441372 0.04176 -0.896352 -0.395534 0.22565 -0.890301 
-0.505725 -0.240067 -0.828619 -0.53473 -0.63332 -0.559437 -0.531432 -0.421203 -0.734961 
-0.505308 -0.185157 -0.842841 -0.484464 -0.824498 -0.2924 -0.493173 -0.676774 -0.546588 
-0.340894 -0.939993 -0.0142983 -0.337267 -0.924326 -0.178528 -0.358728 -0.926401 0.114434 
-0.247078 -0.924033 0.291746 -0.164605 -0.956951 0.239061 -0.319102 -0.889026 0.328339 
-0.163195 -0.900529 0.403008 -0.340124 -0.813008 0.472582 -0.28742 -0.842192 0.456183 
-0.226446 -0.869184 0.439592 -0.366841 -0.782968 0.502384 -0.465401 -0.77066 0.435299 
-0.291204 -0.841567 0.454934 -0.40486 -0.841334 0.358115 -0.55608 -0.816921 0.153023 
-0.20438 -0.885001 0.418333 -0.367123 -0.884238 0.288693 -0.657972 -0.704824 -0.265134 
-0.550404 -0.834813 -0.0119529 -0.643286 -0.480839 -0.5958 -0.539876 -0.837764 -0.0817605 
-0.623161 -0.634746 -0.456911 -0.418201 -0.907875 0.0294933 -0.21667 -0.92564 0.310234 
-0.557226 -0.760846 -0.332584 -0.109455 -0.918128 0.380869 -0.592389 -0.359465 -0.721013 
-0.576572 -0.541742 -0.611621 -0.561028 -0.211712 -0.800266 -0.570004 -0.363095 -0.73706 
-0.308829 -0.950878 0.0213632 -0.49472 -0.802822 -0.332759 -0.564403 -0.33147 -0.756027 
-0.50272 -0.691779 -0.518376 -0.123901 -0.965691 0.228232 -0.54235 -0.50161 -0.673976 
-0.325141 -0.926142 -0.191168 -0.0394021 -0.944846 0.325137 -0.55992 -0.31942 -0.7645 
-0.43383 -0.766844 -0.473013 -0.0999057 -0.989693 0.102603 -0.00969713 -0.962798 0.270049 
-0.0758219 -0.979609 0.186059 -0.503147 -0.563494 -0.655223 0.019618 -0.965723 0.258832 
-0.209046 -0.966237 -0.150616 0.0469975 -0.971477 0.232431 -0.34908 -0.84137 -0.412602 
-0.383764 -0.771002 -0.508213 -0.494687 -0.553758 -0.669804 0.038668 -0.993933 0.102965 
-0.31733 -0.82173 -0.473351 -0.119029 -0.975183 -0.186682 -0.104064 -0.959166 -0.263005 
-0.144038 -0.914364 -0.378407 0.131949 -0.967968 0.213604 0.0903584 -0.993648 -0.0670784 
0.170632 -0.979575 0.106381 0.147285 -0.982345 -0.11535 0.260182 -0.962245 0.0799329 
0.321228 -0.945023 0.0611816 0.178082 -0.967526 0.179386 0.334032 -0.938644 0.0858448 
0.270166 -0.955939 0.114848 0.228404 -0.961672 0.15172 0.179855 -0.966252 0.184418 
0.103254 -0.974518 0.199134 0.252346 -0.967635 -0.00195896 0.154293 -0.987954 0.011872 
0.106056 -0.990488 0.0876729 0.0423339 -0.959977 -0.27686 -0.0749496 -0.978716 -0.191042 
-0.156249 -0.893534 -0.420932 -0.0792914 -0.996693 -0.0177928 -0.375235 -0.706589 -0.599942 
-0.551415 -0.298736 -0.778908 -0.371776 -0.758616 -0.535056 -0.578089 -0.214108 -0.787383 
-0.239904 -0.958911 -0.151444 -0.529289 -0.349687 -0.773028 -0.334828 -0.842772 -0.421457 
-0.666477 0.15594 -0.729034 -0.507366 -0.449565 -0.735167 -0.548806 -0.218726 -0.806828 
-0.472321 -0.635739 -0.610532 -0.587825 0.122231 -0.799701 -0.52925 -0.200399 -0.82446 
-0.526302 -0.110715 -0.843059 -0.54035 0.0291426 -0.840936 -0.457437 0.118087 -0.881367 
-0.500622 0.214978 -0.838547 -0.548801 0.22915 -0.803933 -0.452281 0.239714 -0.859057 
-0.611964 0.38929 -0.688443 -0.453956 0.422805 -0.784321 -0.346809 0.422075 -0.837602 
-0.462634 0.507256 -0.727091 -0.544542 0.465722 -0.69755 -0.344323 0.540194 -0.767875 
-0.540812 0.605054 -0.584322 -0.448411 0.629882 -0.634174 -0.452992 0.692384 -0.561607 
-0.365851 0.701385 -0.611728 -0.367753 0.650884 -0.66416 -0.335559 0.652662 -0.679288 
-0.443265 0.765533 -0.466343 -0.354072 0.786494 -0.506024 -0.348559 0.844841 -0.405894 
-0.258137 0.849251 -0.460584 -0.220625 0.654889 -0.722804 -0.259875 0.715218 -0.64879 
-0.21753 0.926584 -0.306795 -0.246527 0.802058 -0.543991 -0.169269 0.773305 -0.611022 
-0.0910434 0.804146 -0.587418 -0.179888 0.824108 -0.53711 -0.156882 0.907048 -0.390708 
-0.0934692 0.856004 -0.508449 -0.109178 0.904012 -0.41333 -0.116587 0.955158 -0.272178 
0.0329786 0.901458 -0.431608 -0.0196427 0.922126 -0.38639 0.0683515 0.937715 -0.340616 
0.0105946 0.963152 -0.26875 -0.0661199 0.988877 -0.133232 -0.0335581 0.969987 -0.240829 
0.101999 0.967458 -0.231562 0.178069 0.94846 -0.262137 0.222543 0.965717 -0.133661 
0.112386 0.989907 -0.0863396 0.0322652 0.996778 -0.0734281 0.325249 0.941451 -0.088784 
0.214641 0.97569 -0.0442572 0.0685617 0.995384 0.0671532 0.309181 0.950774 0.0208659 
0.219377 0.97197 0.0845429 0.171645 0.980787 0.0927076 0.400161 0.911679 0.093339 
0.292087 0.947244 0.131963 0.364146 0.918234 0.155705 0.478641 0.857002 0.190919 
0.360424 0.903893 0.230373 0.435135 0.866517 0.244553 0.196415 0.959448 0.202189 
0.286256 0.927098 0.241966 0.384658 0.867857 0.314424 0.453539 0.818335 0.353031 
0.509416 0.791363 0.337994 0.160608 0.958548 0.235351 0.263896 0.91233 0.313069 
0.42844 0.805554 0.409294 0.36109 0.845178 0.394067 0.541711 0.719295 0.434929 
0.487628 0.747952 0.450318 0.222931 0.910566 0.348096 0.302971 0.858299 0.414164 
0.534442 0.66904 0.516486 0.436862 0.754905 0.489152 0.574409 0.605076 0.551305 
0.490099 0.684423 0.539785 0.379158 0.779431 0.498726 0.570326 0.513265 0.641317 
0.547884 0.550575 0.629833 0.523626 0.610102 0.594636 0.538274 0.47456 0.696458 
0.489647 0.615509 0.617571 0.513694 0.538379 0.668032 0.441672 0.69173 0.571346 
0.321654 0.802717 0.50218 0.503148 0.45888 0.732305 0.448382 0.620761 0.643125 
0.480799 0.53023 0.698347 0.384677 0.713069 0.586137 0.480028 0.434671 0.761994 
0.441611 0.563918 0.697836 0.398982 0.647969 0.648807 0.45641 0.492945 0.74074 
0.465723 0.424134 0.776667 0.243997 0.863663 0.441081 0.415324 0.566869 0.711453 
0.315718 0.761323 0.566313 0.370035 0.656526 0.657303 0.435121 0.482805 0.75998 
0.371806 0.596603 0.711214 0.455042 0.435984 0.776437 0.325859 0.697611 0.638087 
0.400972 0.521381 0.753249 0.346694 0.606989 0.7151 0.267719 0.783628 0.560583 
0.304992 0.693474 0.652744 0.370558 0.553278 0.746036 0.344203 0.593937 0.727161 
0.289466 0.669609 0.683983 0.302169 0.623219 0.721313 0.232379 0.758138 0.609284 
0.236764 0.710817 0.66233 0.241262 0.675719 0.696561 0.198302 0.83323 0.516144 
0.15945 0.787701 0.595066 0.171362 0.740492 0.649851 0.149489 0.842683 0.517241 
0.202913 0.874725 0.440094 0.0603121 0.832836 0.550224 0.0835999 0.865808 0.493344 
0.113598 0.904015 0.412132 0.154015 0.935918 0.316759 0.0861836 0.952293 0.292764 
0.0510778 0.987603 0.148433 0.0342539 0.924664 0.37924 0.0297577 0.958346 0.284054 
-0.0599001 0.914786 0.399472 -0.0854383 0.99428 -0.0640836 -0.0144975 0.985858 0.166953 
-0.0930549 0.995652 -0.00411946 -0.0769211 0.975182 0.207614 -0.14304 0.988367 0.0516814 
-0.241998 0.94993 -0.19766 -0.126273 0.959268 0.252707 -0.181553 0.974593 0.131178 
-0.260647 0.957097 -0.1266 -0.248896 0.968365 -0.0178914 -0.373337 0.876003 -0.305349 
-0.288769 0.957365 -0.00802818 -0.408403 0.880948 -0.239035 -0.318809 0.947515 0.0240015 
-0.24463 0.95277 0.17996 -0.496872 0.746811 -0.442032 -0.407461 0.896971 -0.171518 
-0.24283 0.939586 0.241272 -0.540906 0.739706 -0.400319 -0.441799 0.893214 -0.0835571 
-0.50222 0.827667 -0.250484 -0.423408 0.905819 0.0147406 -0.611932 0.517753 -0.597889 
-0.572564 0.763265 -0.299329 -0.625565 0.531265 -0.571337 -0.620625 0.634386 -0.460846 
-0.582262 0.783115 -0.218409 -0.646404 0.657686 -0.386797 -0.649107 0.260254 -0.714792 
-0.674198 0.412279 -0.612767 -0.695204 0.508985 -0.507569 -0.639632 0.125062 -0.758439 
-0.702745 0.273474 -0.656781 -0.560447 -0.23694 -0.793573 -0.65257 -0.0266492 -0.75726 
-0.295419 -0.704882 -0.644879 0.0829682 -0.934351 -0.346561 -0.419532 -0.483032 -0.768552 
-0.639346 -0.0369488 -0.768031 0.343633 -0.93906 -0.00906493 0.0210956 -0.840911 -0.540762 
0.42371 -0.903814 0.0599181 0.409454 -0.909993 0.0652716 0.357481 -0.925309 -0.126535 
-0.410669 -0.44893 -0.793608 0.510065 -0.859087 0.0424688 0.298202 -0.910771 -0.285607 
0.49098 -0.867988 -0.0744023 -0.0716579 -0.772065 -0.631491 0.309447 -0.860775 -0.404116 
0.533668 -0.819752 -0.207857 -0.61315 -0.0963915 -0.784064 -0.432866 -0.433086 -0.79061 
-0.199473 -0.631214 -0.749519 0.231753 -0.79499 -0.560609 -0.710259 0.184652 -0.679291 
-0.57964 -0.231206 -0.781384 -0.249934 -0.542755 -0.801842 -0.702952 0.086706 -0.705933 
-0.563963 -0.242491 -0.789395 -0.706243 0.02516 -0.707522 -0.574608 -0.208477 -0.791431 
-0.730553 0.417745 -0.540168 -0.745831 0.280151 -0.60436 -0.761595 0.234885 -0.603989 
-0.681264 0.618872 -0.390995 -0.741829 0.0924496 -0.664186 -0.768601 0.39069 -0.50657 
-0.733495 0.525188 -0.431466 -0.708548 -0.0310678 -0.704979 -0.676198 0.681475 -0.279908 
-0.786579 0.368958 -0.49514 -0.752876 0.55571 -0.352653 -0.795777 0.234093 -0.558516 
-0.672422 0.716372 -0.186171 -0.801403 0.129505 -0.583936 -0.808901 0.433921 -0.396726 
-0.57077 0.814398 -0.104772 -0.76069 0.585723 -0.279784 -0.832029 0.364066 -0.41855 
-0.855371 0.286214 -0.431766 -0.674498 0.72705 -0.128265 -0.780023 0.592256 -0.201981 
-0.833644 0.48616 -0.262081 -0.681754 0.729177 -0.0592707 -0.732347 0.678617 -0.0560986 
-0.556082 0.831096 0.00724195 -0.779905 0.621178 -0.076719 -0.641325 0.7659 0.0458205 
-0.419051 0.903123 0.0936215 -0.659703 0.744928 0.0993676 -0.533748 0.837767 0.115149 
-0.585346 0.792987 0.168944 -0.393593 0.893937 0.214385 -0.473324 0.845331 0.247749 
-0.275412 0.921097 0.275187 -0.349797 0.879791 0.321884 -0.395387 0.845536 0.3588 
-0.233408 0.892761 0.385356 -0.318484 0.860921 0.396715 -0.103759 0.898956 0.425573 
-0.109466 0.867647 0.48498 -0.160601 0.854499 0.494003 -0.222866 0.838135 0.497856 
-0.219722 0.842234 0.492305 -0.00747743 0.830581 0.556848 -0.0773261 0.81508 0.574165 
-0.00845561 0.806051 0.591786 -0.0771388 0.805181 0.587991 0.09732 0.782293 0.615261 
-0.0563366 0.819375 0.570483 0.0907535 0.761779 0.641449 0.0611604 0.762523 0.644064 
0.160238 0.725962 0.668807 0.0702448 0.772615 0.630977 0.177374 0.705074 0.686592 
0.223726 0.678618 0.699589 0.177834 0.728988 0.661024 0.290222 0.626042 0.72377 
0.266529 0.651058 0.710694 0.253113 0.689867 0.678246 0.222868 0.720496 0.656669 
0.183767 0.751606 0.633497 0.318171 0.635372 0.703612 0.3381 0.594616 0.729466 
0.268529 0.725278 0.633927 0.330466 0.676352 0.658286 0.366259 0.558101 0.744566 
0.377461 0.580879 0.721182 0.397792 0.619408 0.676827 0.336493 0.729531 0.595447 
0.418933 0.526583 0.739733 0.431749 0.482963 0.7618 0.480067 0.413208 0.773818 
0.466408 0.531805 0.706857 0.488735 0.45488 0.744461 0.416126 0.681398 0.60211 
0.493122 0.615348 0.614962 0.537581 0.468927 0.700796 0.537707 0.399475 0.74249 
0.599772 0.447584 0.663282 0.581921 0.556937 0.592613 0.66629 0.451277 0.593638 
0.672978 0.518468 0.527533 0.736295 0.560614 0.378921 0.485113 0.738288 0.468612 
0.593467 0.696549 0.403259 0.698038 0.660385 0.276832 0.741956 0.669195 -0.0409947 
0.649538 0.743422 -0.159448 0.609047 0.79307 -0.0100905 0.530581 0.833887 0.152041 
0.583168 0.663251 -0.469056 0.459859 0.845119 0.272586 0.470562 0.489944 -0.733844 
0.504404 0.76236 -0.405442 0.403592 0.647286 -0.646633 0.437254 0.863601 -0.251001 
0.425025 0.724774 -0.54227 0.413972 0.910229 -0.0105363 0.288122 0.873794 -0.391753 
0.3288 0.911432 -0.247352 0.39565 0.898364 0.190798 0.300775 0.920766 -0.248444 
0.385067 0.802702 0.455404 0.333652 0.941276 -0.0517279 0.325519 0.9446 0.0420551 
0.314325 0.916238 0.248411 0.273753 0.772323 0.573215 0.303232 0.927336 0.219312 
0.265196 0.845156 0.464093 0.231307 0.906663 0.352789 0.168873 0.946153 0.276182 
0.176061 0.860188 0.478623 0.17186 0.805186 0.567573 0.166724 0.917573 0.36092 
0.10359 0.922606 0.371575 0.110294 0.835643 0.538086 0.0694897 0.794929 0.60271 
0.0764821 0.814912 0.574516 0.0966589 0.888485 0.448611 -0.018312 0.822236 0.568852 
0.00798493 0.848463 0.529195 0.0333892 0.910159 0.412911 0.00787252 0.88199 0.471202 
-0.146152 0.838819 0.524426 -0.111256 0.839655 0.531603 0.025302 0.938305 0.344882 
-0.036657 0.909943 0.41311 -0.0616685 0.882259 0.466708 -0.228314 0.843187 0.486732 
-0.125575 0.869101 0.478429 -0.309725 0.84266 0.440449 -0.0681908 0.924076 0.376077 
-0.133825 0.899134 0.416712 -0.245712 0.859614 0.447983 -0.494209 0.819447 0.290282 
-0.384308 0.844806 0.372303 -0.247227 0.877458 0.411031 -0.199882 0.913124 0.35532 
-0.226495 0.903517 0.36381 -0.570027 0.793884 0.211702 -0.391156 0.853974 0.34311 
-0.321774 0.885136 0.336147 -0.51928 0.816045 0.25381 -0.333114 0.902984 0.271395 
-0.732231 0.680332 0.0313938 -0.553155 0.80351 0.219978 -0.681086 0.725216 0.100911 
-0.495982 0.835691 0.235844 -0.435237 0.88904 0.142047 -0.679942 0.724515 0.112941 
-0.842891 0.513026 -0.162293 -0.822323 0.56037 -0.0988482 -0.548097 0.828279 0.116377 
-0.808642 0.586536 -0.045527 -0.804719 0.593611 -0.00727521 -0.742198 0.669688 0.0257087 
-0.638095 0.769567 -0.0245409 -0.629719 0.742892 -0.227083 -0.772845 0.631748 -0.0600477 
-0.787693 0.591604 -0.171886 -0.822117 0.495155 -0.280972 -0.891535 0.346702 -0.291485 
-0.859908 0.489994 -0.143054 -0.879531 0.460128 -0.121272 -0.888474 0.271139 -0.370267 
-0.887244 0.421584 -0.187259 -0.878997 0.399806 -0.259846 -0.906879 0.286536 -0.308979 
-0.921696 0.265164 -0.283135 -0.918064 0.323254 -0.229491 -0.887827 0.410249 -0.208468 
-0.924554 0.120989 -0.361334 -0.927269 0.174935 -0.331012 -0.917967 0.289279 -0.271393 
-0.904977 0.0366342 -0.42388 -0.898569 0.0477759 -0.436223 -0.909743 0.130064 -0.394273 
-0.888532 0.36138 -0.282693 -0.902241 0.219183 -0.371377 -0.833616 -0.0924762 -0.544548 
-0.874482 0.324028 -0.360952 -0.859181 -0.0221305 -0.511193 -0.872221 0.0376767 -0.487658 
-0.870387 0.178435 -0.458897 -0.861453 0.0861743 -0.500472 -0.726737 -0.202038 -0.656532 
-0.799087 -0.0974092 -0.593271 -0.846112 0.134262 -0.515818 -0.791197 -0.0426325 -0.610074 
-0.66877 -0.225331 -0.708501 -0.738705 -0.0791189 -0.66937 -0.503324 -0.352712 -0.788834 
-0.4878 -0.375291 -0.788168 -0.543504 -0.304982 -0.782042 -0.676226 -0.118448 -0.72711 
-0.517905 -0.337701 -0.78596 -0.114456 -0.503048 -0.856646 -0.143299 -0.5067 -0.85013 
-0.437117 -0.373838 -0.81803 -0.163903 -0.541038 -0.824872 -0.147921 -0.555357 -0.818351 
0.315896 -0.567229 -0.760566 0.322092 -0.511149 -0.796858 0.263673 -0.652391 -0.710536 
0.313352 -0.621576 -0.717951 0.054077 -0.689751 -0.722025 0.272872 -0.704193 -0.655479 
0.652208 -0.444821 -0.613807 0.644356 -0.601333 -0.472444 0.721815 -0.505641 -0.472558 
0.599663 -0.681862 -0.41889 0.871764 -0.32325 -0.368154 0.525711 -0.753551 -0.3947 
0.843417 -0.486063 -0.228892 0.79105 -0.571825 -0.217386 0.89523 -0.386643 -0.221518 
0.738086 -0.649191 -0.183791 0.888931 -0.441546 -0.121812 0.855486 -0.509509 -0.092431 
0.915366 -0.383295 -0.123246 0.804656 -0.587996 -0.0823967 0.794004 -0.6062 -0.0455961 
0.670141 -0.736371 -0.0931033 0.830064 -0.547827 -0.104301 0.725085 -0.687519 -0.0396172 
0.705207 -0.700694 -0.108222 0.599676 -0.799951 -0.0216147 0.639938 -0.768417 0.00387031 
0.60909 -0.782796 -0.127438 0.58519 -0.810407 -0.0281581 0.500503 -0.865723 -0.00460951 
0.406691 -0.887154 -0.218083 0.415074 -0.90969 -0.0133208 0.381123 -0.916248 -0.123432 
0.245674 -0.965443 -0.0869769 0.184061 -0.946192 -0.266162 0.114974 -0.896005 -0.428901 
0.0801518 -0.921112 -0.380956 0.0453117 -0.936997 -0.346387 -0.0651806 -0.929828 -0.362175 
-0.237065 -0.762057 -0.602552 -0.261275 -0.773427 -0.577534 -0.363167 -0.706367 -0.607582 
-0.226778 -0.757392 -0.612314 -0.416836 -0.652497 -0.632847 -0.486654 -0.504204 -0.713405 
-0.540491 -0.405069 -0.73742 -0.528867 -0.448861 -0.720294 -0.505189 -0.495123 -0.706851 
-0.607709 -0.240925 -0.756733 -0.604418 -0.310959 -0.733474 -0.658358 -0.168387 -0.733628 
-0.49356 -0.542153 -0.68005 -0.61979 -0.34694 -0.703913 -0.694118 -0.214581 -0.687135 
-0.762803 -0.17389 -0.622812 -0.632842 -0.409829 -0.656925 -0.69201 -0.320999 -0.646593 
-0.754773 -0.283334 -0.591642 -0.33482 -0.71152 -0.617766 -0.557072 -0.52465 -0.643749 
-0.693987 -0.427957 -0.578995 -0.227186 -0.797815 -0.55846 -0.766616 -0.403344 -0.499614 
-0.471875 -0.633947 -0.612735 -0.615599 -0.53539 -0.578269 0.0295419 -0.872379 -0.487937 
0.419478 -0.861884 -0.284946 -0.545827 -0.618456 -0.565318 -0.282024 -0.769464 -0.573052 
-0.676547 -0.532064 -0.50911 0.555707 -0.785974 -0.270989 0.137043 -0.866457 -0.480075 
-0.763561 -0.492249 -0.41793 -0.52488 -0.669708 -0.52535 0.134072 -0.870104 -0.474283 
-0.637617 -0.607714 -0.473422 -0.277809 -0.798804 -0.533605 0.639081 -0.72133 -0.266944 
-0.443077 -0.731629 -0.518075 -0.697509 -0.583519 -0.415918 0.869014 -0.475214 -0.137792 
0.36473 -0.813843 -0.452362 -0.109134 -0.832597 -0.543021 0.739924 -0.607868 -0.288111 
-0.540029 -0.690247 -0.481589 -0.328236 -0.774522 -0.540718 0.245567 -0.794275 -0.55572 
0.650184 -0.646045 -0.399859 0.894979 -0.393745 -0.209709 -0.637688 -0.642447 -0.424991 
0.934917 -0.32753 -0.136584 -0.0128737 -0.792392 -0.609876 0.482245 -0.68096 -0.551121 
0.84215 -0.434392 -0.31951 0.940683 -0.272044 -0.20275 0.952536 -0.25378 -0.168137 
-0.372739 -0.750615 -0.545566 0.951427 -0.241282 -0.191234 0.105813 -0.783471 -0.612354 
0.964594 -0.17461 -0.19766 0.653142 -0.586661 -0.478784 0.931965 -0.265798 -0.246563 
-0.556983 -0.667775 -0.493808 0.927291 -0.207738 -0.311411 -0.166735 -0.734702 -0.657581 
0.259942 -0.722601 -0.64053 -0.68573 -0.566313 -0.457236 0.965719 -0.111962 -0.234206 
-0.430777 -0.671844 -0.602543 0.975689 -0.11823 -0.184535 -0.571248 -0.578083 -0.582663 
0.930474 -0.139181 -0.338892 -0.356216 -0.612689 -0.705494 0.951335 -0.181852 -0.248781 
0.551118 -0.546347 -0.630694 0.855893 -0.335391 -0.39365 0.0265766 -0.629913 -0.776211 
0.978498 -0.076675 -0.191473 -0.551739 -0.481347 -0.681094 0.973523 -0.0583258 -0.221024 
0.865221 -0.164156 -0.473756 -0.334478 -0.479958 -0.811027 0.386373 -0.479518 -0.787895 
0.945526 -0.0632011 -0.319354 0.945735 -0.1056 -0.307302 0.785104 -0.290384 -0.547074 
0.973841 -0.00435918 -0.227187 0.97319 0.00380927 -0.22997 -0.0510537 -0.417026 -0.907459 
0.903162 -0.0878189 -0.420222 0.896514 -0.0761549 -0.436421 0.96438 0.0540084 -0.258947 
0.697419 -0.194323 -0.689815 0.94696 -0.00458979 -0.321319 0.94915 0.0242849 -0.313886 
0.300565 -0.288276 -0.909152 0.960119 0.0473896 -0.275547 0.847695 0.0407647 -0.528916 
0.888298 -0.0440899 -0.457147 0.514916 -0.0089235 -0.857194 0.907983 0.0995694 -0.407004 
0.0370544 -0.139631 -0.98951 -0.313863 -0.259191 -0.913406 0.926094 0.0491421 -0.374078 
-0.517435 -0.325231 -0.791508 0.921416 0.122555 -0.368745 0.657051 0.153828 -0.737984 
0.0980267 0.116738 -0.988313 0.786371 0.19901 -0.584821 -0.302065 -0.0323918 -0.952737 
0.88031 0.133098 -0.455344 0.840887 0.00185041 -0.541207 0.709042 0.234263 -0.665117 
0.379498 0.273201 -0.883936 0.861643 0.0890929 -0.499633 0.738211 0.222915 -0.636673 
0.761704 0.0561998 -0.645483 0.769414 0.180973 -0.612578 0.590976 0.275415 -0.758218 
0.681208 0.119392 -0.722289 0.153516 0.365333 -0.918131 0.378893 0.335041 -0.862663 
0.560447 0.241258 -0.792271 0.574487 0.184822 -0.797374 0.163301 0.327757 -0.930542 
-0.189558 0.305415 -0.933161 -0.151415 0.304955 -0.940253 -0.157894 0.427108 -0.890308 
-0.438319 0.356908 -0.82492 -0.354274 0.425542 -0.832709 -0.32788 0.162408 -0.930655 
-0.295889 0.391636 -0.871247 -0.587888 0.398772 -0.703824 -0.450831 0.454787 -0.768062 
-0.494057 0.274335 -0.825014 -0.522971 0.37175 -0.767009 -0.54574 -0.137667 -0.826569 
-0.544535 0.0720362 -0.835639 -0.58782 0.466771 -0.660751 -0.600902 0.410105 -0.686098 
-0.66106 0.128278 -0.739287 -0.657632 0.281686 -0.698694 -0.692785 -0.0828629 -0.716367 
-0.689079 -0.306311 -0.656768 -0.779822 0.0411123 -0.624649 -0.710336 -0.465454 -0.527992 
-0.794847 -0.181846 -0.578921 -0.746843 0.241724 -0.619513 -0.674337 0.385995 -0.629506 
-0.823857 0.106109 -0.556776 -0.809636 -0.340032 -0.478402 -0.866621 -0.170583 -0.468902 
-0.714854 0.408579 -0.567492 -0.891248 -0.0460791 -0.451169 -0.669607 0.457327 -0.585216 
-0.767456 0.332351 -0.548228 -0.856818 0.171018 -0.486432 -0.683828 0.46232 -0.564482 
-0.684005 0.432804 -0.587212 -0.744479 0.428527 -0.511972 -0.760895 0.378563 -0.527 
-0.73539 0.453125 -0.503864 -0.838188 0.31415 -0.445815 -0.787289 0.413935 -0.456984 
-0.775768 0.449004 -0.443372 -0.79491 0.412936 -0.444525 -0.829414 0.403529 -0.386312 
-0.815129 0.426305 -0.39221 -0.909495 0.138298 -0.392037 -0.887394 0.303077 -0.347386 
-0.915489 0.201547 -0.348223 -0.892672 0.32233 -0.315025 -0.931065 -0.0128301 -0.364628 
-0.952067 0.139197 -0.272384 -0.952788 0.0434342 -0.300514 -0.861184 -0.326608 -0.389472 
-0.932848 -0.144224 -0.330142 -0.909921 -0.226086 -0.347749 -0.795471 -0.459783 -0.394747 
-0.887382 -0.321821 -0.330128 -0.737993 -0.551835 -0.388387 -0.8558 -0.394227 -0.334949 
-0.765681 -0.527524 -0.368036 -0.839647 -0.43518 -0.324979 -0.900689 -0.333632 -0.278296 
-0.801101 -0.482969 -0.353521 -0.935916 -0.235981 -0.261484 -0.961636 -0.10527 -0.253328 
-0.863505 -0.397411 -0.310521 -0.828525 -0.430912 -0.357577 -0.906612 -0.314581 -0.281235 
-0.824319 -0.387504 -0.412721 -0.866692 -0.367113 -0.337747 -0.824254 -0.29268 -0.484709 
-0.946462 -0.225885 -0.230621 -0.859877 -0.320273 -0.397538 -0.901285 -0.284168 -0.327008 
-0.812326 -0.201145 -0.547419 -0.934548 -0.247218 -0.255937 -0.873132 -0.220546 -0.434741 
-0.933224 -0.222798 -0.281875 -0.917202 -0.198104 -0.345681 -0.970624 0.0055776 -0.240536 
-0.972422 -0.0858591 -0.216849 -0.895586 -0.142791 -0.421351 -0.957758 -0.16031 -0.238747 
-0.945036 -0.148357 -0.291372 -0.974501 -0.0480934 -0.219167 -0.975297 0.0459002 -0.216075 
-0.9198 -0.0938094 -0.38101 -0.961976 -0.111862 -0.249179 -0.946982 -0.0878917 -0.30903 
-0.963042 -0.0549802 -0.263682 -0.935742 -0.0316646 -0.351261 -0.946794 0.194161 -0.256677 
-0.971142 0.020229 -0.237644 -0.971296 0.0917023 -0.219486 -0.959178 0.00443233 -0.282767 
-0.960447 0.0793535 -0.266916 -0.96438 0.129463 -0.230675 -0.934632 0.242993 -0.259647 
-0.957746 0.147292 -0.247038 -0.94886 0.208192 -0.237319 -0.869668 0.371727 -0.324802 
-0.93711 0.144932 -0.317521 -0.934794 0.221041 -0.278031 -0.908594 0.308935 -0.281099 
-0.856178 0.377257 -0.353039 -0.892576 0.300995 -0.335723 -0.920483 0.20057 -0.335385 
-0.902409 0.243542 -0.35545 0.574911 0.553597 -0.602501 0.731153 0.626585 -0.269825 
0.453634 0.442769 -0.773415 0.788214 0.589858 0.175461 0.651272 0.49893 -0.571763 
0.489947 0.316442 -0.812291 0.812259 0.562866 -0.153028 0.593185 0.4279 -0.681933 
0.484574 0.327075 -0.811302 0.754107 0.5109 -0.412679 0.408562 0.205084 -0.889392 
0.597632 0.372563 -0.709953 0.377847 0.235198 -0.895496 0.242054 0.17417 -0.954502 
0.717836 0.405562 -0.565889 0.35896 0.243737 -0.900966 0.536979 0.346152 -0.769306 
0.810615 0.466562 -0.353869 0.542448 0.349125 -0.764108 0.870729 0.486175 -0.0739219 
0.745259 0.419377 -0.518374 0.838799 0.443384 -0.315954 0.884674 0.437964 -0.159813 
0.873776 0.421806 -0.242064 0.872041 0.431615 0.230768 0.895034 0.443847 0.0437424 
0.830444 0.473954 0.292797 0.914095 0.358084 0.190282 0.854223 0.380187 0.354627 
0.930514 0.363967 0.040892 0.872654 0.326503 0.36314 0.902934 0.267806 0.33614 
0.847684 0.25731 0.463922 0.882845 0.199315 0.425275 0.799537 0.353939 0.485251 
0.803554 0.175087 0.568899 0.794664 0.243221 0.556195 0.767505 0.115651 0.630525 
0.785935 0.273323 0.554618 0.698771 0.125206 0.704303 0.74185 0.169983 0.648664 
0.702076 0.100672 0.70495 0.708762 0.183767 0.681092 0.685552 0.187129 0.703563 
0.637606 0.11053 0.762392 0.700264 0.254069 0.667143 0.638182 0.136318 0.757721 
0.725335 0.346729 0.594701 0.719239 0.445088 0.533472 0.649846 0.2635 0.712929 
0.607353 0.141964 0.781645 0.658142 0.32413 0.67955 0.565794 0.103897 0.817974 
0.602264 0.196535 0.773726 0.613463 0.382036 0.691167 0.596407 0.25528 0.761006 
0.59856 0.316889 0.735736 0.558671 0.343294 0.755007 0.554831 0.287983 0.780531 
0.55222 0.206048 0.807835 0.521479 0.325341 0.788805 0.513906 0.364618 0.776501 
0.534555 0.248677 0.80772 0.487688 0.369877 0.790792 0.514205 0.288169 0.807807 
0.493788 0.33466 0.802606 0.472565 0.395238 0.787699 0.535516 0.15519 0.830144 
0.516391 0.21432 0.8291 0.507051 0.257853 0.822442 0.496955 0.297558 0.815166 
0.486109 0.356225 0.797998 0.499148 0.30342 0.811657 0.498821 0.386803 0.775604 
0.503444 0.257659 0.824716 0.507643 0.342032 0.790767 0.506296 0.202634 0.838215 
0.521751 0.400915 0.753023 0.512816 0.303361 0.803114 0.513655 0.250329 0.820667 
0.529834 0.358721 0.768502 0.508526 0.154659 0.847043 0.531712 0.304583 0.790261 
0.551972 0.423726 0.718181 0.510109 0.187049 0.839525 0.514027 0.109459 0.850761 
0.522987 0.225647 0.821929 0.505647 0.13559 0.852019 0.510197 0.147466 0.847321 
0.522989 0.0661875 0.849766 0.503915 0.0927908 0.858755 0.567266 0.0711216 0.820458 
0.496442 0.0569284 0.866201 0.611239 0.0646455 0.788802 0.526191 0.0404785 0.849403 
0.641969 0.0499234 0.765103 0.552524 0.0219495 0.833208 0.625603 0.00645695 0.780115 
0.55747 -0.00437988 0.830186 0.495794 0.00973158 0.868386 0.486545 0.0324282 0.873053 
0.507596 -0.00642609 0.861571 0.492117 -0.0261908 0.870135 0.468849 -0.0121901 0.883194 
0.470266 0.0109302 0.882457 0.451876 -0.0218263 0.891814 0.487799 0.0583559 0.871003 
0.433508 -0.0153818 0.901018 0.476424 0.0383378 0.878379 0.458523 0.00987652 0.888628 
0.502036 0.0996106 0.859091 0.457542 0.0228771 0.888894 0.493817 0.0786199 0.866004 
0.485115 0.0568129 0.872603 0.491776 0.059215 0.868706 0.519912 0.168556 0.837425 
0.510713 0.0922929 0.854783 0.518436 0.13015 0.845154 0.523645 0.118189 0.843698 
0.548566 0.295162 0.782276 0.561323 0.374229 0.738153 0.5446 0.233399 0.805566 
0.54697 0.192011 0.814835 0.564691 0.290152 0.772616 0.585674 0.354245 0.729038 
0.603431 0.427172 0.673346 0.596439 0.332767 0.730429 0.638363 0.424661 0.641993 
0.582242 0.266589 0.768065 0.622812 0.34832 0.700555 0.548359 0.159487 0.820894 
0.583444 0.220845 0.78155 0.631256 0.312292 0.709922 0.560088 0.157144 0.813393 
0.540123 0.118294 0.833231 0.527469 0.0960988 0.844122 0.630719 0.268201 0.728191 
0.592563 0.195296 0.781491 0.570161 0.141565 0.809244 0.618586 0.213936 0.756031 
0.558529 0.121169 0.820587 0.521449 0.0791563 0.849603 0.594411 0.158983 0.788289 
-0.570212 -0.316701 -0.757996 -0.547352 -0.170546 -0.819341 -0.588818 -0.238253 -0.772353 
-0.56298 -0.170252 -0.808745 -0.579212 -0.184426 -0.794041 -0.593571 -0.147013 -0.79124 
-0.571758 -0.0565948 -0.818468 -0.616145 -0.119611 -0.778497 -0.536512 -0.0627441 -0.841557 
-0.602167 -0.028147 -0.797874 -0.53854 0.0303199 -0.842054 -0.62591 -0.0163995 -0.779723 
-0.649662 -0.0910897 -0.754746 -0.571107 0.0459077 -0.819591 -0.493692 0.0573274 -0.867745 
-0.612408 0.0483186 -0.789064 -0.535891 0.091439 -0.839321 -0.656875 0.0108043 -0.753922 
-0.688872 -0.0781071 -0.720663 -0.582568 0.108692 -0.805481 -0.73665 -0.0984066 -0.669076 
-0.707983 0.00236005 -0.706225 -0.657033 0.070143 -0.750591 -0.791343 -0.104149 -0.602436 
-0.766431 -0.0238638 -0.641883 -0.840226 -0.133034 -0.525664 -0.727237 0.0466543 -0.684799 
-0.819565 -0.0644415 -0.56935 -0.864841 -0.110287 -0.489783 -0.66051 0.111677 -0.742465 
-0.800371 -0.00407996 -0.599491 -0.870005 -0.0602835 -0.489344 -0.740156 0.0704679 -0.668733 
-0.513902 0.127599 -0.848306 -0.82443 0.0359514 -0.564821 -0.573161 0.154932 -0.804663 
-0.891905 -0.0173234 -0.45189 -0.662177 0.138546 -0.736428 -0.745229 0.109548 -0.657749 
-0.496736 0.162322 -0.852587 -0.517278 0.180762 -0.83651 -0.856845 0.0473365 -0.513396 
-0.4573 0.166703 -0.873548 -0.797533 0.0894219 -0.596611 -0.905046 0.0205575 -0.424816 
-0.592071 0.17218 -0.787277 -0.675063 0.151942 -0.721944 -0.745962 0.126769 -0.653812 
-0.453168 0.191071 -0.870707 -0.527177 0.190333 -0.828165 -0.822439 0.103181 -0.559417 
-0.889954 0.0574955 -0.452411 -0.687559 0.14931 -0.710612 -0.625666 0.171513 -0.761003 
-0.931369 0.0574307 -0.359519 -0.725556 0.153529 -0.670818 -0.545195 0.199641 -0.814191 
-0.881746 0.099614 -0.461086 -0.636374 0.182943 -0.749373 -0.810866 0.143598 -0.567341 
-0.890634 0.142567 -0.431793 -0.698345 0.182378 -0.692136 -0.912622 0.175508 -0.369212 
-0.765788 0.172715 -0.619466 -0.876732 0.171985 -0.44918 -0.895741 0.184467 -0.404501 
-0.895643 0.199244 -0.397651 -0.816675 0.171363 -0.551069 -0.876249 0.174445 -0.449173 
-0.849698 0.17244 -0.498275 -0.847138 0.158711 -0.507118 -0.855158 0.140549 -0.498949 
-0.784798 0.178269 -0.59356 -0.803746 0.163727 -0.572002 -0.814204 0.144454 -0.562321 
-0.720985 0.186477 -0.667388 -0.793318 0.132502 -0.594213 -0.648227 0.203084 -0.733866 
-0.744456 0.174302 -0.644519 -0.731325 0.161564 -0.662617 -0.682669 0.194055 -0.70449 
-0.645736 0.209437 -0.734276 -0.614589 0.21202 -0.759821 -0.657686 0.18874 -0.729264 
-0.612732 0.20851 -0.762288 -0.555565 0.232846 -0.798205 -0.558026 0.226686 -0.798261 
-0.551257 0.230306 -0.801919 -0.526227 0.225924 -0.819783 -0.477036 0.240354 -0.84538 
-0.420411 0.256666 -0.870274 -0.467286 0.246076 -0.849171 -0.371848 0.254383 -0.892759 
-0.315671 0.275734 -0.907922 -0.273385 0.27188 -0.922682 -0.490019 0.235267 -0.839363 
-0.379967 0.252055 -0.889996 -0.232822 0.267814 -0.934917 -0.555368 0.209919 -0.804674 
-0.263852 0.256329 -0.92988 -0.304257 0.248718 -0.919547 -0.377234 0.239668 -0.894569 
-0.434019 0.233481 -0.870123 -0.474753 0.208809 -0.85499 -0.20275 0.234883 -0.950643 
-0.432149 0.219566 -0.874665 -0.285756 0.235745 -0.928853 -0.333889 0.226255 -0.915056 
-0.387112 0.212435 -0.897227 -0.44163 0.200802 -0.874438 -0.236986 0.212693 -0.947945 
-0.295171 0.194611 -0.935415 -0.35167 0.187777 -0.917098 -0.388099 0.186513 -0.902547 
-0.443352 0.133115 -0.886408 -0.397714 0.162818 -0.902947 -0.519559 -0.0653664 -0.85193 
-0.440115 0.0839002 -0.894013 -0.572018 -0.242428 -0.783597 -0.473004 0.0143506 -0.880944 
-0.400971 0.11495 -0.90885 -0.503054 -0.07947 -0.860593 -0.560202 -0.207878 -0.801848 
-0.432157 0.0271873 -0.901388 -0.635756 -0.389895 -0.666181 -0.37264 0.0932659 -0.923277 
-0.510287 -0.113363 -0.8525 -0.35033 0.152889 -0.924064 -0.604912 -0.278634 -0.745952 
-0.395197 0.0466359 -0.917412 -0.462871 -0.0605866 -0.884353 -0.605521 -0.243181 -0.757765 
-0.415152 0.00982047 -0.909699 -0.302284 0.157421 -0.940129 -0.519211 -0.107166 -0.847901 
-0.345901 0.101834 -0.932729 -0.490145 -0.0629366 -0.869366 -0.367706 0.0492584 -0.928637 
-0.305341 0.113052 -0.945508 -0.267955 0.152036 -0.95136 -0.457128 -0.0309968 -0.888861 
-0.238557 0.179537 -0.954388 -0.290603 0.0977845 -0.951834 -0.357395 0.0435139 -0.932939 
-0.23542 0.143201 -0.961286 -0.442068 -0.00742641 -0.896951 -0.207268 0.178388 -0.961882 
-0.327276 0.0627181 -0.942845 -0.253292 0.113817 -0.960671 -0.179091 0.195087 -0.964296 
-0.206561 0.148922 -0.967034 -0.425624 0.0181509 -0.904718 -0.348593 0.0716592 -0.934531 
-0.269418 0.109581 -0.956769 -0.185797 0.153965 -0.970451 -0.146845 0.196462 -0.969453 
-0.123877 0.230079 -0.965255 -0.184017 0.149288 -0.97152 -0.116053 0.197849 -0.973338 
-0.145235 0.256055 -0.95569 -0.151292 0.269931 -0.95092 -0.167172 0.28311 -0.944406 
-0.0886158 0.226969 -0.969862 -0.075333 0.253341 -0.964439 -0.0646097 0.272718 -0.959922 
-0.0284197 0.241518 -0.96998 -0.00435976 0.258323 -0.966049 -0.0649261 0.214845 -0.974488 
-0.120707 0.181337 -0.975985 0.0186366 0.257833 -0.96601 -0.0029513 0.237341 -0.971422 
-0.0593797 0.206836 -0.976572 -0.030833 0.215689 -0.975975 -0.136025 0.174479 -0.97522 
-0.211542 0.130711 -0.968589 -0.140906 0.188991 -0.971817 -0.209178 0.14808 -0.966601 
-0.187725 0.170605 -0.967292 -0.276748 0.134981 -0.951415 -0.32359 0.164024 -0.931872 
-0.296212 0.120176 -0.947532 -0.363727 0.131052 -0.922241 -0.414333 0.137915 -0.899615 
-0.313708 0.0874896 -0.94548 -0.336848 0.0875229 -0.937482 -0.363559 0.112896 -0.924705 
-0.580003 0.132884 -0.803703 -0.48147 0.10111 -0.870611 -0.539623 0.0976546 -0.836224 
-0.45759 0.0715544 -0.886279 -0.431623 0.0319841 -0.901487 -0.66096 0.102054 -0.74345 
-0.592952 0.0695165 -0.802231 -0.495731 0.0427296 -0.867424 -0.82371 0.0781008 -0.561606 
-0.715576 0.0620511 -0.695773 -0.880347 0.0510336 -0.471577 -0.985824 0.00934757 -0.167524 
-0.714837 0.00807614 -0.699244 -0.912099 0.00950734 -0.409859 -0.837766 0.00832186 -0.545967 
-0.995287 0.00272212 -0.0969379 -0.962435 -0.0501227 0.266844 -0.983207 -0.0590053 0.172692 
-0.993894 -0.056388 -0.0948475 -0.72328 -0.0154236 -0.690383 -0.910796 -0.0963354 0.401461 
-0.959665 -0.0941185 0.264926 -0.591611 -0.0211127 -0.805947 -0.934385 -0.0604783 -0.351094 
-0.96293 -0.114377 0.244302 -0.861464 -0.135554 0.489392 -0.885689 -0.139311 0.442885 
-0.917406 -0.0979658 -0.385705 -0.989212 -0.14317 0.0310242 -0.8921 -0.12882 -0.433086 
-0.910019 -0.191895 0.367479 -0.860191 -0.171959 0.480106 -0.837004 -0.183149 0.515636 
-0.975286 -0.216753 0.0428302 -0.879109 -0.226256 0.419495 -0.800694 -0.111179 -0.588667 
-0.829662 -0.211672 0.516582 -0.894104 -0.209378 0.395902 -0.821906 -0.24364 0.514888 
-0.91032 -0.267431 0.315909 -0.650883 -0.0686632 -0.756067 -0.845395 -0.251366 0.471299 
-0.959225 -0.223503 -0.173012 -0.822782 -0.282624 0.493106 -0.852538 -0.143326 -0.502629 
-0.801188 -0.286096 0.525591 -0.559239 -0.050623 -0.827459 -0.747128 -0.130632 -0.651717 
-0.860632 -0.329007 0.388673 -0.936736 -0.327471 0.123643 -0.904572 -0.260138 -0.337755 
-0.779037 -0.334366 0.530379 -0.789091 -0.337836 0.513032 -0.726215 -0.182442 -0.662817 
-0.92916 -0.368096 0.0341601 -0.585752 -0.118383 -0.801798 -0.891913 -0.332228 -0.306784 
-0.833561 -0.397166 0.383973 -0.90543 -0.41122 0.105336 -0.784202 -0.306572 -0.539483 
-0.89539 -0.42971 -0.11673 -0.612589 -0.155598 -0.774935 -0.836364 -0.471271 0.279998 
-0.751713 -0.446792 0.485081 -0.794143 -0.316309 -0.518927 -0.87518 -0.481993 -0.0417485 
-0.645161 -0.229151 -0.728874 -0.861559 -0.480393 -0.164132 -0.756973 -0.509136 0.4096 
-0.791406 -0.414008 -0.449749 -0.759773 -0.44699 -0.47217 -0.788898 -0.563497 0.245177 
-0.806338 -0.591243 -0.0158607 -0.711993 -0.482095 -0.510539 -0.695557 -0.606098 -0.385805 
-0.761912 -0.632632 -0.138809 -0.719321 -0.691398 -0.0674248 -0.648676 -0.758486 0.0625984 
-0.678733 -0.690069 0.25125 -0.582295 -0.734049 0.349435 -0.674778 -0.620659 0.399321 
-0.55958 -0.672324 0.484614 -0.48146 -0.708896 0.515425 -0.678949 -0.555588 0.479948 
-0.575818 -0.634406 0.515715 -0.590511 -0.603157 0.536188 -0.544464 -0.657561 0.520743 
-0.679238 -0.517484 0.520428 -0.643479 -0.586352 0.492063 -0.715385 -0.465644 0.520961 
-0.644296 -0.683918 0.342255 -0.747617 -0.397837 0.531784 -0.733539 -0.624055 0.269215 
-0.722849 -0.575888 0.381893 -0.745 -0.506348 0.434266 -0.745267 -0.438527 0.502266 
-0.797557 -0.379953 0.46855 -0.82257 -0.548012 -0.151859 -0.855857 -0.322173 0.404616 
-0.83055 -0.441948 0.338922 -0.82007 -0.550968 0.154658 -0.855436 -0.476883 0.202018 
-0.951477 -0.256347 0.17023 -0.882444 -0.36708 0.294185 -0.921211 -0.352168 0.165374 
-0.943911 -0.324098 0.0631929 -0.830341 -0.44676 -0.333077 -0.918693 -0.394504 0.0192218 
-0.909022 -0.302204 -0.28697 -0.740666 -0.391686 -0.54589 -0.878506 -0.417288 -0.232591 
-0.843057 -0.302099 -0.444962 -0.730087 -0.192428 -0.655701 -0.687735 -0.213443 -0.693875 
-0.74118 -0.295656 -0.602694 -0.673495 -0.198931 -0.71192 -0.635548 -0.240728 -0.733573 
-0.478238 -0.0807557 -0.87451 -0.462283 -0.105973 -0.880377 -0.326688 -0.0131324 -0.945041 
-0.286752 0.0168807 -0.957856 -0.15238 0.0820717 -0.984908 0.579392 0.132882 0.804144 
0.610878 0.1617 0.775036 0.641504 0.163799 0.749428 0.717382 0.200752 0.66713 
0.69566 0.215078 0.685419 0.648786 0.206749 0.732347 0.77082 0.250861 0.585581 
0.707101 0.263778 0.656072 0.685579 0.272631 0.675021 0.754787 0.28141 0.592542 
0.807807 0.291754 0.512179 0.670851 0.291693 0.681817 0.749966 0.327752 0.574569 
0.798024 0.332063 0.502884 0.724829 0.343102 0.597414 0.685652 0.359196 0.633134 
0.673074 0.404107 0.61941 0.73038 0.40394 0.550798 0.693341 0.468824 0.54725 
0.71577 0.439856 0.542402 0.768798 0.393436 0.50414 0.726672 0.505287 0.465438 
0.751661 0.452143 0.48018 0.73988 0.559402 0.373695 0.755734 0.537954 0.373459 
0.8051 0.368787 0.464553 0.770457 0.497156 0.399039 0.787735 0.454346 0.415986 
0.806032 0.411494 0.425425 0.784405 0.533445 0.316458 0.775697 0.580354 0.247959 
0.805854 0.493952 0.326514 0.823025 0.45296 0.34272 0.810254 0.538349 0.231665 
0.802617 0.583782 0.122491 0.779013 0.621965 0.079366 0.832854 0.497919 0.241726 
0.816516 0.563922 0.123668 0.841778 0.409235 0.352046 0.833689 0.538457 0.122582 
0.789639 0.613122 -0.0234872 0.842592 0.369957 0.39137 0.853669 0.462445 0.239571 
0.83583 0.329614 0.439025 0.851856 0.510533 0.117036 0.818408 0.574626 -0.00368736 
0.878769 0.40447 0.253315 0.87359 0.35005 0.338092 0.873783 0.467003 0.135688 
0.830276 0.268983 0.488149 0.864391 0.307834 0.397575 0.786191 0.599369 -0.150532 
0.843068 0.537339 -0.0224102 0.866533 0.267992 0.421072 0.898538 0.425455 0.107785 
0.904216 0.354685 0.23789 0.870357 0.492374 -0.00685438 0.897113 0.29538 0.32854 
0.921263 0.315333 0.227682 0.726388 0.607433 -0.321536 0.818554 0.547773 -0.172954 
0.781651 0.568882 -0.255726 0.89076 0.452996 -0.0366359 0.923907 0.356596 0.138693 
0.912701 0.403977 0.0614792 0.928996 0.276666 0.245808 0.846271 0.51321 -0.142973 
0.729643 0.567341 -0.381767 0.864209 0.479974 -0.150887 0.928338 0.371495 0.0134192 
0.942616 0.313617 0.114538 0.908117 0.414004 -0.0626419 0.773494 0.533245 -0.342575 
0.819716 0.507099 -0.266301 0.884993 0.432705 -0.171912 0.942031 0.334719 -0.0232596 
0.916236 0.381644 -0.121903 0.956974 0.285412 0.0523531 0.834801 0.467817 -0.290268 
0.75818 0.491915 -0.427999 0.855575 0.419138 -0.303835 0.926331 0.336962 -0.168428 
0.952516 0.2932 -0.0821455 0.886746 0.375497 -0.269598 0.670164 0.528911 -0.520704 
0.799179 0.437118 -0.412603 0.83492 0.391327 -0.387003 0.533176 0.482175 -0.695148 
0.648355 0.469506 -0.599333 0.722485 0.42328 -0.546672 -0.0325104 0.187683 -0.981691 
0.199136 0.340667 -0.918853 0.378414 0.4013 -0.834123 0.637135 0.416349 -0.648624 
0.231668 0.317499 -0.919524 0.485275 0.402005 -0.776466 0.0369384 0.20272 -0.97854 
0.280703 0.306003 -0.909708 0.773351 0.390043 -0.499794 0.604002 0.371399 -0.705156 
0.112512 0.206653 -0.971924 0.32364 0.304709 -0.895773 0.442298 0.315748 -0.83945 
0.675686 0.365333 -0.640297 -0.0215886 0.118254 -0.992749 0.238365 0.222608 -0.945319 
0.751546 0.355343 -0.555797 0.556283 0.306124 -0.772553 0.836298 0.351368 -0.420886 
0.895833 0.337516 -0.289077 0.675321 0.31427 -0.667215 0.360826 0.228413 -0.90423 
0.769779 0.323369 -0.550339 0.924038 0.293907 -0.244484 0.875863 0.308364 -0.37118 
0.958367 0.255826 -0.126834 0.813283 0.299478 -0.498883 0.570111 0.271712 -0.775336 
0.709207 0.279146 -0.647382 0.934565 0.248024 -0.255091 0.85727 0.269573 -0.438656 
0.899469 0.257851 -0.352802 0.749693 0.252545 -0.611704 0.464001 0.220388 -0.857981 
0.813372 0.234671 -0.532312 0.101385 0.132149 -0.986031 0.862786 0.218652 -0.455841 
0.609581 0.227042 -0.759515 0.914458 0.197972 -0.35295 0.704967 0.208406 -0.677929 
-0.169151 0.0313881 -0.98509 0.858675 0.179798 -0.479948 0.104298 0.120671 -0.987198 
0.27111 0.154383 -0.950087 0.782725 0.179856 -0.595813 0.42223 0.166646 -0.891039 
0.835925 0.141283 -0.530348 0.56367 0.174614 -0.807332 -0.431998 -0.0784483 -0.898456 
-0.13082 0.0307413 -0.990929 0.632956 0.15924 -0.757634 0.701825 0.141384 -0.698178 
0.769978 0.129669 -0.624756 0.224965 0.124852 -0.966335 0.0301566 0.073611 -0.996831 
-0.297574 -0.0260808 -0.954343 0.236801 0.110888 -0.965209 0.435036 0.126328 -0.891507 
0.563693 0.11961 -0.817278 0.689647 0.106232 -0.716311 -0.167434 0.0146882 -0.985774 
0.0574074 0.0602898 -0.996529 0.244679 0.0729246 -0.966858 -0.622455 -0.137775 -0.770434 
-0.141341 -0.00636909 -0.989941 -0.437567 -0.0709759 -0.89638 0.34174 0.0698311 -0.937197 
0.0690771 0.0159894 -0.997483 0.518006 0.0739447 -0.852175 -0.902737 -0.256985 -0.344998 
0.304415 0.054355 -0.950988 0.0403755 0.0219337 -0.998944 -0.246453 -0.0325356 -0.968608 
0.343323 0.0186789 -0.939032 -0.783963 -0.177105 -0.595009 0.156228 -0.00128081 -0.98772 
-0.594697 -0.106896 -0.796811 0.0625144 -0.0315125 -0.997546 -0.146466 -0.054688 -0.987703 
-0.368289 -0.0697018 -0.927095 -0.868876 -0.163585 -0.46722 -0.963672 -0.215109 -0.158319 
-0.720341 -0.131773 -0.680988 -0.57437 -0.122482 -0.809381 -0.354607 -0.0845841 -0.931182 
-0.960702 -0.224264 0.16358 -0.921803 -0.17017 -0.348313 -0.97776 -0.199823 -0.0636889 
-0.910708 -0.150242 -0.384758 -0.984578 -0.170309 -0.0400179 -0.946556 -0.178105 0.268906 
-0.792485 -0.124161 -0.59712 -0.967324 -0.126891 -0.219507 -0.9868 -0.135726 0.0883395 
-0.992789 -0.109017 0.0498458 -0.969776 -0.115067 -0.215162 -0.908685 -0.137572 0.394164 
-0.946953 -0.103295 0.304321 -0.897604 -0.0940216 0.430658 0.63629 0.0285073 -0.770923 
0.527066 -0.0672526 -0.847159 0.368629 -0.148797 -0.91759 0.605759 -0.0649744 -0.792991 
0.126796 -0.255103 -0.958564 0.399828 -0.166695 -0.901305 0.180741 -0.250722 -0.951037 
-0.116588 -0.327137 -0.937757 0.698269 -0.0892291 -0.710252 0.471974 -0.197081 -0.859302 
0.126398 -0.285595 -0.949978 -0.197185 -0.339021 -0.919882 0.336742 -0.2592 -0.905218 
0.0742375 -0.328482 -0.941588 -0.162604 -0.342329 -0.925403 0.789325 -0.0969512 -0.606273 
0.577429 -0.205423 -0.790176 -0.393556 -0.344926 -0.852138 -0.152517 -0.361523 -0.919804 
0.261908 -0.311021 -0.913603 -0.359308 -0.354839 -0.863126 -0.0499079 -0.359042 -0.931986 
0.767925 -0.181966 -0.614149 0.462171 -0.301579 -0.833935 0.0774742 -0.375754 -0.923475 
-0.268363 -0.37122 -0.888919 0.535326 -0.304495 -0.787851 0.191215 -0.386846 -0.902102 
0.645575 -0.309222 -0.698294 -0.229672 -0.383211 -0.894651 0.300319 -0.385711 -0.872373 
0.815336 -0.285481 -0.503714 0.340223 -0.425607 -0.838515 0.485789 -0.431285 -0.760265 
-0.176203 -0.414708 -0.892732 -0.0489796 -0.419434 -0.906464 0.14215 -0.499945 -0.854312 
0.0784702 -0.4689 -0.879759 -0.0588893 -0.447274 -0.892456 -0.236047 -0.455822 -0.858201 
-0.258363 -0.447169 -0.856323 -0.329622 -0.408645 -0.851093 -0.404989 -0.403418 -0.820511 
-0.491756 -0.379443 -0.783708 -0.51231 -0.363798 -0.777939 -0.411927 -0.385037 -0.825871 
-0.433547 -0.360736 -0.825776 -0.689276 -0.253102 -0.67885 -0.53128 -0.354515 -0.769455 
-0.616811 -0.317746 -0.720127 -0.6538 -0.294872 -0.696848 -0.762788 -0.208828 -0.612001 
-0.546527 -0.34721 -0.762072 -0.750179 -0.233066 -0.618799 -0.498292 -0.341616 -0.796871 
-0.663117 -0.302191 -0.684804 -0.858413 -0.0854085 -0.505798 -0.573186 -0.325897 -0.75183 
-0.74307 -0.250516 -0.620555 -0.822887 -0.150882 -0.547806 -0.490488 -0.335856 -0.804128 
-0.590758 -0.306523 -0.746357 -0.539161 -0.327441 -0.775943 -0.693334 -0.254771 -0.674077 
-0.783076 -0.195962 -0.590246 -0.895281 -0.0111031 -0.445364 -0.779314 -0.19064 -0.59693 
-0.86821 -0.0632746 -0.492147 -0.911206 0.0565509 -0.40805 -0.840126 -0.106751 -0.531782 
-0.92242 0.178007 -0.342717 -0.885431 -0.00446451 -0.464749 -0.900765 0.216487 -0.376506 
-0.902011 0.102983 -0.41925 -0.873541 0.242128 -0.422256 -0.858416 0.232093 -0.457444 
-0.883718 0.172675 -0.435001 -0.857696 0.205172 -0.471447 -0.82944 0.174882 -0.530514 
-0.879089 0.101768 -0.465666 -0.853955 0.141039 -0.500869 -0.872568 0.0301538 -0.487561 
-0.84554 -0.0637989 -0.530087 -0.844475 0.0694968 -0.531067 -0.8188 0.108221 -0.563786 
-0.777831 -0.16672 -0.605957 -0.845577 -0.0150633 -0.533641 -0.800643 0.0567155 -0.596451 
-0.811045 -0.0876946 -0.578373 -0.817274 0.00429663 -0.576233 -0.723911 -0.221727 -0.653292 
-0.774442 -0.154929 -0.613381 -0.794437 -0.0614896 -0.604226 -0.680281 -0.259047 -0.685647 
-0.745552 0.0445295 -0.664959 -0.760403 -0.000771365 -0.649451 -0.733679 -0.204572 -0.64797 
-0.633034 -0.289382 -0.718002 -0.761353 -0.133079 -0.634532 -0.726499 0.0128712 -0.687047 
-0.760193 -0.0719584 -0.645701 -0.692321 -0.245853 -0.678416 -0.70846 -0.0516789 -0.703856 
-0.710934 -0.198476 -0.67467 -0.693805 -0.0111499 -0.720077 -0.669484 -0.257876 -0.696629 
-0.640004 -0.0220401 -0.768055 -0.721557 -0.128937 -0.680243 -0.599548 -0.308734 -0.738394 
-0.652123 -0.0543727 -0.756161 -0.665091 -0.107851 -0.738933 -0.667461 -0.230306 -0.708135 
-0.678363 -0.178402 -0.712739 -0.581383 -0.0578154 -0.811573 -0.635787 -0.281146 -0.718841 
-0.601616 -0.0937575 -0.793264 -0.616998 -0.15526 -0.771497 -0.636263 -0.205358 -0.743638 
-0.523107 -0.0920568 -0.847281 -0.620516 -0.252035 -0.742589 -0.535143 -0.13724 -0.833539 
-0.446407 -0.104872 -0.888663 -0.570778 -0.20179 -0.795923 -0.454826 -0.106343 -0.884208 
-0.374978 -0.105661 -0.920993 -0.422056 -0.126752 -0.897665 -0.575646 -0.260709 -0.775024 
-0.470993 -0.167525 -0.866084 -0.341845 -0.124445 -0.93148 -0.508519 -0.22183 -0.831985 
-0.376904 -0.143585 -0.915056 -0.597096 -0.305183 -0.741849 -0.419372 -0.187446 -0.888252 
-0.528352 -0.267779 -0.805691 -0.312447 -0.130663 -0.940906 -0.342195 -0.151585 -0.927321 
-0.457196 -0.234359 -0.857932 -0.553811 -0.306285 -0.774262 -0.274757 -0.1271 -0.953076 
-0.319638 -0.143123 -0.936668 -0.37459 -0.185015 -0.908544 -0.303166 -0.125775 -0.944601 
-0.256818 -0.0827717 -0.962909 -0.486433 -0.284467 -0.826113 -0.407836 -0.23408 -0.88254 
-0.327187 -0.150836 -0.932844 -0.2643 -0.0564154 -0.962789 -0.224741 0.0530541 -0.972973 
-0.292715 -0.0832476 -0.952569 -0.232154 0.157853 -0.959785 -0.247095 0.0456011 -0.967918 
-0.249439 0.176716 -0.95213 -0.432917 -0.28717 -0.854468 -0.361394 -0.18998 -0.912854 
-0.292704 -0.0586153 -0.954405 -0.260226 0.112155 -0.959012 -0.317428 -0.0890285 -0.944094 
-0.38461 -0.237542 -0.891991 -0.25854 0.0727124 -0.96326 -0.502755 -0.341796 -0.793986 
-0.345995 -0.178132 -0.921171 -0.435783 -0.316277 -0.842652 -0.261193 0.00598729 -0.965268 
-0.555289 -0.344148 -0.75711 -0.525293 -0.381683 -0.760516 -0.479216 -0.385657 -0.788429 
-0.593322 -0.32352 -0.737091 -0.563501 -0.354623 -0.746129 -0.408811 -0.343162 -0.845644 
-0.313823 -0.177785 -0.932688 -0.514028 -0.388493 -0.764754 -0.537635 -0.35247 -0.765973 
-0.500174 -0.339472 -0.796608 -0.490733 -0.407932 -0.769917 -0.454671 -0.417081 -0.786968 
-0.463361 -0.394209 -0.79366 -0.455054 -0.372506 -0.808805 -0.457429 -0.419786 -0.783925 
-0.355573 -0.358696 -0.863079 -0.418229 -0.411738 -0.809665 -0.43072 -0.437043 -0.789603 
-0.324136 -0.37666 -0.867792 -0.327606 -0.238147 -0.914309 -0.374794 -0.342978 -0.861334 
-0.358774 -0.408793 -0.839148 -0.392369 -0.436265 -0.809765 -0.381098 -0.440149 -0.813039 
-0.390906 -0.417616 -0.820238 -0.318476 -0.322636 -0.891336 -0.322962 -0.432322 -0.841899 
-0.279866 -0.418479 -0.864031 -0.309928 -0.408061 -0.858738 -0.174368 -0.372752 -0.911401 
-0.109152 -0.338701 -0.934541 -0.179109 -0.385136 -0.905312 -0.077178 -0.347622 -0.934453 
0.0580207 -0.290922 -0.954986 -0.243234 0.184874 -0.952186 -0.423708 0.174538 -0.888824 
-0.494837 0.154195 -0.855196 -0.621132 0.167086 -0.765688 -0.671151 0.144472 -0.727106 
-0.733665 0.116673 -0.66942 -0.851521 0.109213 -0.512821 -0.876125 0.106895 -0.470084 
-0.903149 0.0681267 -0.423887 -0.894564 0.126596 -0.428636 -0.983517 0.0515935 -0.173298 
-0.981733 0.0659558 -0.178467 -0.977847 0.0643354 -0.199189 -0.991936 -0.0230074 0.124632 
-0.993124 0.0143863 0.116183 -0.997578 0.0638499 -0.0276024 -0.988995 0.0194249 0.146666 
-0.946846 -0.0265233 0.320593 -0.943197 -0.0392143 0.329911 -0.948297 -0.0161942 0.316971 
-0.985974 0.0458698 0.160471 -0.94722 -0.0168279 0.320143 -0.911337 -0.0611565 0.407094 
-0.92748 -0.0404713 0.371676 -0.956479 0.000447029 0.2918 -0.941457 -0.0336785 0.335446 
-0.933305 -0.0803003 0.349992 -0.941033 -0.0578665 0.333328 -0.965707 -0.049791 0.254814 
-0.96066 -0.0260494 0.276504 -0.9752 -0.00090295 0.221323 -0.993294 -0.0855936 0.0777238 
-0.989244 0.0194755 0.144972 -0.9872 -0.0377749 0.154949 -0.999063 -0.0372096 -0.0220857 
-0.998338 -0.00621404 -0.0572992 -0.996165 -0.0656663 -0.057818 -0.985133 -0.0551008 -0.162716 
-0.956814 -0.0846258 -0.278111 -0.939348 -0.0342598 -0.34125 -0.907152 -0.103538 -0.407866 
-0.897396 -0.0601789 -0.437103 -0.889561 -0.079548 -0.449837 -0.729502 -0.088592 -0.678217 
-0.657922 -0.0772406 -0.749115 -0.710151 -0.0478167 -0.702423 -0.653858 -0.0870629 -0.751592 
-0.567441 -0.0915078 -0.818314 -0.450596 -0.0794629 -0.889185 -0.371171 -0.0577849 -0.926765 
-0.289599 -0.0845527 -0.953406 -0.451015 -0.0563252 -0.890737 -0.296281 -0.0740002 -0.95223 
-0.139247 -0.0511288 -0.988937 -0.146661 -0.0663555 -0.986959 -0.122454 -0.0480334 -0.991311 
0.1108 -0.0666042 -0.991609 0.0741976 -0.0469461 -0.996138 0.0739936 -0.0469066 -0.996155 
0.180109 -0.0367686 -0.982959 0.145526 -0.0676859 -0.987036 0.148027 -0.0826416 -0.985524 
0.388378 -0.0546843 -0.919876 0.362891 -0.0483567 -0.930576 0.278731 -0.0117224 -0.960298 
0.464254 -0.08208 -0.881891 0.367147 -0.0284624 -0.929727 0.432259 -0.0290637 -0.901281 
0.563693 -0.0560781 -0.824078 0.65463 -0.0910611 -0.750445 0.570302 -0.0395486 -0.820482 
0.639701 -0.0744467 -0.76501 0.699504 -0.0475133 -0.713047 0.761661 -0.0732609 -0.64382 
0.795575 -0.0881816 -0.599403 0.711054 -0.0180654 -0.702905 0.635219 -0.0194227 -0.772088 
0.814746 -0.0526104 -0.577426 0.591626 -0.0131225 -0.806106 0.777424 -0.0250747 -0.628477 
0.865209 -0.0793568 -0.495092 0.893066 -0.0606722 -0.445816 0.864519 -0.0286859 -0.501781 
0.534729 0.00390803 -0.845015 0.819862 -0.001062 -0.57256 0.753146 0.00546715 -0.657831 
0.680936 0.013125 -0.732225 0.522408 0.0219927 -0.852412 0.680729 0.0303655 -0.731906 
0.671984 0.059519 -0.73817 0.785498 0.032948 -0.617987 0.829403 0.0175376 -0.558375 
0.792611 0.057691 -0.606992 0.786999 0.077923 -0.612014 0.864924 0.0132722 -0.501727 
0.797297 0.103396 -0.594665 0.865778 0.044592 -0.498437 0.877524 0.0741762 -0.473762 
0.870287 0.0925886 -0.483764 0.906821 -0.0107979 -0.421377 0.913909 0.00705414 -0.405858 
0.919554 0.0516354 -0.389556 0.921007 0.0318204 -0.388244 0.937905 0.067604 -0.34024 
0.931502 -0.0441625 -0.361045 0.952125 0.00852 -0.30559 0.95464 -0.0277457 -0.296468 
0.940619 -0.0840099 -0.328904 0.974696 -0.0171146 -0.22288 0.965939 0.0458004 -0.254685 
0.97073 -0.0649769 -0.231219 0.978413 0.0270962 -0.204874 0.988669 0.0056677 -0.150005 
0.987984 -0.0479866 -0.146921 0.991238 -0.0872969 -0.0991255 0.994508 -0.0242907 -0.101804 
0.996012 -0.0753355 -0.0478068 0.998651 -0.0505704 0.011796 0.993137 -0.10316 0.0551142 
0.983768 -0.0729881 0.163928 0.999982 -0.00606674 -8.55683e-05 0.970845 -0.1094 0.213287 
0.990895 -0.0233946 0.132587 0.999848 0.0172941 0.00235837 0.993222 0.040456 -0.108963 
0.936247 0.0958659 -0.338011 0.889856 0.147013 -0.431907 0.913945 0.114785 -0.389267 
0.989173 0.0701937 -0.128875 0.973474 0.0848959 -0.212464 0.989215 0.0102363 0.146114 
0.935245 0.143178 -0.323754 0.998055 0.0618153 0.00805657 0.989482 0.0353802 0.140266 
0.972288 0.123801 -0.198317 0.954706 0.169665 -0.24444 0.988193 0.0699332 0.136323 
0.993262 0.105758 -0.0473802 0.992001 0.0899119 0.088599 0.982602 0.161078 -0.0924469 
0.969602 0.0558934 0.23822 0.958543 0.208735 -0.193974 0.988985 0.106835 0.102447 
0.990453 0.134348 0.0308898 0.968306 0.0925922 0.231969 0.979118 0.127038 0.158714 
0.985542 0.160775 0.0534677 0.977968 0.206888 -0.0278501 0.978096 0.183126 0.0989603 
0.972929 0.147061 0.178278 0.967625 0.251201 0.0244832 0.969317 0.212092 0.124266 
0.959544 0.167582 0.226256 0.949035 0.185525 0.254782 0.948623 0.213335 0.233671 
0.946497 0.121318 0.299041 0.952632 0.251213 0.171419 0.924416 0.24239 0.294453 
0.929158 0.221421 0.296038 0.919547 0.188399 0.344875 0.916216 0.150183 0.371475 
0.891054 0.210292 0.402244 0.893878 0.249572 0.372419 0.872814 0.164883 0.459358 
0.881809 0.120296 0.456007 0.857748 0.136855 0.495518 0.897745 0.104388 0.427969 
0.918358 0.0877254 0.385905 0.936311 0.0608153 0.345865 0.841386 0.0882921 0.533173 
0.960363 0.0258964 0.277547 0.863872 0.0677058 0.499141 0.888032 0.0499657 0.457059 
0.961245 -0.00364783 0.275673 0.921753 0.0155401 0.387466 0.967726 -0.0447091 0.248007 
0.858521 0.0280825 0.512008 0.882301 0.0143512 0.470468 0.937327 -0.0300034 0.347156 
0.916048 -0.0134655 0.400842 0.944741 -0.09163 0.31475 0.933172 -0.0630788 0.353851 
0.87589 -0.0115813 0.482372 0.893688 -0.0570711 0.445045 0.889171 -0.0912356 0.448386 
0.862431 -0.042952 0.504349 0.836357 -0.116173 0.535735 0.828284 -0.0880909 0.55334 
0.834884 -0.00287694 0.550419 0.80007 -0.0682334 0.596014 0.781711 -0.124899 0.611005 
0.809888 -0.0382563 0.585336 0.74462 -0.10315 0.65947 0.823472 0.0298874 0.566569 
0.732508 -0.0755823 0.67655 0.738485 -0.0502676 0.672393 0.646767 -0.115221 0.753934 
0.764814 -0.00848965 0.644195 0.645404 -0.0809166 0.759544 0.693968 -0.0414044 0.718814 
0.538617 -0.113578 0.83486 0.800012 0.045058 0.59829 0.681826 -0.0240688 0.731119 
0.618623 -0.0590267 0.783468 0.744206 0.00944071 0.667883 0.556381 -0.0836275 0.826708 
0.613402 -0.0199178 0.789519 0.667132 0.0114297 0.744852 0.545983 -0.0572352 0.835839 
0.731523 0.0341415 0.680962 0.766439 0.0664709 0.638868 0.604856 0.0121238 0.796242 
0.544544 -0.0207732 0.838475 0.688632 0.0454382 0.723686 0.615292 0.0386952 0.787349 
0.662291 0.064304 0.746482 0.790477 0.110847 0.602377 0.715707 0.0850048 0.693208 
0.804025 0.142606 0.577241 0.850613 0.180962 0.493671 0.648697 0.0799482 0.756836 
0.71602 0.104477 0.690217 0.844216 0.221819 0.487951 0.815448 0.182385 0.549345 
0.745935 0.126494 0.653896 0.760252 0.157601 0.630221 0.77891 0.187779 0.598363 
0.786591 0.224101 0.575372 0.696483 0.125425 0.706526 0.709483 0.150519 0.68846 
0.728816 0.181911 0.660102 0.64553 0.0946572 0.757847 0.640435 0.115451 0.759285 
0.659583 0.15295 0.735905 0.596504 0.068422 0.799689 0.613929 0.122707 0.779766 
0.55277 0.0404051 0.832354 0.589356 0.0805249 0.803851 0.538368 0.0119023 0.842626 
0.588979 0.123491 0.798657 0.579831 0.0961801 0.80904 0.54477 0.0894972 0.833796 
0.535831 0.0473032 0.842999 0.538914 0.0953307 0.836949 0.530281 0.0608146 0.845638 
0.502647 0.0636128 0.862148 0.489264 0.0497539 0.870715 0.482732 0.0423378 0.874744 
0.480778 0.0397354 0.875942 0.449187 0.0223473 0.893158 0.479438 0.0264624 0.877177 
0.43939 0.00554426 0.898279 0.444097 0.016385 0.895829 0.472561 0.0121763 0.881214 
0.404551 -0.00970558 0.914464 0.405768 -0.015662 0.913842 0.417954 -0.00580279 0.90845 
0.384201 -0.0330377 0.922658 0.396969 -0.0253261 0.917483 0.459119 -0.0130365 0.888279 
0.374176 -0.0372917 0.926608 0.40306 -0.0267912 0.914781 0.464812 -0.0359072 0.884681 
0.357895 -0.0579022 0.931965 0.362673 -0.0563477 0.930211 0.393841 -0.054729 0.917548 
0.468222 -0.0699581 0.880837 0.407692 -0.0760345 0.909948 0.477348 -0.0972117 0.87332 
0.361573 -0.0887369 0.928111 0.34667 -0.0805115 0.934526 0.395958 -0.105472 0.912191 
0.429758 -0.120478 0.89487 0.458189 -0.133998 0.878696 0.392971 -0.134931 0.909598 
0.350475 -0.109072 0.930199 0.363808 -0.123847 0.923204 0.341158 -0.0992598 0.934751 
0.371321 -0.133869 0.918804 0.352671 -0.107916 0.929504 0.365022 -0.118547 0.923421 
0.355785 -0.0930832 0.929921 0.409441 -0.0936166 0.907521 0.387668 -0.08659 0.917723 
0.360861 -0.0755059 0.929558 0.441055 -0.0687584 0.894842 0.467375 -0.0555862 0.88231 
0.415221 -0.0699195 0.90703 0.383148 -0.0708709 0.920964 0.387662 -0.0576186 0.919999 
0.418207 -0.0305147 0.907839 0.432348 -0.0601703 0.899697 0.397466 -0.047106 0.916407 
0.396778 -0.0395618 0.917062 0.443454 -0.0339684 0.895653 0.438688 -0.0482151 0.897345 
0.475685 -0.0389824 0.878752 0.466201 -0.0459975 0.883482 0.450518 -0.0475146 0.891502 
0.520248 -0.0389924 0.853125 0.476498 -0.0511303 0.877688 0.580734 -0.00931198 0.81404 
0.545251 -0.0316792 0.837674 0.618615 -0.0163184 0.785525 0.514642 -0.0320114 0.856807 
0.503644 -0.041084 0.862934 0.583981 -0.00639439 0.811742 0.566386 -0.0341176 0.823434 
0.580436 -0.00293925 0.814301 0.61138 -0.0213626 0.791049 0.644353 -0.00625385 0.764702 
0.604826 -0.0187888 0.796136 0.640076 0.0244274 0.767924 0.708178 0.063374 0.703184 
0.691651 0.027674 0.721702 0.697319 0.0063502 0.716733 0.684386 0.00508451 0.729102 
0.791383 0.0967383 0.603618 0.813683 0.0660516 0.577544 0.747487 0.0285762 0.663661 
0.871151 0.151153 0.46717 0.808474 0.0684337 0.58454 0.863742 0.111388 0.491469 
0.914804 0.182348 0.360394 0.725049 0.0179351 0.688464 0.925188 0.145841 0.350368 
0.887889 0.122722 0.443388 0.9629 0.234806 0.133003 0.95834 0.285219 -0.0153258 
0.838517 0.0828665 0.538537 0.972887 0.227695 0.0405631 0.936616 0.306626 -0.169501 
0.969198 0.206159 0.134734 0.653783 0.0181336 0.756465 0.945935 0.175622 0.272698 
0.688938 0.023907 0.724426 0.816682 0.0549441 0.574466 0.721991 0.0506511 0.690046 
0.900801 0.12987 0.414357 0.938964 0.269755 -0.213493 0.791312 0.0572082 0.60873 
0.883707 0.316402 -0.344894 0.957802 0.275872 -0.0806798 0.964892 0.235447 0.116399 
0.945397 0.166602 0.280121 0.901865 0.121375 0.414618 0.856244 0.115928 0.503396 
0.945809 0.172176 0.275319 0.922753 0.327274 -0.203515 0.968825 0.228072 0.0967526 
0.820581 0.32555 -0.469749 0.93308 0.317598 -0.168801 0.950286 0.206602 0.232964 
0.969778 0.239345 0.0473824 0.842683 0.350221 -0.408939 0.934331 0.310502 -0.174969 
0.946438 0.297126 0.126379 0.840414 0.358232 -0.406662 0.954752 0.290069 -0.0656424 
0.856754 0.359824 -0.369459 0.924665 0.343235 -0.164878 0.860197 0.364393 -0.356762 
0.905504 0.394241 -0.156963 0.822087 0.400665 -0.404525 0.786379 0.43608 -0.437542 
0.740803 0.38586 -0.549839 0.725437 0.396009 -0.562955 0.742751 0.375024 -0.554688 
0.611955 0.404539 -0.679602 0.659239 0.401168 -0.635979 0.65574 0.386138 -0.64877 
0.439891 0.322938 -0.837978 0.583152 0.36939 -0.723522 0.441623 0.317804 -0.839029 
0.291241 0.229557 -0.928699 0.663234 0.378407 -0.6457 0.561251 0.368684 -0.740992 
0.452125 0.319043 -0.832943 0.260591 0.213602 -0.941523 0.178175 0.168026 -0.969547 
0.609794 0.379989 -0.695528 0.290183 0.224599 -0.930242 0.495865 0.340943 -0.798671 
0.185418 0.112498 -0.976199 0.365867 0.267853 -0.891289 0.239851 0.180079 -0.953962 
0.29505 0.219211 -0.929996 0.208101 0.162482 -0.964517 0.40248 0.271684 -0.874184 
0.520776 0.340462 -0.782866 0.172969 0.159726 -0.97189 0.259816 0.171134 -0.950373 
0.177118 0.0689293 -0.981773 0.578646 0.352102 -0.735658 0.35489 0.20316 -0.912567 
0.243817 0.133083 -0.960647 0.483698 0.289076 -0.826119 0.62863 0.359864 -0.689436 
0.73501 0.355751 -0.577236 0.679311 0.367374 -0.635274 0.541843 0.296905 -0.786291 
0.598375 0.339074 -0.725931 0.311913 0.149433 -0.938286 0.230465 0.11188 -0.966627 
0.463786 0.231359 -0.855205 0.642789 0.35405 -0.679316 0.567139 0.292862 -0.769796 
0.62575 0.33266 -0.705531 0.383962 0.16845 -0.907854 0.269427 0.121887 -0.955276 
0.685834 0.359692 -0.632656 0.738539 0.359659 -0.570268 0.816663 0.356286 -0.454007 
0.664546 0.354318 -0.657903 0.615508 0.298202 -0.729538 0.523518 0.233375 -0.81943 
0.279881 0.118627 -0.952677 0.712393 0.362919 -0.600655 0.198506 0.0895877 -0.975997 
0.876219 0.349643 -0.331647 0.658281 0.334796 -0.674224 0.769587 0.371305 -0.519489 
0.682609 0.351387 -0.640759 0.708511 0.365276 -0.60381 0.41803 0.155351 -0.895052 
0.277934 0.100247 -0.955355 0.612492 0.254171 -0.748499 0.225576 0.0913459 -0.969934 
0.531652 0.205222 -0.821724 0.66506 0.301744 -0.683115 0.686971 0.329263 -0.647809 
0.704187 0.348566 -0.618565 0.564207 0.202999 -0.800289 0.65599 0.255 -0.710388 
0.328076 0.104458 -0.938858 0.704161 0.322286 -0.632684 0.694409 0.293869 -0.656839 
0.267036 0.0803444 -0.960332 0.487543 0.156752 -0.858913 0.624394 0.200043 -0.755059 
0.697628 0.251136 -0.671004 0.274394 0.0353067 -0.960969 0.551929 0.161787 -0.818046 
0.392985 0.0962192 -0.914497 0.720906 0.29243 -0.628315 0.548705 0.139943 -0.82422 
0.672323 0.197548 -0.713412 0.351834 0.0693191 -0.933492 0.481541 0.10853 -0.869678 
0.265892 0.0658042 -0.961754 0.37565 0.077774 -0.923493 0.401763 0.0682279 -0.913199 
0.501876 0.0860029 -0.860653 0.651749 0.160402 -0.741279 0.738907 0.243552 -0.628251 
0.731712 0.215404 -0.646682 0.633785 0.124347 -0.763449 0.727699 0.151812 -0.668886 
0.763576 0.203328 -0.61287 0.765194 0.241141 -0.596933 0.775893 0.167631 -0.608185 
0.813576 0.200435 -0.54582 0.718472 0.333128 -0.610593 0.787056 0.252633 -0.562778 
0.753412 0.292155 -0.58908 0.839059 0.212688 -0.500743 0.812064 0.257679 -0.523597 
0.780755 0.293698 -0.55151 0.731699 0.362309 -0.577363 0.747291 0.35331 -0.562786 
0.761593 0.372306 -0.530439 0.76953 0.333588 -0.544557 0.870155 0.35709 -0.339583 
0.797617 0.382578 -0.466306 0.875276 0.365202 -0.317048 0.810359 0.314099 -0.494631 
0.809782 0.372783 -0.453085 0.946128 0.313713 -0.0801661 0.845891 0.250035 -0.471116 
0.815329 0.363295 -0.450838 0.94514 0.325546 -0.0270189 0.915508 0.355107 -0.189059 
0.939978 0.232586 0.249689 0.878739 0.22367 -0.421651 0.944243 0.265883 0.194193 
0.87403 0.37728 -0.306155 0.853013 0.294932 -0.430562 0.840948 0.135939 0.523763 
0.841193 0.351156 -0.411198 0.95094 0.272875 0.145781 0.862792 0.371859 -0.342508 
0.890073 0.255418 -0.377534 0.948117 0.317911 -0.00266129 0.875537 0.322296 -0.359944 
0.885417 0.172741 0.431506 0.795106 0.0894043 0.599845 0.887446 0.361899 -0.285426 
0.923585 0.355378 -0.143869 0.907639 0.279309 -0.313334 0.957556 0.273004 0.0924923 
0.91623 0.329037 -0.228598 0.914617 0.196477 0.353374 0.936142 0.33669 -0.101381 
0.952944 0.271643 0.134563 0.791148 0.0965432 0.603957 0.709244 0.0466431 0.703418 
0.950457 0.305488 -0.057526 0.939722 0.279365 -0.197177 0.957616 0.246959 0.148266 
0.956586 0.286633 -0.0527712 0.953595 0.250332 0.167306 0.883052 0.136037 0.449126 
0.971124 0.236905 -0.0281964 0.913093 0.163824 0.373393 0.771921 0.0635371 0.632536 
0.959229 0.202049 0.197624 0.687232 0.0402144 0.725324 0.896084 0.120208 0.427299 
0.967591 0.175733 0.181346 0.797963 0.0391675 0.601433 0.75686 0.0352972 0.652623 
0.655721 0.011037 0.754923 0.673065 -0.0193827 0.739329 0.590503 -0.011701 0.806951 
0.888337 0.105975 0.446796 0.499725 -0.053175 0.86455 0.774598 -0.000716312 0.632453 
0.665058 -0.0251751 0.746367 0.557975 -0.0471181 0.828519 0.587624 -0.0594445 0.806947 
0.48153 -0.0727053 0.873409 0.658331 -0.0700022 0.749466 0.398507 -0.112669 0.910219 
0.444024 -0.0986759 0.890565 0.486913 -0.0970189 0.868046 0.535659 -0.101755 0.838281 
0.892327 0.0641737 0.446804 0.762003 -0.00269789 0.647568 0.635676 -0.0860944 0.76714 
0.532312 -0.125515 0.837192 0.415901 -0.126392 0.900584 0.73981 -0.0228113 0.672429 
0.76814 -0.0327516 0.639444 0.621235 -0.0892332 0.778527 0.388173 -0.133274 0.911899 
0.523974 -0.132586 0.841352 0.455609 -0.151031 0.877274 0.626173 -0.089297 0.774553 
0.434488 -0.13732 0.890148 0.524201 -0.139268 0.84013 0.465699 -0.156202 0.871048 
0.577683 -0.128288 0.806117 0.402309 -0.153726 0.902505 0.474587 -0.15971 0.865598 
0.424118 -0.163638 0.8907 0.439196 -0.171953 0.881782 0.401412 -0.148231 0.903823 
0.438237 -0.168426 0.882939 0.435696 -0.170508 0.883796 0.458887 -0.177945 0.870493 
0.461614 -0.15672 0.873128 0.455382 -0.177943 0.872332 0.503664 -0.170703 0.846867 
0.542714 -0.1427 0.827707 0.489082 -0.174737 0.854556 0.46662 -0.185085 0.864875 
0.569201 -0.164137 0.805648 0.619293 -0.142133 0.772188 0.523156 -0.183504 0.832246 
0.569886 -0.179849 0.801801 0.697889 -0.137438 0.702896 0.643552 -0.166415 0.747093 
0.746658 -0.154733 0.646962 0.678348 -0.176026 0.713343 0.487575 -0.162491 0.857827 
0.513195 -0.190703 0.836818 0.62608 -0.190791 0.756057 0.573341 -0.191065 0.796727 
0.520236 -0.157132 0.839443 0.492285 -0.181522 0.851296 0.51181 -0.176329 0.840808 
0.725881 -0.191104 0.660739 0.546926 -0.1948 0.814202 0.64897 -0.195941 0.735149 
0.531836 -0.169751 0.829659 0.548401 -0.203174 0.811157 0.605456 -0.197333 0.771027 
0.542976 -0.195053 0.816781 0.54335 -0.184454 0.818992 0.562948 -0.180679 0.806502 
0.63122 -0.210244 0.746565 0.73226 -0.199691 0.65109 0.589274 -0.196241 0.783738 
0.61849 -0.213461 0.756244 0.700647 -0.20795 0.682532 0.612081 -0.182851 0.769365 
0.654255 -0.207534 0.727241 0.733999 -0.21402 0.644547 0.707631 -0.223415 0.670332 
0.680912 -0.197018 0.705367 0.704221 -0.21752 0.675839 0.727714 -0.213356 0.651852 
0.7582 -0.213085 0.61622 0.785028 -0.226339 0.57663 0.797867 -0.224633 0.559418 
0.794417 -0.207665 0.570769 0.798359 -0.223601 0.559129 0.812169 -0.215975 0.541974 
0.771769 -0.167313 0.613497 0.812311 -0.200386 0.54772 0.812079 -0.182775 0.554185 
0.833544 -0.147988 0.532264 0.890362 -0.124045 0.438027 0.871454 -0.185081 0.454218 
0.88467 -0.164622 0.436186 0.900434 -0.144818 0.410178 0.865489 -0.203216 0.457856 
0.942326 -0.126726 0.309778 0.940873 -0.146922 0.305242 0.926104 -0.173316 0.3351 
0.912807 -0.187342 0.362886 0.867849 -0.210371 0.450091 0.967686 -0.154909 0.198966 
0.978959 -0.13259 0.155109 0.950055 -0.182323 0.253285 0.863633 -0.231772 0.447682 
0.840802 -0.232816 0.488721 0.925078 -0.209642 0.316672 0.862696 -0.232922 0.448891 
0.889794 -0.236791 0.390125 0.91858 -0.222243 0.326832 0.90899 -0.251109 0.332689 
0.920881 -0.253892 0.295832 0.925475 -0.228408 0.302202 0.931076 -0.245191 0.270145 
0.940313 -0.27207 0.204426 0.945174 -0.235473 0.22627 0.95964 -0.252134 0.124575 
0.952091 -0.268444 0.146497 0.961442 -0.22308 0.160825 0.971919 -0.23193 0.0397701 
0.965001 -0.202191 0.167009 0.964932 -0.256561 -0.055531 0.964352 -0.248409 -0.0912034 
0.975605 -0.172162 0.136218 0.976729 -0.212741 0.0272361 0.973166 -0.222332 -0.059294 
0.959826 -0.224406 -0.168454 0.982573 -0.184573 0.0219871 0.9873 -0.152305 0.0451978 
0.969173 -0.198515 -0.145928 0.99246 -0.121497 -0.0161842 0.986334 -0.137485 -0.0907878 
0.978595 -0.168748 -0.117793 0.981 -0.103119 -0.164336 0.944704 -0.209625 -0.252176 
0.971621 -0.14397 -0.187682 0.958218 -0.116504 -0.261239 0.946712 -0.171298 -0.27275 
0.943977 -0.156004 -0.29081 0.922033 -0.18911 -0.337777 0.896107 -0.0982012 -0.432838 
0.898994 -0.128606 -0.418654 0.89269 -0.159616 -0.421459 0.821867 -0.108036 -0.559342 
0.822032 -0.145154 -0.550631 0.838984 -0.170268 -0.516832 0.740755 -0.130502 -0.658978 
0.877561 -0.195662 -0.437725 0.692131 -0.103751 -0.714277 0.719575 -0.149667 -0.678095 
0.609798 -0.123096 -0.782939 0.462464 -0.0963578 -0.881386 0.766256 -0.17218 -0.619036 
0.550397 -0.135601 -0.823818 0.380631 -0.0979069 -0.919529 0.609441 -0.151774 -0.778169 
0.303281 -0.12499 -0.944668 0.9074 -0.210252 -0.363895 0.368139 -0.127214 -0.921027 
0.814157 -0.19499 -0.546925 0.688593 -0.178482 -0.70284 0.52962 -0.157633 -0.83346 
0.854111 -0.209592 -0.47599 0.727903 -0.188421 -0.659284 0.9261 -0.237367 -0.29325 
0.809369 -0.21353 -0.547107 0.957339 -0.288846 -0.00835061 0.934585 -0.251719 -0.251374 
0.944958 -0.270018 -0.184784 0.95932 -0.282316 0.00170773 0.868171 -0.238123 -0.435404 
0.941415 -0.283752 -0.182269 0.900936 -0.265223 -0.34347 0.916358 -0.29194 -0.273968 
0.818759 -0.241017 -0.5211 0.873277 -0.284384 -0.395616 0.764068 -0.216469 -0.607735 
0.829104 -0.265803 -0.491869 0.703934 -0.214273 -0.677173 0.785582 -0.280924 -0.55131 
0.599269 -0.177806 -0.780552 0.714515 -0.245932 -0.65497 0.579134 -0.215107 -0.786341 
0.643444 -0.256208 -0.721345 0.507256 -0.170023 -0.844857 0.392542 -0.133332 -0.910018 
0.481502 -0.213452 -0.850056 0.483425 -0.249729 -0.839009 0.385634 -0.173692 -0.906155 
0.324804 -0.169909 -0.930394 0.327983 -0.198954 -0.923496 0.323056 -0.125495 -0.938022 
0.191104 -0.182991 -0.964362 0.148041 -0.136059 -0.979577 0.252456 -0.121312 -0.959974 
0.122115 -0.113992 -0.985948 -0.156477 -0.0687707 -0.985285 -0.0329043 -0.0764718 -0.996529 
-0.245838 -0.0233521 -0.96903 -0.432196 0.0242926 -0.901452 -0.536876 0.0763341 -0.840201 
-0.17726 -0.0304162 -0.983694 -0.388805 0.0252524 -0.920974 -0.618986 0.0898927 -0.780241 
-0.726365 0.154706 -0.669672 -0.774406 0.177756 -0.607205 -0.0337795 -0.0553983 -0.997893 
-0.431529 0.0491717 -0.900758 -0.640607 0.13331 -0.756208 -0.82832 0.216785 -0.516615 
-0.575048 0.0905479 -0.813093 0.0376379 -0.0639978 -0.99724 -0.728564 0.164507 -0.664931 
-0.299421 0.0159154 -0.953988 0.245936 -0.100623 -0.964049 -0.611583 0.0763564 -0.787487 
-0.793465 0.16255 -0.586507 -0.110616 -0.0422036 -0.992967 -0.395309 0.0257993 -0.918186 
-0.0516322 -0.068088 -0.996342 -0.826172 0.145415 -0.544329 -0.462029 0.0292589 -0.886382 
0.0658528 -0.083136 -0.99436 0.0714011 -0.0731774 -0.99476 -0.721763 0.108536 -0.683577 
-0.521779 -0.0177514 -0.852896 -0.292344 -0.0533573 -0.954824 -0.267486 -0.0658103 -0.961312 
-0.769102 0.0733313 -0.634906 -0.647019 -0.0261465 -0.762026 -0.778296 0.0147439 -0.627724 
-0.862826 0.0186825 -0.505156 -0.933912 0.158939 -0.32023 -0.912802 -0.00397371 -0.408384 
-0.937965 0.0876126 -0.335477 -0.978434 0.0407851 -0.202495 -0.996443 0.0216806 -0.0814331 
-0.980606 0.138059 -0.139108 -0.93545 0.218602 -0.277752 -0.996624 0.0384011 0.0725686 
-0.994317 0.104596 -0.0198252 -0.985623 0.168254 -0.0154335 -0.970547 0.21957 -0.0991298 
-0.985441 0.0860159 0.146657 -0.974701 0.0313924 0.221297 -0.984 0.13357 0.117914 
-0.975473 0.0691779 0.208966 -0.986223 0.12222 0.111473 -0.977545 0.0406149 0.206776 
-0.983044 0.173839 0.0583428 -0.989858 0.079891 0.117468 -0.986067 0.136664 -0.0948427 
-0.980869 0.176917 -0.0812128 -0.974243 0.22534 0.00849546 -0.971225 0.220555 -0.0898741 
-0.90418 0.248086 -0.347724 -0.949043 0.271522 -0.159979 -0.96186 0.26534 -0.0664821 
-0.852662 0.233648 -0.467307 -0.916195 0.285951 -0.280748 -0.945442 0.291975 -0.144531 
-0.857364 0.244768 -0.452787 -0.953653 0.269676 -0.133495 -0.898994 0.283939 -0.33345 
-0.947738 0.299854 -0.108997 -0.875336 0.29116 -0.386021 -0.902672 0.31585 -0.29227 
-0.925545 0.31809 -0.205389 -0.803769 0.302777 -0.512134 -0.897696 0.311484 -0.311639 
-0.839982 0.330615 -0.430261 -0.576926 0.24349 -0.779659 -0.712491 0.30878 -0.630089 
-0.617552 0.287914 -0.731939 -0.312123 0.174506 -0.933877 -0.320242 0.204258 -0.925053 
-0.849519 0.287892 -0.44208 -0.756097 0.287892 -0.587738 -0.417625 0.235958 -0.877447 
-0.0916085 0.114778 -0.989158 -0.512134 0.258793 -0.81899 -0.104827 0.158899 -0.981714 
-0.617902 0.267466 -0.739364 -0.899947 0.26512 -0.34613 -0.215978 0.19585 -0.956554 
-0.73421 0.27905 -0.618924 0.0648739 0.0895513 -0.993867 -0.0426943 0.156487 -0.986757 
-0.319857 0.230966 -0.918883 0.0906984 0.122781 -0.988281 0.0248901 0.150767 -0.988256 
-0.756445 0.252858 -0.603203 -0.487804 0.239178 -0.839548 -0.893748 0.224418 -0.388395 
-0.046995 0.188091 -0.981027 -0.637805 0.231087 -0.734713 -0.154251 0.208933 -0.965688 
-0.921857 0.185133 -0.340449 -0.74225 0.226774 -0.630586 -0.278459 0.230038 -0.932493 
-0.993052 0.0992056 -0.0633006 -0.895876 0.165034 -0.412518 -0.92958 0.132554 -0.343964 
-0.469123 0.241071 -0.849593 -0.593762 0.225346 -0.772442 -0.705721 0.193522 -0.681548 
-0.725927 0.177668 -0.664428 -0.7248 0.179672 -0.665119 -0.434149 0.203421 -0.877573 
-0.204088 0.218201 -0.954325 -0.0405166 0.217619 -0.975192 0.0584511 0.181588 -0.981636 
-0.445102 0.200001 -0.872859 0.00618447 0.195992 -0.980586 -0.153442 0.202161 -0.967257 
-0.424768 0.190916 -0.884943 -0.16064 0.214686 -0.963382 0.00544089 0.202295 -0.97931 
-0.22511 0.200759 -0.953426 -0.163704 0.197881 -0.96646 -0.0626187 0.206924 -0.976351 
0.0302016 0.209952 -0.977245 0.0367902 0.226818 -0.973242 0.110974 0.191355 -0.975227 
-0.054161 0.213487 -0.975443 0.031707 0.223314 -0.974231 0.136015 0.207756 -0.968678 
0.135049 0.228546 -0.964121 0.108606 0.242758 -0.963988 0.0434734 0.242673 -0.969134 
0.170299 0.214056 -0.961862 0.151408 0.172267 -0.973345 0.117551 0.250767 -0.960884 
0.171943 0.190177 -0.966576 0.136376 0.156648 -0.978194 0.114686 0.220958 -0.968517 
0.147761 0.128246 -0.980673 0.171122 0.167032 -0.970988 0.161723 0.137442 -0.977218 
0.152417 0.109609 -0.982219 0.134499 0.0850821 -0.987254 0.0938798 0.059816 -0.993785 
0.105561 0.200288 -0.974034 0.104981 0.0896759 -0.990423 0.0884092 0.159297 -0.983264 
0.0885716 0.125306 -0.988157 -0.00656812 0.0504414 -0.998705 -0.0177887 0.0873342 -0.99602 
-0.0732355 0.144931 -0.986728 -0.0188261 0.197849 -0.980052 -0.211876 0.0705502 -0.974747 
-0.262598 0.118772 -0.957568 -0.0948288 0.172935 -0.980358 -0.482586 0.107635 -0.86921 
-0.344543 0.158012 -0.925377 -0.546452 0.135716 -0.826421 -0.715405 0.124229 -0.687577 
-0.7852 0.113988 -0.60866 -0.491688 0.162157 -0.85554 -0.63522 0.131524 -0.76105 
-0.265423 0.20755 -0.941527 -0.846327 0.0869365 -0.525522 -0.702509 0.117563 -0.701897 
-0.0639562 0.231987 -0.970614 -0.541969 0.169973 -0.82303 -0.312391 0.218518 -0.924479 
-0.000543694 0.256222 -0.966618 0.0939529 0.258832 -0.961342 0.0799414 0.263732 -0.961278 
-0.0568047 0.273629 -0.960156 -0.237223 0.25626 -0.937046 -0.449186 0.211395 -0.868069 
-0.0284609 0.277118 -0.960414 0.00808996 0.287537 -0.957735 0.0215139 0.28067 -0.959563 
-0.0536658 0.283734 -0.9574 -0.152655 0.288631 -0.945192 -0.0991509 0.297428 -0.949582 
-0.190057 0.283873 -0.939838 -0.309401 0.261113 -0.91438 -0.208229 0.293052 -0.933146 
-0.24927 0.289645 -0.924105 -0.475417 0.219088 -0.852044 -0.367734 0.270326 -0.889773 
-0.369348 0.272586 -0.888414 -0.513689 0.216728 -0.830152 -0.551229 0.214435 -0.806328 
-0.490351 0.242966 -0.836973 -0.548391 0.220039 -0.806753 -0.641813 0.157762 -0.750458 
-0.659118 0.174082 -0.731614 -0.621753 0.189789 -0.75987 -0.668916 0.15383 -0.727246 
-0.662506 0.142901 -0.7353 -0.618318 0.197943 -0.760593 -0.711752 0.13245 -0.68983 
-0.721158 0.138546 -0.678776 -0.779764 0.0748317 -0.621585 -0.794036 0.0651162 -0.604373 
-0.779651 0.0850857 -0.620407 -0.792417 0.0570048 -0.60731 -0.872789 0.0368342 -0.486706 
-0.876248 -0.0215604 -0.481377 -0.914722 -0.0140414 -0.403839 -0.889731 -0.0229875 -0.455906 
-0.943749 0.0750664 -0.32203 -0.970519 -0.00427988 -0.240985 -0.962097 -0.0344087 -0.270527 
-0.879211 -0.0507499 -0.473722 -0.95684 -0.123852 -0.262903 -0.980061 -0.104009 -0.1693 
-0.99085 -0.0927524 -0.098044 -0.996049 -0.0853155 0.0246507 -0.941259 -0.131161 -0.311172 
-0.988257 -0.151382 0.0207653 -0.978531 -0.194657 -0.0677154 -0.967851 -0.204703 -0.146155 
-0.970589 -0.164571 0.175709 -0.962682 -0.241829 0.121501 -0.929143 -0.241224 0.280186 
-0.963289 -0.268388 -0.00653326 -0.937494 -0.320923 0.134586 -0.916824 -0.308541 0.25345 
-0.950956 -0.268794 -0.153078 -0.897732 -0.373858 0.233039 -0.937455 -0.347989 0.00899752 
-0.859822 -0.383781 0.336778 -0.897824 -0.416874 0.141877 -0.929324 -0.181998 -0.321299 
-0.848878 -0.461733 0.257312 -0.856108 -0.49124 0.160504 -0.928059 -0.353625 -0.116859 
-0.906693 -0.421432 -0.0173985 -0.826098 -0.52283 0.210264 -0.871806 -0.482657 0.083651 
-0.784022 -0.533242 0.317747 -0.93145 -0.256822 -0.257765 -0.831722 -0.54314 0.115059 
-0.770901 -0.586935 0.247424 -0.906877 -0.404189 -0.119184 -0.904306 -0.137506 -0.404133 
-0.853892 -0.0250298 -0.519848 -0.91564 -0.332152 -0.226448 -0.909674 -0.224273 -0.349564 
-0.819678 0.025843 -0.572242 -0.878539 -0.0919585 -0.468735 -0.787667 0.0672522 -0.61242 
-0.889808 -0.140789 -0.434073 -0.848479 -0.0180913 -0.52892 -0.800766 0.0688616 -0.595006 
-0.759443 0.126494 -0.638159 -0.901341 -0.25393 -0.350863 -0.84817 0.00226621 -0.529719 
-0.88125 -0.107099 -0.460357 -0.818925 0.0760941 -0.568834 -0.890573 -0.399887 -0.216727 
-0.86639 -0.496136 -0.0567291 -0.854569 0.0262889 -0.518671 -0.889805 -0.185188 -0.417077 
-0.878211 -0.0666556 -0.473605 -0.841438 0.096193 -0.531723 -0.864267 -0.46458 -0.192893 
-0.813674 -0.580335 0.0338572 -0.772984 -0.617647 0.14494 -0.889841 -0.160512 -0.427106 
-0.885079 -0.333589 -0.324583 -0.873696 -0.0101311 -0.486367 -0.820769 -0.566349 -0.0747504 
-0.851881 -0.483094 -0.202285 -0.859924 0.0977603 -0.500973 -0.764756 -0.641498 0.0602294 
-0.890572 -0.170353 -0.421736 -0.853928 -0.457274 -0.248409 -0.809776 -0.572839 -0.126957 
-0.763917 -0.645164 -0.013931 -0.874818 0.0776794 -0.478184 -0.889426 -0.0677891 -0.452024 
-0.876817 0.155504 -0.454984 -0.884671 -0.297549 -0.358917 -0.881157 0.0580831 -0.469243 
-0.824123 -0.521905 -0.220084 -0.887053 0.210575 -0.410846 -0.878886 0.16386 -0.448007 
-0.886921 -0.109765 -0.44869 -0.881567 0.0706681 -0.466739 -0.878269 0.252438 -0.406102 
-0.880927 0.167362 -0.44267 -0.860604 -0.387919 -0.329968 -0.893541 -0.0566669 -0.445391 
-0.872423 0.210892 -0.440911 -0.889677 -0.23931 -0.388853 -0.895089 0.0137116 -0.445676 
-0.857656 0.324505 -0.398901 -0.853146 0.264824 -0.449456 -0.888147 0.047346 -0.457115 
-0.827297 0.377089 -0.416394 -0.885372 -0.262905 -0.383403 -0.87269 0.197195 -0.446684 
-0.841436 0.30406 -0.44669 -0.886501 0.0862436 -0.454618 -0.893158 -0.241598 -0.37934 
-0.783454 -0.601163 -0.15749 -0.803382 -0.563584 -0.192224 -0.77896 -0.588102 -0.217617 
-0.744983 -0.665848 -0.040575 -0.68432 -0.72864 0.0280918 -0.656615 -0.753901 -0.0221273 
-0.645926 -0.751138 0.136277 -0.610003 -0.790578 0.0536926 -0.70149 -0.704683 0.106462 
-0.541206 -0.809405 0.227945 -0.689002 -0.692817 0.212792 -0.62084 -0.738452 0.263147 
-0.717896 -0.644044 0.264259 -0.72672 -0.573746 0.377748 -0.532349 -0.779329 0.330532 
-0.698955 -0.630822 0.336935 -0.614565 -0.716495 0.330067 -0.646022 -0.67538 0.355692 
-0.656427 -0.618602 0.431782 -0.577372 -0.700603 0.419281 -0.530908 -0.733731 0.423999 
-0.586872 -0.655753 0.474942 -0.618996 -0.610543 0.494046 -0.528655 -0.686457 0.4993 
-0.590985 -0.600169 0.539013 -0.519109 -0.653481 0.550898 -0.537654 -0.609295 0.582827 
-0.452209 -0.708672 0.541564 -0.425028 -0.762701 0.487482 -0.544548 -0.585581 0.600468 
-0.442228 -0.657858 0.609637 -0.49502 -0.61451 0.614275 -0.384247 -0.815524 0.432753 
-0.595112 -0.587083 0.548795 -0.350877 -0.739583 0.574371 -0.452808 -0.657899 0.601775 
-0.342923 -0.719861 0.603494 -0.55709 -0.659234 0.505035 -0.293194 -0.752693 0.589483 
-0.441673 -0.849375 0.28894 -0.273887 -0.798831 0.535589 -0.384264 -0.733874 0.560152 
-0.25992 -0.777276 0.572961 -0.327052 -0.859235 0.393385 -0.292964 -0.796146 0.529456 
-0.214334 -0.846893 0.486655 -0.177663 -0.823124 0.539354 -0.504589 -0.848795 0.157915 
-0.321077 -0.888642 0.327452 -0.178803 -0.843328 0.506782 -0.145696 -0.861567 0.486287 
-0.109296 -0.856978 0.50363 -0.241727 -0.893137 0.379309 -0.0829227 -0.895879 0.436491 
-0.477741 -0.871168 0.113266 -0.106737 -0.894996 0.433116 -0.789515 -0.580424 -0.199432 
-0.24816 -0.920314 0.30239 -0.888904 -0.0719266 -0.452411 -0.0343039 -0.92109 0.387837 
-0.733852 -0.663734 -0.144632 -0.870905 -0.264611 -0.414132 -0.829888 0.258864 -0.494243 
-0.132838 -0.945246 0.298102 -0.472752 -0.878448 0.0695291 -0.812915 -0.523289 -0.255611 
-0.842169 0.146857 -0.51883 -0.875892 -0.0957845 -0.472905 -0.237606 -0.955037 0.177337 
0.00566043 -0.958469 0.285141 -0.755459 -0.58815 -0.288723 -0.746347 0.275919 -0.605668 
-0.0967615 -0.98621 0.134263 -0.42469 -0.905198 -0.0159436 0.0835641 -0.989069 0.121491 
-0.805896 -0.142792 -0.57458 0.159612 -0.966072 -0.20305 -0.643704 0.19691 -0.739508 
-0.626423 -0.661719 -0.411975 -0.124458 -0.929584 -0.346964 -0.65283 -0.231329 -0.721318 
0.339167 -0.74561 -0.573612 -0.596215 0.0140752 -0.802702 -0.307917 -0.599485 -0.738786 
-0.344958 0.166411 -0.923749 -0.382876 -0.181628 -0.905769 0.273629 -0.543101 -0.793832 
0.18198 0.201874 -0.962357 0.0955783 -0.305065 -0.947523 0.166897 -0.00835502 -0.985939 
0.462374 -0.0504423 -0.885249 0.45542 -0.168246 -0.874234 0.535156 0.082417 -0.840723 
0.619624 0.118113 -0.775961 0.585941 -0.134339 -0.799141 0.557587 0.00604183 -0.830097 
0.528354 -0.0687113 -0.846239 0.559911 0.0413048 -0.827522 0.503394 -0.0433676 -0.862968 
0.476909 -0.054703 -0.877249 0.436964 -0.078064 -0.896085 0.293248 -0.167326 -0.94128 
0.454576 -0.10691 -0.884269 0.341918 -0.140216 -0.92921 0.346042 -0.151507 -0.925905 
0.49753 -0.0798276 -0.863766 0.159828 -0.239152 -0.957738 0.568607 -0.0467138 -0.821282 
0.399205 -0.133892 -0.907033 0.0172256 -0.30786 -0.951276 0.388168 -0.130511 -0.912301 
0.207879 -0.226035 -0.95168 -0.0228108 -0.323637 -0.945906 0.412277 -0.0930747 -0.906292 
0.528861 -0.0236275 -0.84838 0.261725 -0.195222 -0.945192 0.0386232 -0.299181 -0.953414 
-0.172902 -0.379092 -0.909062 -0.0576035 -0.335866 -0.940147 -0.238032 -0.393 -0.888196 
0.192253 -0.214373 -0.957645 -0.118338 -0.36078 -0.925113 -0.272806 -0.362257 -0.891261 
-0.239258 -0.382684 -0.892361 -0.177841 -0.400435 -0.898902 0.0828004 -0.271765 -0.958795 
-0.179467 -0.436999 -0.881376 -0.0279271 -0.350989 -0.935963 0.305156 -0.152714 -0.939978 
-0.135404 -0.439426 -0.888015 0.00825304 -0.355128 -0.934781 0.216955 -0.204241 -0.954576 
0.571575 0.0171538 -0.820371 -0.0684462 -0.454882 -0.887918 0.474013 -0.0267011 -0.880113 
0.150294 -0.260144 -0.953801 0.383853 -0.0572976 -0.921615 0.0643364 -0.349926 -0.934566 
0.285979 -0.128782 -0.949543 0.584673 0.0660432 -0.808576 0.622276 0.0324888 -0.782123 
0.543684 0.0823962 -0.835236 0.0838233 -0.311357 -0.946589 0.477696 0.0447056 -0.877387 
0.432501 0.0625774 -0.899459 0.285777 -0.0966025 -0.953415 0.635355 0.118467 -0.763079 
0.577115 0.156767 -0.801475 0.651127 0.0111833 -0.758886 0.373102 0.0670016 -0.925368 
0.644018 0.175063 -0.74471 0.505595 0.210732 -0.83664 0.665062 0.0613031 -0.744268 
0.591219 -0.256407 -0.764667 0.593881 0.241151 -0.767562 0.411265 0.248047 -0.877117 
0.642739 0.163563 -0.748421 0.580995 0.263158 -0.77019 0.640279 -0.0798927 -0.763977 
0.480214 0.320807 -0.816381 0.500354 -0.621495 -0.602818 0.5691 0.160612 -0.80643 
0.307535 0.37135 -0.876083 0.457934 0.305017 -0.835021 0.587158 -0.294802 -0.753882 
0.140791 0.3919 -0.909171 0.540179 -0.0363524 -0.840765 0.2853 0.386121 -0.87722 
0.380162 0.224576 -0.897242 0.463096 -0.651007 -0.601442 0.259044 0.313031 -0.913733 
0.0923494 0.42106 -0.902319 0.479154 -0.286373 -0.8297 0.366184 0.113283 -0.923621 
0.0637467 0.361196 -0.930309 -0.0511961 0.424011 -0.904209 0.128525 0.230599 -0.964523 
0.326113 -0.109039 -0.939021 -0.0868248 0.368086 -0.925729 0.0380324 0.0770227 -0.996304 
-0.194766 0.373587 -0.906917 -0.116827 0.235761 -0.964763 -0.250525 0.38396 -0.888714 
-0.260384 0.286408 -0.922047 0.0879045 -0.210523 -0.973629 0.280133 -0.464524 -0.840085 
-0.362313 0.301164 -0.88206 -0.272576 0.179854 -0.945175 -0.159557 -0.104277 -0.981666 
-0.280876 0.0432988 -0.958767 -0.413572 0.220847 -0.883281 0.274915 -0.845018 -0.458658 
-0.136434 -0.406231 -0.903528 0.0779049 -0.681967 -0.727222 0.249665 -0.956477 -0.151058 
-0.423172 0.11057 -0.899278 -0.380321 -0.229809 -0.895848 0.0871901 -0.991431 -0.097275 
-0.219789 -0.696771 -0.682791 -0.0161791 -0.906656 -0.42156 0.0767721 -0.983796 0.162025 
-0.000661784 -0.994177 0.107755 -0.438359 -0.578416 -0.687951 -0.504261 -0.0882916 -0.859026 
-0.231864 -0.932592 -0.276606 -0.0135098 -0.948727 0.315808 -0.554593 -0.351544 -0.754217 
-0.556627 0.0981999 -0.824938 -0.14911 -0.985243 0.0840367 -0.567137 0.142064 -0.811279 
-0.614374 -0.0416136 -0.787917 -0.508396 -0.790687 -0.341097 -0.632184 -0.217852 -0.743562 
-0.149503 -0.941386 0.302392 -0.386528 -0.922048 0.0205913 -0.620838 -0.603883 -0.499885 
-0.695461 -0.412726 -0.58821 -0.748072 -0.237784 -0.619554 -0.602175 -0.789021 -0.121783 
-0.725411 -0.0557167 -0.686057 -0.407726 -0.887613 0.21425 -0.735059 -0.62748 -0.256822 
-0.222559 -0.885727 0.407376 -0.818298 -0.423897 -0.3882 -0.601024 -0.78558 0.147088 
-0.857945 -0.316993 -0.404284 -0.366691 -0.83307 0.414164 -0.790348 -0.612413 -0.0173415 
-0.53813 -0.752997 0.378698 -0.861631 -0.503367 -0.0649093 -0.724019 -0.635669 0.267808 
0.502146 0.083442 -0.860748 0.280254 0.00199001 -0.959924 0.390202 0.029135 -0.920268 
0.321754 0.021937 -0.946569 0.540353 0.0575951 -0.839465 0.700124 0.109692 -0.705545 
0.282243 0.0248709 -0.959021 0.455195 0.0401082 -0.889488 0.366741 0.0212335 -0.930081 
0.631782 0.0548628 -0.773203 0.325515 0.0289793 -0.945093 0.524505 0.0185407 -0.851206 
0.768772 0.0782444 -0.634718 0.812373 0.137069 -0.5668 0.417424 0.00882195 -0.908669 
0.695043 0.0254513 -0.718518 0.345807 -0.00337717 -0.9383 0.847564 0.176962 -0.50032 
0.838991 0.0997773 -0.53492 0.580081 -0.00620626 -0.814535 0.820201 0.0366958 -0.570898 
0.865616 0.13156 -0.483116 0.437821 -0.0125704 -0.898974 0.868613 0.087354 -0.48773 
0.875294 0.179865 -0.448898 0.876662 0.0308096 -0.480119 0.900164 0.0964408 -0.424739 
0.748136 -0.0256642 -0.663049 0.850643 -0.00967936 -0.525654 0.906447 0.148473 -0.39536 
0.910264 0.0143008 -0.413782 0.927303 0.0701646 -0.367678 0.579766 -0.0421185 -0.813694 
0.853539 -0.0492564 -0.518695 0.921375 -0.0503072 -0.385405 0.727196 -0.0911159 -0.680356 
0.948438 0.00205022 -0.316955 0.417023 -0.0390525 -0.908056 0.85421 -0.103242 -0.509575 
0.94926 -0.0807497 -0.303949 0.909997 -0.101293 -0.402051 0.525484 -0.0773986 -0.847276 
0.314379 -0.0485609 -0.948055 0.92439 -0.127134 -0.359639 0.372307 -0.0652583 -0.925812 
0.83524 -0.148055 -0.529578 0.626321 -0.127762 -0.769024 0.298799 -0.0737004 -0.951466 
0.434788 -0.0983472 -0.895147 0.318264 -0.0777645 -0.944807 0.266606 -0.0808831 -0.960406 
0.917552 -0.169442 -0.359706 0.284387 -0.0882446 -0.95464 0.363898 -0.112137 -0.924664 
0.531568 -0.14785 -0.834012 0.265755 -0.0829374 -0.960466 0.742087 -0.18672 -0.643772 
0.330038 -0.13015 -0.934952 0.265804 -0.127337 -0.95558 0.897844 -0.18845 -0.397949 
0.486967 -0.179634 -0.854748 0.718775 -0.203765 -0.664712 0.307454 -0.169383 -0.936366 
0.511378 -0.206748 -0.834115 0.690475 -0.234809 -0.684185 0.869102 -0.220667 -0.442682 
0.45728 -0.231801 -0.858582 0.771521 -0.275146 -0.573629 0.711624 -0.291198 -0.639371 
0.892846 -0.257778 -0.369293 0.955592 -0.134727 -0.262091 0.95042 -0.199504 -0.238537 
0.90343 -0.291288 -0.314587 0.839361 -0.328767 -0.432879 0.946508 -0.267359 -0.18067 
0.919327 -0.332744 -0.210048 0.959344 -0.232993 -0.159291 0.945875 -0.295444 -0.13429 
0.9402 -0.32584 -0.0992556 0.975292 -0.126523 -0.181099 0.970967 -0.186236 -0.15013 
0.961016 -0.259484 -0.095482 0.955494 -0.288933 -0.0595702 0.944696 -0.32535 -0.0411979 
0.972191 -0.210285 -0.10308 0.977703 -0.161799 -0.133858 0.96481 -0.254055 -0.0678083 
0.955167 -0.291831 -0.0499137 0.942601 -0.332181 -0.0340363 0.974083 -0.206926 -0.0913491 
0.979802 -0.160235 -0.119638 0.957612 -0.280095 -0.0672753 0.966361 -0.245595 -0.0763576 
0.95038 -0.305419 -0.0591406 0.938999 -0.341112 -0.0438599 0.952007 -0.302256 -0.0482124 
0.964061 -0.252851 -0.081565 0.980242 -0.154319 -0.123742 0.977059 -0.181903 -0.110753 
0.982204 -0.103464 -0.156751 0.968717 -0.0534929 -0.242334 0.983635 -0.0985557 -0.150826 
0.97831 -0.0396229 -0.203322 0.982917 -0.0497425 -0.177202 0.984424 -0.0985324 -0.145608 
0.971532 -0.00459822 -0.236863 0.962858 0.0353085 -0.267688 0.938277 0.105329 -0.329457 
0.967063 0.0490877 -0.249759 0.909458 0.186653 -0.371546 0.978075 0.0145351 -0.207744 
0.947821 0.11056 -0.299017 0.983509 -0.0350308 -0.177434 0.950555 0.139431 -0.277495 
0.924371 0.194534 -0.328168 0.968043 0.094055 -0.23248 0.97985 0.0417562 -0.195324 
0.939754 0.219841 -0.261786 0.959034 0.156547 -0.236109 0.974456 0.117182 -0.191585 
0.956996 0.228817 -0.178329 0.988667 -0.0113589 -0.149695 0.987442 0.0640106 -0.144432 
0.970253 0.183666 -0.157721 0.988838 -0.0709781 -0.130999 0.976288 0.209422 -0.0548133 
0.984881 -0.127804 -0.116942 0.978371 -0.184633 -0.0932752 0.988296 0.128716 -0.0818721 
0.985503 0.169408 0.00919126 0.994653 0.0234935 -0.100567 0.970649 0.121616 0.207487 
0.990508 -0.0869182 -0.106483 0.996702 0.0619106 -0.0524686 0.994985 -0.0373922 -0.0927733 
0.990576 0.0981712 0.0955025 0.947045 0.0577336 0.315868 0.995248 0.0336348 0.0913736 
0.975093 0.0249629 0.220387 0.855907 0.0155317 0.516896 0.924223 -0.0180606 0.381427 
0.845272 -0.0424561 0.532647 0.712785 -0.0818431 0.696591 0.9314 -0.0333368 0.362467 
0.853758 -0.0503197 0.518233 0.998149 -0.0285269 0.053714 0.980637 -0.000883043 0.195832 
0.628602 -0.121939 0.768108 0.733012 -0.0867773 0.674657 0.559694 -0.146537 0.81564 
0.834627 -0.0697665 0.546379 0.625272 -0.117698 0.771481 0.995908 -0.0746508 -0.050936 
0.713251 -0.094921 0.694452 0.932282 -0.0637558 0.356071 0.967146 -0.0900785 0.237727 
0.793825 -0.0804607 0.6028 0.994991 -0.0904454 0.0425677 0.989708 -0.127167 -0.0656212 
0.990705 -0.132737 0.0297468 0.869689 -0.0908245 0.485172 0.972125 -0.105821 0.209223 
0.984928 -0.17184 -0.0196849 0.973217 -0.22617 -0.0411677 0.964077 -0.26442 -0.0252382 
0.981593 -0.1374 0.13265 0.953472 -0.30133 0.0095966 0.970878 -0.233138 0.055166 
0.976438 -0.189012 0.104131 0.962884 -0.251035 0.0991715 0.926728 -0.0957461 0.363329 
0.94808 -0.188886 0.255863 0.941087 -0.125472 0.314024 0.937349 -0.146458 0.316112 
0.879191 -0.108689 0.463908 0.878632 -0.107938 0.46514 0.831208 -0.0757782 0.550774 
0.842927 -0.0769041 0.532504 0.802254 -0.0655586 0.593372 0.788672 -0.0396784 0.613532 
0.761238 -0.0891555 0.642315 0.754368 -0.0624183 0.653478 0.748452 -0.033135 0.662361 
0.748816 -0.0660278 0.659481 0.740099 -0.0552405 0.670225 0.748946 -0.0068984 0.662596 
0.727729 -0.0864617 0.680393 0.689442 -0.0834306 0.719521 0.722525 -0.0562877 0.68905 
0.745313 -0.0376193 0.665652 0.770926 -0.0291062 0.636259 0.707122 -0.0706042 0.703558 
0.67922 -0.0891345 0.728502 0.74021 -0.083189 0.66721 0.82475 -0.0672025 0.561491 
0.792634 -0.0852854 0.603703 0.630394 -0.10643 0.768945 0.652582 -0.0947392 0.751772 
0.67808 -0.100234 0.728121 0.704754 -0.0912645 0.703557 0.614628 -0.107948 0.781396 
0.582337 -0.129706 0.802534 0.653599 -0.105763 0.749415 0.622416 -0.11706 0.773883 
0.567667 -0.157631 0.808027 0.592092 -0.135127 0.794461 0.782251 -0.126412 0.610003 
0.649757 -0.132961 0.748424 0.740416 -0.118334 0.661651 0.624645 -0.143039 0.767697 
0.681085 -0.129504 0.720661 0.712328 -0.127223 0.69022 0.609457 -0.158035 0.776909 
0.667826 -0.158973 0.727143 0.661594 -0.169352 0.730488 0.65263 -0.179154 0.736192 
0.7803 -0.160864 0.604364 0.70471 -0.163911 0.690302 0.737969 -0.162481 0.654982 
0.838808 -0.14065 0.525946 0.734083 -0.18955 0.652068 0.842935 -0.170817 0.510179 
0.722645 -0.197399 0.662433 0.814024 -0.205111 0.54341 0.77857 -0.194735 0.596579 
0.85192 -0.206895 0.481068 0.810199 -0.226597 0.540584 0.80649 -0.227372 0.54578 
0.817574 -0.218597 0.532718 0.853948 -0.234176 0.464688 0.880094 -0.255465 0.400215 
0.876536 -0.250979 0.410723 0.88374 -0.236168 0.404015 0.919464 -0.272019 0.283887 
0.916439 -0.27077 0.294659 0.947783 -0.283039 0.146954 0.941693 -0.291572 0.16793 
0.915417 -0.242205 0.321479 0.938724 -0.269226 0.215207 0.954301 -0.297994 0.0225711 
0.948949 -0.298406 0.10222 0.942268 -0.291355 -0.165055 0.946096 -0.306922 -0.103449 
0.92491 -0.296229 -0.238306 0.956618 -0.291342 0.00152699 0.953456 -0.273735 0.126452 
0.877402 -0.293358 -0.379615 0.903907 -0.314023 -0.290416 0.902033 -0.218339 0.372376 
0.920105 -0.308538 -0.241268 0.950465 -0.261066 0.168706 0.95153 -0.298239 -0.0751333 
0.909142 -0.191778 0.369706 0.944444 -0.260615 0.200264 0.880327 -0.142088 0.452587 
0.885819 -0.117631 0.448873 0.957214 -0.287496 0.0329672 0.941861 -0.213726 0.259265 
0.947292 -0.211992 0.240201 0.956451 -0.254893 0.142234 0.960561 -0.269647 0.067923 
0.952615 -0.303044 -0.0262424 0.952558 -0.304226 0.00891758 0.933313 -0.310889 -0.179652 
0.953507 -0.299269 -0.0355312 0.94585 -0.31536 -0.0769112 0.907182 -0.3562 -0.223925 
0.88896 -0.368081 -0.27252 0.872055 -0.380856 -0.307358 0.895073 -0.346962 -0.280109 
0.769804 -0.409823 -0.489333 0.796314 -0.388747 -0.463421 0.692335 -0.422304 -0.585091 
0.745154 -0.413557 -0.523179 0.885705 -0.319589 -0.336735 0.845268 -0.345594 -0.407537 
0.737108 -0.378098 -0.560101 0.491032 -0.431937 -0.756517 0.809106 -0.332082 -0.48484 
0.518115 -0.40808 -0.751683 0.840698 -0.311238 -0.443122 0.583832 -0.398109 -0.707566 
0.832257 -0.307183 -0.461505 0.674316 -0.345171 -0.652806 0.762074 -0.324267 -0.560442 
0.719271 -0.281677 -0.635065 0.682359 -0.288156 -0.671827 0.685386 -0.300582 -0.663247 
0.550986 -0.312311 -0.773871 0.487813 -0.247848 -0.837024 0.462051 -0.270992 -0.844436 
0.420468 -0.331032 -0.844763 0.354258 -0.330322 -0.874865 0.444356 -0.272513 -0.853396 
0.405435 -0.313452 -0.858703 0.328018 -0.352417 -0.876474 0.19127 -0.342048 -0.92001 
0.139011 -0.320726 -0.936916 0.275796 -0.265064 -0.923947 0.0488679 -0.314314 -0.948061 
0.0990397 -0.263851 -0.959465 0.0943909 -0.259077 -0.961233 -0.169951 -0.226507 -0.959068 
0.0814543 -0.240479 -0.967231 -0.207425 -0.213262 -0.954722 -0.186 -0.190956 -0.963815 
-0.422049 -0.103124 -0.900689 -0.462747 -0.0959216 -0.881286 -0.209433 -0.155399 -0.965396 
-0.424564 -0.0754657 -0.902247 -0.0246597 -0.181617 -0.98306 0.139365 -0.203319 -0.969143 
0.216678 -0.208066 -0.953813 -0.277642 -0.119981 -0.953163 -0.121192 -0.113996 -0.986062 
-0.247998 -0.102249 -0.963349 -0.497098 -0.0328288 -0.867073 -0.392597 -0.0385185 -0.918904 
-0.40478 0.0004284 -0.914414 -0.44788 -0.0285092 -0.893639 -0.513037 -0.020758 -0.858115 
-0.532065 0.0203603 -0.846459 -0.564312 0.0614273 -0.823273 -0.598577 0.0422786 -0.799949 
-0.69645 0.11706 -0.707994 -0.717637 0.127974 -0.684558 -0.688185 0.104995 -0.717898 
-0.658202 0.0645628 -0.750067 -0.800512 0.183144 -0.570647 -0.77632 0.177621 -0.604796 
-0.752415 0.153818 -0.640478 -0.824147 0.240975 -0.512556 -0.779384 0.203707 -0.592507 
-0.664055 0.0752383 -0.743889 -0.728762 0.13908 -0.670494 -0.756606 0.190538 -0.625494 
-0.603305 0.0223938 -0.797196 -0.562381 -0.0130348 -0.826775 -0.782507 0.272403 -0.559892 
-0.709186 0.214353 -0.671646 -0.718314 0.131458 -0.683186 -0.694356 0.090208 -0.713955 
-0.689022 0.154393 -0.708105 -0.611513 0.213389 -0.761916 -0.602506 -0.00905325 -0.798063 
-0.667744 0.0486696 -0.742799 -0.635518 0.00234902 -0.772083 -0.678942 0.108961 -0.726061 
-0.700382 0.0856194 -0.708614 -0.681931 0.0496689 -0.729729 -0.691479 0.0440451 -0.721052 
-0.648856 0.0451827 -0.759568 -0.546674 0.0702067 -0.834397 -0.563048 0.0356096 -0.825657 
-0.654681 0.0103012 -0.755835 -0.545763 -0.0575596 -0.83596 -0.589719 -0.044786 -0.806366 
-0.464069 -0.0481009 -0.884492 -0.547478 -0.132055 -0.826335 -0.469779 -0.14052 -0.871528 
-0.379876 -0.0543119 -0.923442 -0.356284 -0.174047 -0.918025 -0.364092 -0.244756 -0.898628 
-0.252321 -0.158938 -0.954501 -0.212859 -0.219479 -0.952113 -0.246005 -0.271778 -0.930386 
-0.487468 0.108376 -0.866389 -0.317566 -0.0138203 -0.948136 -0.167391 -0.125937 -0.977814 
-0.498034 0.155966 -0.853016 -0.230225 -0.00425259 -0.973128 -0.14018 -0.0852549 -0.986449 
-0.273102 0.0682209 -0.959563 -0.323711 0.131188 -0.937017 -0.141581 0.047924 -0.988766 
-0.0859539 -0.00910677 -0.996258 -0.0857428 -0.0667205 -0.994081 -0.081435 0.0657666 -0.994506 
-0.00285149 0.0140998 -0.999897 0.00556352 -0.0214239 -0.999755 0.0530941 0.0440846 -0.997616 
0.0397925 -0.00115185 -0.999207 -0.0395213 -0.0630646 -0.997227 -0.0688052 -0.106112 -0.991971 
0.0476586 0.0258382 -0.998529 -0.0367954 -0.032288 -0.998801 -0.0254179 -0.0043594 -0.999667 
-0.0994314 0.0276973 -0.994659 -0.131561 -0.0523663 -0.989924 -0.104586 -0.0900959 -0.990426 
-0.194807 0.00149941 -0.98084 -0.149619 -0.199808 -0.968344 -0.139211 -0.139237 -0.980425 
-0.290549 -0.0157397 -0.956731 -0.230671 -0.0804076 -0.969704 -0.190494 -0.253622 -0.948361 
-0.20648 -0.174894 -0.962693 -0.258368 -0.327117 -0.908978 -0.218242 -0.300296 -0.928543 
-0.227587 -0.205834 -0.951754 -0.260283 -0.332968 -0.906303 -0.280442 -0.255633 -0.925205 
-0.319532 -0.104296 -0.941818 -0.378258 -0.325741 -0.866495 -0.380757 -0.279191 -0.881519 
-0.40533 -0.148986 -0.901948 -0.403725 -0.112384 -0.907952 -0.482902 -0.180949 -0.856775 
-0.592673 -0.180577 -0.78494 -0.602119 -0.0685212 -0.79546 -0.714401 -0.044059 -0.698348 
-0.620193 -0.0316762 -0.78381 -0.797362 0.0626551 -0.60024 -0.886844 0.129745 -0.443479 
-0.6553 0.0283478 -0.754837 -0.414365 -0.0301658 -0.909611 -0.59347 0.00629098 -0.804831 
-0.827048 0.118164 -0.549571 -0.929616 0.247643 -0.272924 -0.935447 0.299113 -0.188334 
-0.828071 0.154209 -0.538998 -0.477397 0.0319753 -0.878106 -0.596936 0.0524281 -0.800574 
-0.931856 0.238961 -0.273023 -0.791464 0.128335 -0.597591 -0.459557 0.0442719 -0.887044 
-0.696689 0.101283 -0.710188 -0.378473 0.0525699 -0.924118 -0.934596 0.25341 -0.249628 
-0.644632 0.0951052 -0.758555 -0.885955 0.181528 -0.426768 -0.617517 0.0955945 -0.780727 
-0.837044 0.132897 -0.53075 -0.801077 0.119872 -0.586435 -0.949181 0.182687 -0.256283 
-0.941302 0.127 -0.312763 -0.880203 0.115014 -0.46045 -0.95902 0.240946 -0.149082 
-0.971587 0.094914 -0.216817 -0.993697 0.101029 -0.0485699 -0.985485 0.168311 -0.0221349 
-0.972064 0.233252 0.0261782 -0.999131 0.0304523 -0.0284596 -0.992549 0.0591993 0.106502 
-0.955193 0.290441 0.0570103 -0.944034 0.328993 0.0237312 -0.977246 0.125715 0.170841 
-0.953866 0.202426 0.221728 -0.968782 0.0532904 0.24212 -0.934119 0.272191 0.230941 
-0.924254 0.380065 0.0361381 -0.900652 0.33884 0.272054 -0.980265 -0.0407573 0.193443 
-0.884804 0.394196 0.248457 -0.860106 0.449297 0.241558 -0.851645 0.38751 0.352897 
-0.922338 0.132713 0.362878 -0.88248 0.256737 0.394101 -0.938148 0.000482978 0.346233 
-0.819355 0.415434 0.395059 -0.829679 0.357044 0.429129 -0.758306 0.485485 0.435059 
-0.807881 0.287466 0.514482 -0.84503 0.17991 0.503544 -0.93138 -0.139315 0.336338 
-0.904627 -0.0508756 0.423157 -0.88725 0.0612026 0.457211 -0.768353 0.380558 0.514597 
-0.885334 -0.236455 0.40034 -0.880147 -0.130041 0.456542 -0.842598 0.0820477 0.532257 
-0.861872 -0.0205561 0.50671 -0.884241 -0.305946 0.352866 -0.787386 0.241365 0.567244 
-0.810251 0.1561 0.564913 -0.842762 -0.340872 0.416604 -0.838619 -0.0931428 0.536697 
-0.840862 -0.234552 0.487787 -0.826119 0.0412976 0.561981 -0.75281 0.320625 0.574871 
-0.832729 -0.159925 0.530082 -0.83042 -0.0233868 0.556647 -0.807476 0.115897 0.578403 
-0.716161 0.422979 0.555159 -0.769699 0.24288 0.5904 -0.683914 0.532182 0.499044 
-0.826787 0.0734785 0.557695 -0.7174 0.362139 0.595141 -0.654483 0.502808 0.564655 
-0.799542 0.193861 0.568464 -0.68426 0.415407 0.599354 -0.74952 0.307732 0.586106 
-0.619962 0.520033 0.587548 -0.552143 0.627132 0.549403 -0.732287 0.365274 0.574744 
-0.662315 0.466283 0.586446 -0.48218 0.681136 0.550959 -0.575025 0.58299 0.573994 
-0.402305 0.755967 0.516396 -0.486722 0.667087 0.564001 -0.436986 0.710757 0.551242 
-0.317481 0.779157 0.540482 -0.572609 0.603721 0.554653 -0.742252 0.379901 0.55203 
-0.67568 0.489239 0.551454 -0.788689 0.280577 0.547034 -0.616205 0.610461 0.497623 
-0.701118 0.503442 0.504955 -0.802033 0.300701 0.516064 -0.787456 0.376859 0.48774 
-0.758877 0.494989 0.423193 -0.808443 0.404368 0.427676 -0.838402 0.199201 0.507347 
-0.841667 0.0895435 0.532521 -0.842559 0.276794 0.462039 -0.876983 0.29893 0.37622 
-0.871967 0.386965 0.299886 -0.882424 0.203612 0.424111 -0.922797 0.300708 0.240874 
-0.948256 0.296306 0.114077 -0.934219 0.233985 0.269234 -0.961429 0.256373 0.0996391 
-0.909646 0.145705 0.388992 -0.873095 0.0962166 0.477962 -0.973945 0.221095 -0.0504815 
-0.95381 0.176069 0.243405 -0.974045 0.213693 0.0746408 -0.849679 -0.049392 0.524981 
-0.859327 -0.0316818 0.510444 -0.982192 0.175235 0.0677568 -0.891603 0.0119549 0.45266 
-0.93071 0.0553681 0.361543 -0.966098 0.10301 0.236737 -0.858869 -0.11573 0.498949 
-0.894927 -0.0930765 0.436398 -0.830906 -0.20983 0.515331 -0.818355 -0.285168 0.498974 
-0.798822 -0.371988 0.472767 -0.835774 -0.243944 0.491908 -0.793962 -0.360993 0.489192 
-0.797589 -0.455104 0.395894 -0.786704 -0.360037 0.501468 -0.762772 -0.458037 0.456487 
-0.754736 -0.521278 0.398299 -0.760323 -0.442148 0.47583 -0.728701 -0.521484 0.443902 
-0.69415 -0.559169 0.453305 -0.735836 -0.476166 0.481468 -0.876734 -0.207131 0.434091 
-0.793628 -0.367005 0.485244 -0.652515 -0.586422 0.479931 -0.686378 -0.537823 0.489522 
-0.947079 -0.039561 0.318552 -0.986572 0.0758979 0.144618 -0.96972 0.190196 -0.153193 
-0.857337 -0.296776 0.420592 -0.988356 0.143004 -0.0519924 -0.737877 -0.469971 0.484422 
-0.98068 -0.0375767 0.191978 -0.933534 -0.176476 0.312041 -0.641708 -0.572867 0.509936 
-0.812413 -0.392288 0.431389 -0.693304 -0.519719 0.499221 -0.998139 0.0592969 -0.0142333 
-0.95062 0.161737 -0.264883 -0.988864 -0.10385 0.106599 -0.893899 -0.31264 0.321249 
-0.773273 -0.452985 0.443682 -0.973591 0.0886795 -0.210371 -0.84768 0.178039 -0.49974 
-0.991896 -0.00880671 -0.126747 -0.868591 -0.36785 0.332017 -0.886918 0.152765 -0.435936 
-0.964478 -0.226527 0.135897 -0.989448 -0.0915665 -0.112286 -0.960187 -0.251997 0.120579 
-0.910373 0.109494 -0.39904 -0.724895 0.192874 -0.661307 -0.678009 -0.528325 0.511054 
-0.743085 0.225133 -0.63019 -0.79213 -0.450356 0.411958 -0.828521 0.143241 -0.541327 
-0.970106 -0.0514989 -0.237153 -0.897623 -0.359208 0.255425 -0.968697 -0.244073 0.0453249 
-0.850671 0.11334 -0.513335 -0.615986 -0.557302 0.556754 -0.736412 -0.490628 0.465814 
-0.670084 0.237778 -0.703171 -0.874043 -0.400389 0.275206 -0.954411 -0.0726814 -0.289511 
-0.668356 -0.531128 0.520772 -0.815928 -0.456019 0.355398 -0.955624 -0.292667 0.0336004 
-0.792897 0.147945 -0.591123 -0.740293 -0.512956 0.43456 -0.930709 -0.0298452 -0.36454 
-0.895091 -0.411796 0.170987 -0.738031 -0.554594 0.384364 -0.968987 -0.232251 -0.0844051 
-0.872152 -0.483337 0.0757338 -0.922602 -0.102196 -0.37197 -0.951176 -0.205159 -0.230595 
-0.931842 -0.327953 -0.155296 -0.893978 -0.314099 -0.319602 -0.731785 0.176062 -0.658401 
-0.810738 0.07839 -0.580137 -0.870541 -0.0964046 -0.482561 -0.792683 0.0467492 -0.607839 
-0.776376 -0.0678809 -0.626603 -0.67312 0.105342 -0.731992 -0.662304 0.189023 -0.724999 
-0.55156 0.250346 -0.795681 -0.461737 0.27039 -0.844801 -0.55542 0.28999 -0.779368 
-0.576845 0.276938 -0.768476 -0.376317 0.349917 -0.857871 -0.425686 0.344242 -0.836833 
-0.451572 0.330272 -0.828856 -0.241161 0.400872 -0.883823 -0.30202 0.381447 -0.87366 
-0.36028 0.339345 -0.868932 -0.107985 0.408938 -0.906151 -0.440543 0.296613 -0.847315 
-0.267815 0.327481 -0.906108 0.025462 0.394611 -0.918496 -0.182382 0.355539 -0.916695 
-0.536204 0.263833 -0.801796 -0.0498337 0.302408 -0.951875 -0.243824 0.233429 -0.941308 
-0.170108 0.166998 -0.971172 -0.329939 0.25967 -0.907586 -0.470454 0.252691 -0.845471 
-0.335073 -0.0149684 -0.942073 -0.284701 -0.10949 -0.952343 -0.353925 0.128449 -0.926411 
-0.432441 0.185597 -0.882354 -0.611002 0.2189 -0.760763 -0.430827 -0.0518864 -0.900942 
-0.445939 -0.329581 -0.832175 -0.473161 -0.203356 -0.857184 -0.483909 0.0294758 -0.874622 
-0.52016 0.186218 -0.83352 -0.545888 -0.204575 -0.8125 -0.594212 -0.365703 -0.716362 
-0.606524 -0.296025 -0.737901 -0.567182 -0.145698 -0.810603 -0.544274 0.0494075 -0.837451 
-0.554967 -0.0501683 -0.830359 -0.66652 -0.283641 -0.689419 -0.601184 0.132721 -0.788012 
-0.642957 0.176517 -0.745284 -0.630509 -0.120868 -0.766713 -0.666675 0.0144981 -0.745208 
-0.704578 0.138899 -0.6959 -0.728005 -0.211602 -0.652099 -0.707947 -0.10224 -0.698826 
-0.737089 -0.0518661 -0.673802 -0.811959 0.147175 -0.564856 -0.767726 0.0499412 -0.638829 
-0.766815 -0.130029 -0.62856 -0.902815 0.167843 -0.395922 -0.802488 -0.206913 -0.559643 
-0.793918 -0.0511651 -0.605868 -0.857879 0.0988782 -0.504248 -0.837688 0.0126374 -0.546003 
-0.840071 -0.106953 -0.531829 -0.953334 0.19256 -0.232542 -0.867046 -0.0232927 -0.497683 
-0.893227 0.0585611 -0.445776 -0.927136 0.148014 -0.344253 -0.8661 -0.132482 -0.481995 
-0.968153 0.225275 -0.10923 -0.957987 0.185827 -0.218471 -0.964905 0.260945 -0.0294348 
-0.940975 0.150962 -0.302945 -0.934399 0.0899449 -0.344685 -0.961119 0.22956 -0.15347 
-0.949291 0.313815 0.0191531 -0.914939 0.36678 0.168399 -0.909282 0.00398636 -0.416162 
-0.952817 0.279696 -0.117943 -0.896812 0.417509 0.146334 -0.792032 0.499448 0.35105 
-0.947587 0.1815 -0.262938 -0.772365 0.547399 0.322191 -0.84581 0.503915 0.175144 
-0.630663 0.627533 0.456582 -0.44601 0.724723 0.525216 -0.654735 0.652841 0.380947 
-0.518063 0.714595 0.470069 -0.920706 0.384781 -0.0651532 -0.268668 0.805797 0.527739 
-0.383865 0.776464 0.499751 -0.669095 0.666465 0.328842 -0.482945 0.759554 0.435709 
-0.784865 0.598322 0.161238 -0.275803 0.829021 0.486474 -0.528748 0.779989 0.334727 
-0.922587 0.329047 -0.201396 -0.801378 0.597866 0.0187094 -0.234259 0.87041 0.433024 
-0.512652 0.829547 0.221447 -0.899264 0.384418 -0.20868 -0.780926 0.618996 -0.0836578 
-0.918068 0.170915 -0.357685 -0.268899 0.913226 0.306124 -0.568673 0.821743 0.0367449 
-0.877081 0.370478 -0.305736 -0.498149 0.864574 0.0660331 -0.213993 0.936898 0.276457 
-0.89053 -0.040853 -0.453086 -0.792795 0.566416 -0.225052 -0.618559 0.782874 -0.067026 
-0.316302 0.936747 0.149861 -0.878627 0.262658 -0.39878 -0.886675 0.0700895 -0.457051 
-0.75683 0.58002 -0.301307 -0.549798 0.83229 -0.0708277 -0.852152 0.305882 -0.424585 
-0.866002 -0.0956969 -0.490798 -0.831712 -0.197344 -0.518951 -0.850101 0.104014 -0.516246 
-0.840286 -0.0713115 -0.537432 -0.822593 -0.187554 -0.53681 -0.75323 -0.285774 -0.592434 
-0.776455 -0.292763 -0.558039 -0.723095 -0.351884 -0.5944 -0.66782 -0.38199 -0.638827 
-0.788251 -0.204371 -0.580425 -0.739897 -0.34761 -0.575951 -0.650555 -0.442105 -0.617512 
-0.698701 -0.385963 -0.602369 -0.735507 -0.298431 -0.60825 -0.795483 -0.0819884 -0.600404 
-0.652419 -0.45501 -0.606065 -0.695334 -0.309337 -0.648708 -0.727503 -0.186596 -0.660243 
-0.659094 -0.387559 -0.64451 -0.790562 0.0352294 -0.611367 -0.671963 -0.208459 -0.710641 
-0.650912 -0.290458 -0.70139 -0.717958 -0.036917 -0.695107 -0.767916 0.215729 -0.603131 
-0.718831 0.0909919 -0.689204 -0.749478 0.415635 -0.515296 -0.659684 -0.0632448 -0.748877 
-0.325549 0.943722 0.0583726 -0.663043 0.671107 -0.331647 -0.632325 -0.124325 -0.764662 
-0.637624 0.579181 -0.507923 -0.657465 0.222577 -0.719861 -0.473349 0.853054 -0.219634 
-0.651468 0.356576 -0.669659 -0.619478 0.115875 -0.776415 -0.532898 0.704348 -0.46895 
-0.553351 0.467508 -0.689376 -0.447813 0.774985 -0.445939 -0.538932 0.288426 -0.791431 
-0.449578 0.60535 -0.656834 -0.570961 0.0699749 -0.81799 -0.459342 0.412578 -0.786629 
-0.393438 0.578882 -0.714214 -0.503771 0.186063 -0.843561 -0.373367 0.422627 -0.825823 
-0.435814 0.301574 -0.848009 -0.581187 -0.0416049 -0.812706 -0.621293 -0.170833 -0.764729 
-0.438024 0.237615 -0.866992 -0.3885 0.311803 -0.867091 -0.519896 0.0559061 -0.852398 
-0.489244 0.138799 -0.861032 -0.461762 0.224826 -0.858038 -0.411805 0.336595 -0.846829 
-0.57871 -0.0868403 -0.810897 -0.554004 0.0257299 -0.832116 -0.622635 -0.214106 -0.752651 
-0.529061 0.106663 -0.841853 -0.513902 0.290929 -0.80701 -0.589189 0.157518 -0.792492 
-0.609015 0.392261 -0.689371 -0.62626 -0.0704606 -0.776424 -0.619303 0.0383774 -0.784214 
-0.69769 0.265955 -0.665205 -0.626231 -0.182574 -0.757959 -0.726972 0.443198 -0.524488 
-0.743943 0.0922612 -0.661844 -0.840521 0.181882 -0.510337 -0.730704 -0.0581992 -0.680209 
-0.631044 -0.280905 -0.723102 -0.691547 -0.188786 -0.697224 -0.867501 -0.0271918 -0.496692 
-0.96448 -0.00782799 -0.26404 -0.661356 -0.26761 -0.700709 -0.637918 -0.373626 -0.673397 
-0.791984 -0.201646 -0.576282 -0.968209 -0.221642 -0.115959 -0.910899 -0.226222 -0.345088 
-0.705646 -0.325066 -0.6296 -0.919068 -0.392673 -0.0334928 -0.899433 -0.40718 -0.158825 
-0.836108 -0.414665 -0.359132 -0.78574 -0.362785 -0.500999 -0.649823 -0.356774 -0.67115 
-0.795562 -0.598596 -0.0936148 -0.778119 -0.579536 -0.242217 -0.736725 -0.531381 -0.418175 
-0.549582 -0.831991 -0.0758356 -0.653994 -0.741732 -0.148746 -0.705994 -0.464634 -0.534498 
-0.61158 -0.710472 -0.348137 -0.654274 -0.444044 -0.612168 -0.644831 -0.611148 -0.459011 
-0.629598 -0.446364 -0.635897 -0.622084 -0.450463 -0.640386 -0.627441 -0.557051 -0.54407 
-0.628016 -0.459346 -0.62817 -0.615744 -0.531367 -0.581815 -0.587406 -0.600076 -0.543012 
-0.591278 -0.530946 -0.607032 -0.533106 -0.728961 -0.429434 -0.584329 -0.616689 -0.527498 
-0.572421 -0.660948 -0.485265 -0.604722 -0.523454 -0.600256 -0.585947 -0.481532 -0.651761 
-0.54047 -0.630792 -0.556771 -0.535764 -0.680027 -0.50052 -0.547225 -0.573724 -0.609414 
-0.472284 -0.758898 -0.448354 -0.481445 -0.495526 -0.722955 -0.477702 -0.740942 -0.472023 
-0.496373 -0.624663 -0.602835 -0.464415 -0.719279 -0.516678 -0.428675 -0.552527 -0.714809 
-0.320741 -0.323512 -0.890205 -0.456494 -0.659574 -0.59714 -0.134864 0.0294522 -0.990426 
-0.09622 -0.101888 -0.990132 -0.35524 -0.617012 -0.702211 -0.208635 -0.381804 -0.900387 
0.0565929 0.214924 -0.97499 0.0672187 -0.0491472 -0.996527 0.259068 0.234804 -0.936884 
-0.403123 -0.708563 -0.579164 0.255081 0.022159 -0.966666 0.00903185 -0.284444 -0.95865 
-0.346982 -0.69761 -0.626853 -0.226271 -0.571904 -0.788497 0.164689 -0.17769 -0.970208 
-0.0722243 -0.451909 -0.889135 -0.299034 -0.713521 -0.633614 -0.367121 -0.768574 -0.523943 
-0.225578 -0.648785 -0.726768 -0.421755 -0.779771 -0.462688 -0.125551 -0.541443 -0.83131 
-0.239727 -0.687909 -0.685063 -0.290296 -0.753747 -0.589571 -0.153865 -0.593691 -0.789846 
-0.198223 -0.682311 -0.703675 -0.235038 -0.77009 -0.593059 -0.129419 -0.662011 -0.738236 
-0.275346 -0.817778 -0.505395 -0.349575 -0.812758 -0.466071 -0.101331 -0.751855 -0.651495 
-0.111803 -0.813249 -0.571075 0.250312 -0.702155 -0.666575 0.0832646 -0.785664 -0.613025 
-0.36025 -0.815084 -0.453715 -0.230556 -0.849311 -0.474884 -0.04261 -0.864003 -0.501681 
0.414079 -0.716291 -0.561664 0.23275 -0.794973 -0.560219 -0.35212 -0.824057 -0.443781 
-0.22528 -0.861683 -0.454698 -0.00258855 -0.880805 -0.473472 -0.386091 -0.822381 -0.41788 
0.641033 -0.623781 -0.447185 0.357668 -0.818932 -0.448803 -0.148116 -0.882118 -0.447134 
-0.215792 -0.894709 -0.391063 -0.412016 -0.83868 -0.356172 0.24683 -0.877905 -0.410315 
0.687087 -0.6483 -0.328052 -0.199658 -0.92055 -0.335744 0.0981121 -0.932549 -0.347457 
-0.402233 -0.893853 -0.198081 0.606685 -0.73507 -0.302664 0.490691 -0.818321 -0.299289 
0.0277671 -0.986823 -0.159403 -0.248867 -0.965151 -0.0809239 0.479951 -0.854092 -0.200435 
0.372506 -0.920202 -0.120281 0.143006 -0.989686 0.00845129 0.813257 -0.557452 -0.166911 
0.39313 -0.918756 0.0365553 0.728296 -0.662785 -0.174072 0.629051 -0.776267 -0.0412953 
0.488255 -0.862621 0.132259 0.755303 -0.652523 -0.0610802 0.665093 -0.737491 0.117297 
0.722369 -0.663138 0.196039 0.801475 -0.596863 0.0373129 0.831118 -0.530514 0.166724 
0.867035 -0.440024 0.233728 0.860511 -0.506267 -0.0566981 0.903342 -0.372782 0.212148 
0.932665 -0.276512 0.231684 0.892813 -0.442728 0.0829258 0.916796 -0.373306 0.141873 
0.877044 -0.480194 0.0144203 0.948225 -0.261245 0.18061 0.978834 -0.122813 0.16371 
0.976365 -0.169816 0.133692 0.959082 -0.254288 0.124498 0.942383 -0.321233 0.0934032 
0.985961 -0.150785 0.0717302 0.969305 -0.234645 0.0734176 0.932623 -0.357042 0.0522993 
0.981266 -0.186944 0.0465792 0.957775 -0.279491 0.0674753 0.971361 -0.233357 0.0447542 
0.927578 -0.373624 0.00188142 0.955768 -0.291243 0.0410406 0.896781 -0.438528 -0.0589697 
0.956598 -0.29134 0.00646989 0.966128 -0.257221 0.020828 0.97008 -0.242482 0.0121174 
0.829208 -0.501579 -0.246641 0.904127 -0.408669 -0.124674 0.937535 -0.346543 -0.0305911 
0.966783 -0.255554 -0.0046946 0.959105 -0.281402 -0.0305055 0.970228 -0.240367 -0.0296929 
0.943605 -0.321942 -0.0772228 0.96913 -0.237126 -0.0675183 0.963592 -0.224612 -0.145052 
0.969277 -0.214952 -0.119571 0.938211 -0.318276 -0.135871 0.958981 -0.263387 -0.104795 
0.898281 -0.376002 -0.227405 0.950869 -0.185372 -0.247961 0.953239 -0.238243 -0.185947 
0.961149 -0.201032 -0.189152 0.932212 -0.292916 -0.212558 0.822 -0.459916 -0.335847 
0.91676 -0.288247 -0.276522 0.892252 -0.125515 -0.433742 0.921753 -0.126516 -0.366558 
0.939227 -0.152719 -0.307457 0.935514 -0.214472 -0.280742 0.861278 -0.331805 -0.384844 
0.662921 -0.536301 -0.522415 0.901374 -0.194097 -0.387105 0.895463 -0.0926711 -0.435383 
0.756096 -0.304059 -0.57954 0.856963 -0.202052 -0.474119 0.431947 -0.514101 -0.741028 
0.0930694 -0.641354 -0.761579 0.843485 -0.0917166 -0.529265 0.787845 -0.150655 -0.597162 
-0.0634079 -0.57164 -0.818051 -0.153732 -0.512542 -0.844788 0.196432 -0.454474 -0.868832 
0.550288 -0.223504 -0.804505 -0.0523367 -0.423283 -0.904485 0.675787 0.0058204 -0.737074 
0.200729 -0.179454 -0.96307 -0.123707 -0.308902 -0.943014 0.448342 0.057128 -0.892035 
0.0275703 -0.0883885 -0.995704 0.209072 0.0968594 -0.973092 -0.151702 -0.192185 -0.969562 
-0.215278 -0.11992 -0.969162 -0.0209412 0.0640943 -0.997724 0.774259 0.0544043 -0.630526 
0.313806 0.244508 -0.917465 0.121218 0.247174 -0.961359 0.539555 0.210152 -0.815301 
-0.173053 0.0603542 -0.983062 0.123646 0.355958 -0.926286 -0.0400948 0.274815 -0.960661 
0.29994 0.352576 -0.886412 0.781512 0.0480087 -0.62204 0.66114 0.173187 -0.73 
0.859793 -0.0450337 -0.508653 0.445108 0.304713 -0.842039 0.831149 -0.0353583 -0.554925 
0.575997 0.201204 -0.792304 0.684631 0.0852528 -0.723887 0.753313 -0.0208063 -0.657333 
0.434342 0.231277 -0.87055 0.300088 0.338337 -0.891894 0.528739 0.116779 -0.840712 
0.188359 0.39539 -0.898993 0.0911044 0.417552 -0.904074 0.301254 0.228709 -0.925709 
0.161205 0.327154 -0.931119 -0.0471139 0.389172 -0.919959 -0.056551 0.443482 -0.894498 
-0.0167158 0.440136 -0.897776 0.00736945 0.413992 -0.910251 -0.168838 0.245262 -0.954642 
-0.14975 0.448395 -0.881202 -0.171993 0.404278 -0.898319 -0.163417 0.440801 -0.882604 
-0.219006 0.276648 -0.935683 -0.0623622 0.38165 -0.922201 -0.231641 0.435472 -0.869889 
-0.251633 0.267747 -0.93005 -0.2566 0.374597 -0.890973 -0.244583 0.437947 -0.865091 
-0.257219 0.270031 -0.927859 -0.203829 0.416734 -0.885882 -0.288342 0.338206 -0.89581 
-0.247383 0.260991 -0.933105 -0.32159 0.383266 -0.865845 -0.310632 0.414498 -0.855394 
-0.307545 0.415377 -0.856083 -0.294549 0.336443 -0.894454 -0.343422 0.34935 -0.871789 
-0.382055 0.373046 -0.8455 -0.348232 0.328014 -0.878146 -0.326279 0.395581 -0.858521 
-0.400788 0.325915 -0.856241 -0.396359 0.370579 -0.839983 -0.438089 0.342937 -0.830946 
-0.378531 0.355283 -0.854686 -0.437802 0.330911 -0.835959 -0.422921 0.286816 -0.859578 
-0.160913 0.345119 -0.924662 -0.289623 0.344747 -0.892899 -0.4497 0.290865 -0.844493 
-0.446997 0.310422 -0.838947 0.0339943 0.291195 -0.95606 -0.392923 0.308862 -0.86615 
-0.472458 0.296074 -0.830135 -0.44523 0.254071 -0.858614 -0.484338 0.25625 -0.836512 
-0.201185 0.262904 -0.943613 -0.357921 0.263437 -0.89582 -0.496644 0.252788 -0.830327 
-0.450235 0.257111 -0.855092 0.273904 0.168036 -0.946964 0.00595962 0.198205 -0.980142 
0.529726 0.033803 -0.847495 0.691888 -0.0765137 -0.717939 0.223255 0.0684733 -0.972352 
-0.322586 0.202948 -0.924527 0.831777 -0.145433 -0.535721 -0.110835 0.139606 -0.983985 
0.464108 -0.0780024 -0.882337 -0.440649 0.200537 -0.874994 -0.285535 0.121017 -0.950697 
-0.491595 0.213389 -0.844275 0.107078 -0.0180657 -0.994087 -0.156872 0.0337753 -0.987041 
-0.406272 0.123799 -0.905327 -0.0813895 -0.072123 -0.994069 -0.517553 0.197193 -0.832619 
-0.319705 0.0229733 -0.947239 -0.48907 0.144996 -0.860109 -0.506388 0.220702 -0.833584 
-0.436172 0.0714801 -0.89702 -0.458069 0.227137 -0.859408 -0.403132 0.234399 -0.884614 
-0.517492 0.183182 -0.835851 -0.423603 0.210277 -0.881104 -0.473504 0.197757 -0.858304 
-0.528581 0.142883 -0.836772 -0.432024 0.168796 -0.885925 -0.505114 0.0812909 -0.859216 
-0.477681 0.166416 -0.862628 -0.516322 0.13751 -0.845283 -0.474896 0.135758 -0.869508 
-0.450569 0.128029 -0.883514 -0.431029 -0.00593403 -0.902319 -0.529663 0.0857198 -0.843866 
-0.488993 0.111289 -0.865159 -0.527042 0.0382418 -0.848978 -0.407853 0.092265 -0.908374 
-0.501421 0.0715403 -0.862241 -0.499399 0.0226027 -0.866077 -0.449263 0.0862025 -0.889231 
-0.483765 0.0454392 -0.874017 -0.390527 0.0707398 -0.91787 -0.43068 0.0540412 -0.900885 
-0.516463 0.0252303 -0.855938 -0.356778 0.0810437 -0.930667 -0.490483 0.00527376 -0.871435 
-0.426126 0.0172758 -0.904499 -0.491476 -0.0246852 -0.870541 -0.477474 -0.0330701 -0.878024 
-0.359474 -0.0108101 -0.933093 -0.49832 -0.0312116 -0.866431 -0.437809 -0.0351916 -0.898379 
-0.479029 -0.0744174 -0.874639 -0.448218 -0.099326 -0.888389 -0.409755 -0.0940193 -0.907337 
-0.250669 -0.0858736 -0.964257 -0.310131 -0.117598 -0.943393 -0.269535 -0.20194 -0.941579 
0.0417812 -0.168622 -0.984795 0.285258 -0.153888 -0.946016 -0.107086 -0.203048 -0.973296 
0.654365 -0.192792 -0.73119 0.161955 -0.273244 -0.948213 0.413548 -0.265712 -0.870847 
0.0465533 -0.302626 -0.951972 0.925876 -0.198905 -0.321231 0.708348 -0.295924 -0.640837 
0.852547 -0.245363 -0.461477 0.877089 -0.303806 -0.372044 0.93729 -0.2641 -0.227462 
0.381925 -0.368008 -0.847764 0.646564 -0.370993 -0.666573 0.816401 -0.352217 -0.457638 
0.963223 -0.261301 -0.0626378 0.944941 -0.292916 -0.145902 0.91198 -0.32995 -0.243772 
0.277205 -0.387318 -0.879285 0.806322 -0.396464 -0.438931 0.965177 -0.260044 -0.0284573 
0.929179 -0.327387 -0.171594 0.953303 -0.289056 -0.0875183 0.630589 -0.435188 -0.642627 
0.856191 -0.391826 -0.336764 0.97364 -0.228073 0.00284657 0.964128 -0.260421 -0.0513629 
0.944348 -0.306948 -0.118277 0.902853 -0.366877 -0.224182 0.983254 -0.182213 0.00302492 
0.959996 -0.260813 -0.101901 0.976509 -0.20878 -0.0533094 0.93741 -0.30684 -0.164655 
0.972266 -0.181357 -0.147679 0.8937 -0.361168 -0.26619 0.945872 -0.223199 -0.235602 
0.806466 -0.425765 -0.410288 0.910433 -0.306254 -0.278066 0.918448 -0.2242 -0.325864 
0.828435 -0.377278 -0.413952 0.261526 -0.399595 -0.878594 -0.0304737 -0.307138 -0.951177 
0.579522 -0.421758 -0.697334 0.869501 -0.274382 -0.41071 0.772505 -0.357591 -0.524752 
-0.246521 -0.237249 -0.939649 -0.0849296 -0.312715 -0.946042 0.595957 -0.387413 -0.703382 
0.132331 -0.351807 -0.926672 0.326198 -0.359391 -0.874318 0.759525 -0.282155 -0.586097 
-0.404553 -0.13905 -0.903882 -0.288287 -0.217306 -0.93256 0.335547 -0.379609 -0.862151 
-0.166465 -0.263668 -0.950141 0.440362 -0.343524 -0.829501 0.0427549 -0.329071 -0.943337 
-0.348873 -0.166856 -0.922197 -0.45635 -0.0694061 -0.887089 -0.209844 -0.224984 -0.951498 
-0.427567 -0.108951 -0.897394 -0.370026 -0.0230772 -0.928735 -0.406493 -0.0661993 -0.911252 
-0.383161 -0.114377 -0.916573 -0.33489 -0.0404167 -0.94139 -0.29133 -0.0332105 -0.956046 
-0.355453 -0.0699735 -0.932071 -0.30947 -0.0433947 -0.949919 -0.31224 -0.169324 -0.934792 
-0.261498 -0.0454255 -0.964135 -0.28842 -0.0595931 -0.955648 -0.175311 -0.223958 -0.958702 
-0.318679 -0.104138 -0.942125 -0.223585 -0.0571138 -0.97301 -0.260169 -0.0749459 -0.96265 
-0.266345 -0.15124 -0.951939 -0.223148 -0.0725371 -0.972082 -0.27224 -0.107207 -0.956239 
-0.230622 -0.0916805 -0.968715 0.0766228 -0.273256 -0.958885 -0.145576 -0.206653 -0.967524 
-0.219673 -0.143274 -0.964996 0.380418 -0.199745 -0.902986 -0.198594 -0.115273 -0.973279 
-0.187932 -0.0994031 -0.977139 -0.110165 -0.177898 -0.977863 0.0536545 -0.208277 -0.976597 
0.662443 -0.179943 -0.72718 -0.161647 -0.14474 -0.976177 -0.16277 -0.121456 -0.97916 
0.176618 -0.180843 -0.967524 0.00486003 -0.170854 -0.985284 -0.131873 -0.116582 -0.984387 
-0.0888872 -0.150483 -0.984609 -0.134211 -0.134711 -0.981754 -0.119823 -0.125463 -0.984836 
0.107118 -0.123962 -0.986488 -0.109334 -0.13542 -0.984737 -0.0918812 -0.123537 -0.988077 
-0.0976071 -0.11309 -0.988779 -0.118629 -0.127714 -0.984691 -0.0177584 -0.0892092 -0.995855 
-0.105927 -0.122319 -0.986822 -0.0923351 -0.112493 -0.989353 -0.136971 -0.122345 -0.982991 
-0.167711 -0.0975262 -0.981 -0.20063 -0.112354 -0.973203 -0.166659 -0.0225633 -0.985756 
-0.326259 -0.0464825 -0.944137 -0.547915 0.0321712 -0.835915 -0.414051 0.13405 -0.900329 
0.128628 0.0455496 -0.990646 -0.12981 0.151539 -0.97989 0.360695 -0.05086 -0.931296 
-0.391804 0.348073 -0.851666 0.585491 -0.0613501 -0.808354 -0.291208 0.500683 -0.815178 
0.0762478 0.386105 -0.919298 -0.458919 0.70321 -0.543037 0.319807 0.255276 -0.912446 
-0.122647 0.702412 -0.701124 0.543482 0.216704 -0.810967 0.260839 0.5448 -0.796967 
-0.296522 0.864186 -0.406519 0.712817 0.0058503 -0.701326 0.0112832 0.815627 -0.578469 
-0.168236 0.938696 -0.300908 0.259339 0.694589 -0.671036 0.526398 0.455215 -0.718112 
0.0508295 0.903455 -0.425658 0.794953 -0.104744 -0.59756 0.735241 0.127224 -0.665759 
0.320918 0.748416 -0.580418 0.667645 0.331144 -0.666779 0.851004 -0.157547 -0.500971 
0.500474 0.577327 -0.645151 0.834042 -0.0142836 -0.551517 0.758331 0.175658 -0.627757 
0.651597 0.374197 -0.659847 0.897458 -0.12393 -0.423332 0.815952 0.0927833 -0.570626 
0.758232 0.219169 -0.614043 0.936372 -0.151755 -0.31651 0.870785 0.0105913 -0.491549 
0.820963 0.137958 -0.554065 0.647395 0.361767 -0.670824 0.916191 -0.0310244 -0.399539 
0.959109 -0.0970466 -0.265881 0.733302 0.301456 -0.60942 0.941877 0.0496446 -0.332271 
0.87995 0.154121 -0.449372 0.980096 -0.00131056 -0.198521 0.992796 -0.102705 -0.0617037 
0.991807 -0.127352 0.0100563 0.994603 0.023412 -0.101078 0.944603 0.139782 -0.296961 
0.999493 -0.0305821 -0.00889064 0.995186 -0.0438281 0.0876629 0.965893 0.162056 -0.201964 
0.988151 0.13555 -0.0719968 0.995801 0.0884268 0.0236926 0.994609 0.0724538 0.07418 
0.902242 0.269752 -0.336441 0.975052 0.220848 -0.0223559 0.932273 0.322286 -0.164315 
0.870894 0.47753 -0.11623 0.807755 0.332856 -0.486559 0.846413 0.480637 -0.22929 
0.846738 0.400282 -0.35044 0.745063 0.625482 -0.231633 0.743732 0.655705 -0.130049 
0.716939 0.529598 -0.453348 0.690623 0.439216 -0.574568 0.581152 0.776456 -0.243675 
0.531215 0.755472 -0.3835 0.576863 0.547877 -0.605855 0.476653 0.674065 -0.564304 
0.30414 0.882876 -0.357812 0.556075 0.493703 -0.66861 0.252516 0.81619 -0.519683 
0.354097 0.640316 -0.681624 0.541151 0.481239 -0.689612 0.227054 0.723393 -0.652034 
0.502504 0.536161 -0.678248 0.344078 0.598644 -0.72335 0.411468 0.587495 -0.69681 
0.360949 0.705419 -0.61 0.285309 0.803286 -0.52281 0.119306 0.906033 -0.406042 
0.312453 0.70311 -0.638756 0.214403 0.838927 -0.500232 0.25073 0.680385 -0.68863 
0.0879423 0.932921 -0.349178 -0.0554342 0.983564 -0.171841 -0.0285016 0.981947 -0.186996 
0.121639 0.884569 -0.450268 0.152485 0.797977 -0.583079 0.132779 0.727391 -0.673255 
-0.0130746 0.979277 -0.202103 0.159148 0.668689 -0.72631 0.049955 0.92289 -0.38181 
0.0585522 0.811582 -0.581298 0.0972355 0.691224 -0.716069 0.0253224 0.757848 -0.65194 
-0.0081018 0.868556 -0.495525 0.00809143 0.67747 -0.735506 0.0111822 0.717793 -0.696167 
-0.266612 0.844284 -0.464869 -0.185651 0.777456 -0.600913 -0.10013 0.666036 -0.739168 
-0.521106 0.72057 -0.457415 -0.686322 0.611514 -0.393717 -0.394963 0.713654 -0.578534 
-0.581866 0.581025 -0.569071 -0.263004 0.61207 -0.745788 -0.381092 0.556892 -0.737997 
-0.0938838 0.654771 -0.749974 -0.472114 0.428287 -0.770505 -0.177987 0.601755 -0.778596 
-0.295587 0.514162 -0.80515 -0.361319 0.4417 -0.821188 -0.246034 0.549747 -0.798276 
-0.108244 0.663622 -0.740195 -0.280096 0.484302 -0.828853 -0.342347 0.389522 -0.855027 
-0.199494 0.58739 -0.784331 -0.126266 0.687715 -0.714916 -0.0555504 0.80989 -0.583946 
-0.308289 0.472829 -0.825464 -0.243736 0.565265 -0.788079 -0.0220989 0.898431 -0.438558 
-0.188056 0.680729 -0.707986 -0.127717 0.792422 -0.596453 -0.0273167 0.969782 -0.242439 
-0.222071 0.712788 -0.665296 -0.0683278 0.966316 -0.248123 -0.0308848 0.988619 -0.147235 
-0.0906255 0.933748 -0.346268 -0.164634 0.852962 -0.49533 -0.321443 0.61153 -0.722984 
-0.0816126 0.995793 -0.0416559 -0.188607 0.889674 -0.415822 -0.0861066 0.995524 -0.0389493 
-0.0894118 0.995886 0.014725 -0.265807 0.843066 -0.467532 -0.118459 0.982157 -0.146068 
-0.103575 0.994077 0.0329163 -0.188854 0.964998 -0.181968 -0.128199 0.978337 0.16255 
-0.115483 0.975351 0.188028 -0.0995817 0.985242 0.13922 -0.33946 0.811332 -0.475927 
-0.207321 0.972422 -0.10683 -0.123498 0.989007 0.0813277 -0.139097 0.954429 0.26404 
-0.363991 0.913979 -0.179313 -0.119603 0.97566 0.183801 -0.0951564 0.961224 0.258833 
-0.187213 0.978147 0.0904417 -0.101013 0.949935 0.29567 -0.240844 0.964931 0.104414 
-0.0950203 0.958089 0.270254 -0.110771 0.961866 0.250088 -0.0728197 0.936848 0.342071 
-0.0894557 0.946275 0.310742 -0.0878776 0.927634 0.363004 -0.125738 0.948564 0.290546 
-0.0462389 0.918944 0.391668 -0.0170154 0.905358 0.424308 -0.141303 0.928644 0.343007 
-0.063245 0.889107 0.453308 -0.105052 0.906285 0.409403 -0.010971 0.874024 0.48576 
-0.112827 0.86715 0.485099 -0.0702194 0.857215 0.510149 -0.145751 0.886489 0.439197 
-0.171959 0.857315 0.485223 -0.148107 0.848456 0.50812 -0.184427 0.928735 0.321618 
-0.195247 0.883056 0.426722 -0.235173 0.85335 0.465282 -0.232695 0.837927 0.493692 
-0.265518 0.871961 0.411321 -0.194995 0.961183 0.195202 -0.248519 0.913779 0.321319 
-0.126252 0.991998 9.46202e-05 -0.26028 0.932755 0.249446 -0.317969 0.835923 0.447357 
-0.308292 0.888442 0.340038 -0.216323 0.972927 0.0813503 -0.346605 0.847874 0.401216 
-0.319189 0.91933 0.23011 -0.175274 0.974153 -0.142497 -0.316421 0.944218 0.0912741 
-0.379467 0.864262 0.330235 -0.408147 0.835127 0.368753 -0.286946 0.956394 -0.054524 
-0.417778 0.876754 0.238254 -0.41893 0.82523 0.378806 -0.43003 0.896845 0.103652 
-0.465393 0.831595 0.303084 -0.387534 0.911364 -0.138684 -0.527315 0.817094 0.233018 
-0.515153 0.836364 0.187385 -0.520248 0.853762 -0.0208134 -0.550142 0.80093 0.236338 
-0.569118 0.816316 0.0986588 -0.612557 0.777079 0.144645 -0.679596 0.733184 0.0243283 
-0.576555 0.77873 -0.247313 -0.718458 0.695215 0.0222392 -0.665397 0.741133 -0.0892641 
-0.695063 0.718399 0.0281085 -0.790289 0.603324 -0.106978 -0.807698 0.574873 -0.130937 
-0.865056 0.43596 -0.248228 -0.798932 0.553879 -0.234363 -0.751761 0.575488 -0.321975 
-0.89037 0.366362 -0.270223 -0.882125 0.366517 -0.295838 -0.855448 0.371373 -0.360957 
-0.655314 0.431664 -0.619863 -0.822789 0.323702 -0.467157 -0.808899 0.276933 -0.518644 
-0.881151 0.165436 -0.442949 -0.910977 0.188954 -0.366629 -0.904393 0.166357 -0.392935 
-0.840546 0.129931 -0.525928 -0.760807 0.131212 -0.635576 -0.871057 0.0296534 -0.490286 
-0.893056 -0.00804707 -0.449873 -0.597865 0.783903 0.167493 -0.511325 0.810728 0.285074 
-0.553002 0.811077 0.19064 -0.390054 0.832 0.394505 -0.459308 0.833304 0.307638 
-0.309999 0.839233 0.446753 -0.513505 0.83507 0.197411 -0.461732 0.861503 0.211226 
-0.350528 0.864486 0.36027 -0.234681 0.849355 0.472781 -0.378414 0.895181 0.235485 
-0.234575 0.8721 0.429437 -0.141464 0.857079 0.495382 -0.276621 0.903595 0.327103 
-0.15233 0.889778 0.430222 -0.0641013 0.863076 0.50099 -0.0103258 0.856894 0.515389 
-0.0424091 0.881402 0.470459 0.028537 0.868934 0.494104 0.0185843 0.862358 0.505959 
-0.102957 0.912478 0.39596 0.0105273 0.900634 0.434451 0.0619938 0.869853 0.489401 
-0.0733822 0.934284 0.348896 0.027073 0.883236 0.468146 0.0716463 0.868312 0.490816 
0.0301889 0.893573 0.447901 0.0683613 0.87554 0.478286 -0.0397709 0.906856 0.41956 
-0.0192468 0.913222 0.407008 0.081817 0.87551 0.476222 -0.0823684 0.897195 0.433885 
0.0490559 0.89618 0.440971 0.0436489 0.879545 0.473809 -0.0523139 0.880472 0.471202 
0.0662689 0.889332 0.452434 -0.102844 0.862512 0.495476 -0.000302055 0.870611 0.491972 
0.040668 0.878587 0.475847 -0.114108 0.850934 0.512728 0.0315376 0.895643 0.443653 
-0.0363034 0.870974 0.489985 0.00316106 0.885845 0.463971 -0.0187936 0.914127 0.404993 
-0.171881 0.840046 0.514568 0.00291624 0.919503 0.393072 -0.102267 0.892545 0.43921 
-0.287572 0.818152 0.497926 -0.0979473 0.939988 0.326847 -0.127103 0.929769 0.345505 
-0.228116 0.903277 0.363392 -0.353248 0.837714 0.416475 -0.184363 0.953803 0.237214 
-0.0706297 0.95535 0.28691 -0.357474 0.917409 0.174851 -0.28725 0.957702 0.0171565 
-0.170169 0.971632 0.164238 -0.112427 0.957591 0.265293 -0.200097 0.973 0.115035 
-0.121504 0.942849 0.310279 -0.391252 0.891206 -0.22951 -0.27757 0.960486 -0.020538 
-0.230258 0.927759 0.293675 -0.239799 0.956484 0.166239 -0.268415 0.962189 0.0463279 
-0.343548 0.928334 -0.142023 -0.461509 0.770951 -0.438912 -0.336386 0.926956 0.166125 
-0.348226 0.937119 0.0233761 -0.41704 0.848485 -0.325807 -0.399825 0.904148 -0.150521 
-0.400398 0.908496 0.119653 -0.431812 0.901603 -0.0254902 -0.454467 0.712009 -0.53526 
-0.466227 0.808278 -0.359609 -0.485252 0.846521 -0.218933 -0.476306 0.876477 0.0701551 
-0.485243 0.700032 -0.523923 -0.463467 0.527677 -0.711867 -0.455979 0.575823 -0.678609 
-0.531437 0.833495 -0.151195 -0.534898 0.74737 -0.39411 -0.452246 0.479503 -0.752031 
-0.521061 0.57059 -0.634761 -0.562387 0.826265 0.0317292 -0.582391 0.714975 -0.386822 
-0.591201 0.787406 -0.174565 -0.641952 0.741384 -0.195569 -0.57483 0.560254 -0.596394 
-0.632779 0.773898 0.0259271 -0.629239 0.653514 -0.420688 -0.689672 0.660238 -0.297386 
-0.712986 0.690407 -0.122428 -0.696069 0.535408 -0.478357 -0.755677 0.587809 -0.288847 
-0.785828 0.596307 -0.163991 -0.592476 0.440004 -0.67481 -0.795849 0.491754 -0.353274 
-0.693003 0.405856 -0.595842 -0.842547 0.448898 -0.297666 -0.790953 0.374561 -0.483836 
-0.846923 0.31763 -0.426419 -0.898883 0.253545 -0.357384 -0.877232 0.281692 -0.388733 
-0.621914 0.288127 -0.728152 -0.725524 0.244507 -0.643297 -0.819076 0.197147 -0.538746 
-0.875711 0.133728 -0.463947 -0.89649 0.0697255 -0.437544 -0.898645 0.0140568 -0.438451 
-0.87793 -0.103365 -0.467499 -0.802756 0.0684537 -0.592365 -0.857328 0.00312037 -0.514761 
-0.865765 -0.0940128 -0.491541 -0.729338 0.123919 -0.672838 -0.826814 -0.088032 -0.555543 
-0.78432 -0.0191955 -0.620059 -0.813331 -0.170599 -0.556228 -0.775743 -0.0892915 -0.6247 
-0.634645 0.145607 -0.758963 -0.685637 0.0263999 -0.727465 -0.75713 -0.153764 -0.63491 
-0.701644 -0.0766742 -0.708391 -0.74509 -0.21669 -0.630782 -0.66625 -0.152953 -0.729874 
-0.559265 0.061481 -0.826706 -0.658397 -0.213928 -0.721629 -0.589524 -0.0490348 -0.806261 
-0.519829 0.301398 -0.799335 -0.530217 0.171076 -0.830424 -0.584753 -0.144222 -0.798288 
-0.584357 -0.177654 -0.791812 -0.510472 -0.0656181 -0.857387 -0.483771 0.0174908 -0.87502 
-0.503325 -0.10644 -0.857516 -0.508097 -0.108242 -0.854471 -0.564484 -0.152173 -0.811296 
-0.567859 -0.117057 -0.81476 -0.513996 -0.0958181 -0.852424 -0.438648 -0.0573087 -0.89683 
-0.461913 -0.0409882 -0.885978 -0.422175 -0.0282262 -0.906075 -0.384068 -0.0135719 -0.923205 
-0.398433 0.00471174 -0.917185 -0.446115 0.10182 -0.889165 -0.397706 0.042393 -0.916533 
-0.341331 0.0254324 -0.939599 -0.353647 0.0269105 -0.934992 -0.353175 0.052135 -0.934103 
-0.455833 0.210137 -0.864904 -0.390549 0.157005 -0.907095 -0.351866 0.0840387 -0.93227 
-0.493687 0.408894 -0.767515 -0.315806 0.0584293 -0.947023 -0.423101 0.273124 -0.863938 
-0.336824 0.134924 -0.93185 -0.358375 0.198012 -0.912337 -0.314834 0.0651646 -0.946907 
-0.442007 0.381346 -0.811914 -0.299733 0.0734081 -0.951195 -0.306942 0.0943101 -0.947044 
-0.367378 0.240804 -0.898358 -0.322514 0.131378 -0.937403 -0.304416 0.0810533 -0.949084 
-0.366236 0.176623 -0.913606 -0.34525 0.0670638 -0.936112 -0.415433 0.359469 -0.835582 
-0.357379 0.101605 -0.928416 -0.416049 0.237221 -0.877855 -0.4103 0.151941 -0.899204 
-0.443699 0.0659689 -0.893745 -0.458937 0.377235 -0.804407 -0.491701 0.561217 -0.665782 
-0.491513 0.270956 -0.827646 -0.502687 0.149074 -0.851518 -0.563409 0.0847887 -0.821816 
-0.509261 0.424227 -0.748789 -0.605085 0.275654 -0.746918 -0.566386 0.563948 -0.600974 
-0.522698 0.754441 -0.396996 -0.664737 0.0583022 -0.744799 -0.702556 0.227851 -0.674165 
-0.70112 0.420935 -0.575539 -0.464257 0.867528 -0.178498 -0.639625 0.689012 -0.340797 
-0.557387 0.830239 -0.00477393 -0.789972 0.481043 -0.380186 -0.781997 0.202041 -0.589627 
-0.724925 0.679223 -0.114629 -0.470936 0.842488 0.261596 -0.474867 0.753706 0.454345 
-0.624915 0.767171 0.144672 -0.569244 0.749597 0.337736 -0.621746 0.643586 0.44635 
-0.828954 0.522892 -0.198543 -0.747186 0.664217 0.0229981 -0.700561 0.669213 0.247725 
-0.725191 0.575699 0.377715 -0.821877 0.569307 0.0202138 -0.813674 0.553583 0.177425 
-0.808929 0.521662 0.271114 -0.865678 0.30797 -0.394659 -0.888171 0.400128 -0.225941 
-0.888777 0.453136 -0.0688717 -0.892569 0.446835 0.060485 -0.931732 0.362454 -0.0224417 
-0.908783 0.306284 -0.283379 -0.928476 0.284565 -0.238653 -0.936211 0.220297 -0.273821 
-0.889438 0.210865 -0.405506 -0.84825 0.116481 -0.516628 -0.884666 0.147592 -0.442247 
-0.841111 0.0484587 -0.538687 -0.834537 0.0114155 -0.550833 -0.806245 -0.0416485 -0.590114 
-0.753612 -0.0452427 -0.655761 -0.684433 -0.156295 -0.712126 -0.705994 -0.0195103 -0.707949 
-0.728528 -0.155688 -0.667089 -0.712326 -0.177108 -0.679135 -0.628929 -0.16045 -0.760726 
-0.512787 -0.287407 -0.808979 -0.531391 -0.319284 -0.784653 -0.591194 -0.296866 -0.749907 
-0.511661 -0.0327884 -0.858562 -0.586456 -0.135185 -0.79862 -0.589048 -0.275315 -0.759753 
-0.532651 -0.253944 -0.807338 -0.392642 -0.375972 -0.839331 -0.484117 -0.384502 -0.785995 
-0.461794 -0.381281 -0.800856 -0.395917 -0.404563 -0.824366 -0.330368 -0.411062 -0.849638 
-0.461813 -0.384831 -0.799146 -0.295961 -0.38265 -0.875206 -0.400198 -0.424433 -0.812218 
-0.37165 -0.419456 -0.828211 -0.34465 -0.375869 -0.860197 -0.342841 -0.332965 -0.878404 
-0.373994 -0.38385 -0.844267 -0.466112 -0.322634 -0.8238 -0.40158 -0.396228 -0.825673 
-0.429535 -0.366986 -0.825119 -0.425456 -0.367251 -0.827112 -0.468865 -0.322944 -0.822115 
-0.515557 -0.270768 -0.812949 -0.47323 -0.279152 -0.83554 -0.470142 -0.240504 -0.84919 
-0.446022 -0.223495 -0.866669 -0.494851 -0.180693 -0.849984 -0.452886 -0.146655 -0.879424 
-0.485873 -0.117759 -0.86606 -0.395256 0.00853217 -0.918531 -0.421653 -0.046562 -0.905561 
-0.42987 -0.0778236 -0.899531 -0.429168 -0.0862284 -0.899099 -0.33388 0.0577529 -0.940845 
-0.375559 0.0197363 -0.926588 -0.397861 0.00257744 -0.917442 -0.370541 0.0408156 -0.927919 
-0.333407 0.0854797 -0.9389 -0.315807 0.0832371 -0.945165 -0.341623 0.120003 -0.932144 
-0.335586 0.0828271 -0.938361 -0.336986 0.120449 -0.933773 -0.365273 0.117291 -0.923482 
-0.343012 0.150824 -0.927143 -0.391421 0.0712868 -0.917446 -0.455807 0.0197689 -0.889859 
-0.515963 -0.0448598 -0.855436 -0.577175 -0.0644264 -0.814075 -0.402557 0.118112 -0.907743 
-0.526395 0.015701 -0.850095 -0.464249 0.083469 -0.881763 -0.596039 -0.00861802 -0.802909 
-0.374428 0.159535 -0.913429 -0.537495 0.0683637 -0.840491 -0.432776 0.148878 -0.889123 
-0.486022 0.127823 -0.864548 -0.544682 0.0961058 -0.833118 -0.397631 0.197631 -0.896009 
-0.365128 0.199094 -0.909419 -0.441551 0.173663 -0.880269 -0.497665 0.123006 -0.858603 
-0.357278 0.179608 -0.916566 -0.374561 0.222555 -0.900096 -0.377888 0.108742 -0.919443 
-0.45816 0.137467 -0.878176 -0.39697 0.206895 -0.894209 -0.375369 0.219482 -0.900514 
-0.417416 0.17189 -0.89231 -0.436082 0.0987912 -0.894468 -0.391371 0.223519 -0.892675 
-0.417726 0.0514991 -0.907112 -0.40223 0.180629 -0.897543 -0.427419 0.239255 -0.87182 
-0.454824 0.122419 -0.882127 -0.494896 0.00802521 -0.868915 -0.528713 -0.0623236 -0.846509 
-0.556854 -0.178905 -0.811115 -0.486356 0.212447 -0.84754 -0.575505 -0.095893 -0.812156 
-0.535465 0.138891 -0.833058 -0.635894 -0.0531401 -0.769945 -0.616991 0.0437589 -0.785753 
-0.592927 0.109128 -0.797828 -0.574192 0.202829 -0.793199 -0.677039 0.0718378 -0.732432 
-0.512425 0.248702 -0.821929 -0.672057 0.142572 -0.726645 -0.587391 0.231764 -0.775408 
-0.63751 0.194088 -0.745595 -0.540974 0.247192 -0.803892 -0.478619 0.244669 -0.843245 
-0.431766 0.206856 -0.877946 -0.592273 0.227047 -0.773086 -0.634126 0.211913 -0.743624 
-0.500793 0.223956 -0.836092 -0.468978 0.203003 -0.859563 -0.416849 0.0989868 -0.90357 
-0.421651 0.13512 -0.896634 -0.543523 0.198998 -0.815465 -0.443659 0.1171 -0.888512 
-0.403977 0.046339 -0.913595 -0.476569 0.139475 -0.868003 -0.377021 -0.0258994 -0.925843 
-0.409538 0.0235718 -0.911988 -0.306194 -0.118932 -0.944511 -0.421068 0.015163 -0.906902 
-0.330594 -0.118569 -0.936295 -0.152221 -0.292966 -0.943928 -0.484633 0.0584777 -0.872761 
-0.559914 0.145156 -0.815737 -0.205213 -0.26411 -0.942409 -0.339417 -0.102799 -0.935002 
-0.474533 0.020227 -0.880005 -0.390663 -0.0949585 -0.915623 -0.598808 0.164416 -0.783834 
-0.200556 -0.282121 -0.938182 -0.521404 0.0562272 -0.851455 -0.393965 -0.121647 -0.91104 
-0.55668 0.0393203 -0.829796 -0.160141 -0.352928 -0.921844 -0.674617 0.184588 -0.714716 
-0.638182 0.138673 -0.757294 -0.287491 -0.24668 -0.925472 -0.444326 -0.110413 -0.889035 
-0.0796841 -0.415866 -0.905928 -0.588959 0.0333196 -0.807476 -0.70948 0.146987 -0.689226 
-0.676741 0.123119 -0.725854 -0.220885 -0.310396 -0.924589 0.16694 -0.555356 -0.814684 
0.0400972 -0.473287 -0.879995 -0.320017 -0.242046 -0.915971 -0.0296721 -0.436032 -0.899442 
-0.501041 -0.073484 -0.862298 0.275361 -0.568556 -0.77519 0.188842 -0.525808 -0.829376 
-0.0882491 -0.378666 -0.921317 -0.613039 0.0291299 -0.789515 -0.416918 -0.17537 -0.891866 
0.458923 -0.58408 -0.669508 0.205608 -0.499524 -0.841547 -0.0598227 -0.392852 -0.917654 
0.343237 -0.542573 -0.766683 -0.358915 -0.228385 -0.904997 0.00357259 -0.426617 -0.904425 
-0.621215 -0.0139414 -0.783516 -0.702276 0.11551 -0.702471 -0.288536 -0.261336 -0.921114 
-0.553208 -0.0878431 -0.828399 -0.730114 0.118063 -0.673049 -0.735604 0.0815779 -0.672482 
-0.689635 0.0305207 -0.723514 -0.704829 0.0480722 -0.707746 -0.750295 0.0750251 -0.656832 
-0.703141 -0.0189215 -0.710798 -0.602632 -0.166102 -0.780542 -0.646863 -0.00710664 -0.762573 
-0.739427 0.060858 -0.67048 -0.750853 0.0413385 -0.659175 -0.694576 -0.0525472 -0.717498 
-0.595319 -0.189726 -0.780768 -0.488328 -0.273341 -0.828746 -0.74125 0.00786537 -0.671183 
-0.667902 -0.0925915 -0.738467 -0.454812 -0.251641 -0.854297 -0.752535 0.0437097 -0.6571 
-0.57497 -0.152538 -0.803829 -0.673948 -0.0606673 -0.736284 -0.735613 0.00925374 -0.677339 
-0.682502 -0.00537232 -0.730864 -0.673403 -0.0547459 -0.737246 -0.726152 0.0203661 -0.687232 
-0.679692 0.00103519 -0.733497 -0.719873 0.0270841 -0.693577 -0.713843 0.0152325 -0.70014 
-0.704651 0.0206477 -0.709253 -0.676891 0.0217512 -0.735762 -0.504698 -0.12538 -0.854143 
-0.630035 -0.0338546 -0.775828 -0.582063 -0.0805656 -0.809143 -0.610934 -0.0300722 -0.79111 
-0.511344 -0.072317 -0.856328 -0.453394 -0.143002 -0.879764 -0.447514 -0.124757 -0.885532 
-0.241804 -0.284449 -0.927696 -0.340028 -0.216617 -0.915127 -0.235196 -0.210416 -0.948898 
-0.222858 -0.242852 -0.944117 -0.137477 -0.298178 -0.944558 0.060501 -0.332815 -0.941049 
0.0398389 -0.34895 -0.936294 -0.00128795 -0.381814 -0.924238 0.0957705 -0.409565 -0.90724 
0.0790568 -0.430054 -0.899335 0.188903 -0.411102 -0.891802 0.367984 -0.41373 -0.832716 
0.314269 -0.414282 -0.854169 0.303947 -0.476068 -0.825212 0.299401 -0.478692 -0.825356 
0.327367 -0.513064 -0.793471 0.502107 -0.468657 -0.726807 0.575796 -0.431997 -0.694145 
0.437849 -0.516895 -0.7356 0.578614 -0.504201 -0.641083 0.704856 -0.42616 -0.567068 
0.694584 -0.45787 -0.554894 0.570592 -0.559785 -0.600887 0.782871 -0.432512 -0.447266 
0.743679 -0.472744 -0.47271 0.694084 -0.512501 -0.505559 0.861272 -0.393658 -0.321317 
0.858396 -0.410801 -0.307244 0.831103 -0.460572 -0.311676 0.778498 -0.516551 -0.356533 
0.93817 -0.333144 -0.0940865 0.91748 -0.365585 -0.156777 0.844881 -0.467451 -0.260126 
0.905853 -0.39391 -0.155774 0.947491 -0.319659 -0.00893568 0.95743 -0.273357 0.0927573 
0.931941 -0.362265 0.0157904 0.925782 -0.374826 -0.0493276 0.936565 -0.19307 0.292524 
0.94887 -0.218526 0.2278 0.950521 -0.279439 0.135734 0.931368 -0.175626 0.31892 
0.901405 -0.128688 0.413411 0.832214 -0.0511776 0.552087 0.881735 -0.0969609 0.461672 
0.941586 -0.273014 0.197177 0.929562 -0.205843 0.305849 0.896347 -0.118722 0.427161 
0.774475 0.0005997 0.632604 0.83183 -0.0363267 0.553841 0.778243 0.0219285 0.627581 
0.860987 -0.0775341 0.502683 0.813868 -0.0144855 0.580869 0.939005 -0.269057 0.214192 
0.898031 -0.153348 0.412341 0.828339 -0.0454447 0.558381 0.917383 -0.205619 0.340778 
0.936007 -0.341628 0.0847394 0.878714 -0.122795 0.461285 0.82547 -0.0467679 0.562506 
0.932612 -0.282633 0.224394 0.890197 -0.443297 -0.105058 0.884744 -0.157908 0.438512 
0.842769 -0.0883914 0.530968 0.926087 -0.33099 0.181132 0.914182 -0.26607 0.305743 
0.840298 -0.50292 -0.202413 0.907079 -0.420467 0.0203932 0.67329 -0.56828 -0.47301 
0.839625 -0.127391 0.528017 0.893198 -0.239977 0.380274 0.912405 -0.356101 0.201765 
0.831536 -0.520455 -0.194097 0.864807 -0.210059 0.456053 0.885593 -0.46418 0.0161656 
0.820023 -0.138826 0.555238 0.894297 -0.302735 0.329522 0.695672 -0.592529 -0.406141 
0.893853 -0.420177 0.156454 0.834382 -0.538782 -0.116277 0.826657 -0.187038 0.530712 
0.884482 -0.370472 0.283625 0.859274 -0.275965 0.430687 0.868264 -0.492415 0.060373 
0.700971 -0.613227 -0.364133 0.523556 -0.622662 -0.581533 0.8088 -0.190126 0.556503 
0.767461 -0.604483 -0.213551 0.85614 -0.296509 0.423211 0.877912 -0.397857 0.266421 
0.828482 -0.273224 0.488842 0.852067 -0.51828 0.0732621 0.800396 -0.58956 -0.108559 
0.601895 -0.658237 -0.452157 0.852417 -0.491702 0.177807 0.84766 -0.390932 0.35867 
0.810489 -0.294302 0.506453 0.697329 -0.656454 -0.287751 0.40005 -0.63589 -0.660002 
0.795653 -0.604392 -0.040574 0.834792 -0.473836 0.28036 0.814161 -0.408674 0.412466 
0.81891 -0.555462 0.144391 0.677827 -0.687205 -0.261343 0.529012 -0.688548 -0.496032 
0.77595 -0.630794 0.000880077 0.316734 -0.637547 -0.702291 0.0813579 -0.522731 -0.848606 
0.807901 -0.523743 0.270164 0.237254 -0.620819 -0.747191 0.486897 -0.696465 -0.527132 
0.0294051 -0.491111 -0.870601 0.679857 -0.69067 -0.246517 0.780572 -0.615155 0.110869 
0.591225 -0.701255 -0.398366 0.265386 -0.611288 -0.745585 0.452947 -0.68806 -0.566932 
0.0106984 -0.44726 -0.89434 0.743814 -0.667799 -0.0280427 0.384493 -0.667974 -0.637163 
0.672843 -0.703876 -0.227688 0.223168 -0.590185 -0.775808 0.0395542 -0.478917 -0.876969 
0.539386 -0.710164 -0.452471 0.395595 -0.6598 -0.63888 0.218979 -0.578783 -0.785531 
0.479652 -0.681355 -0.552892 0.661591 -0.700718 -0.267004 0.758567 -0.651403 -0.0158186 
0.615919 -0.680216 -0.397429 0.784803 -0.589274 0.191937 0.555516 -0.679794 -0.478835 
0.708084 -0.66409 -0.240005 0.766923 -0.640773 -0.03519 0.780624 -0.603546 0.162353 
0.729696 -0.657769 -0.186773 0.781735 -0.623381 -0.0169428 0.819262 -0.545082 0.178033 
0.82203 -0.556581 0.120352 0.795012 -0.546085 0.264097 0.822332 -0.454622 0.342184 
0.780292 -0.509569 0.362606 0.794239 -0.457178 0.400215 0.786954 -0.458033 0.413411 
0.770599 -0.367896 0.520413 0.760395 -0.413849 0.500528 0.738194 -0.347927 0.577942 
0.749058 -0.411019 0.519592 0.706163 -0.268174 0.655299 0.750552 -0.3874 0.535344 
0.681337 -0.259205 0.684538 0.699298 -0.284723 0.655679 0.660055 -0.195516 0.725329 
0.696618 -0.313742 0.645205 0.6537 -0.210183 0.72698 0.788783 -0.400397 0.466374 
0.631159 -0.162279 0.758488 0.63432 -0.210296 0.743918 0.655019 -0.23275 0.718872 
0.656423 -0.156177 0.738049 0.705361 -0.278556 0.651822 0.7394 -0.306777 0.599313 
0.610551 -0.158604 0.775933 0.63584 -0.163978 0.7542 0.619911 -0.168486 0.76637 
0.675162 -0.199237 0.710254 0.627299 -0.16946 0.760118 0.785988 -0.300041 0.540553 
0.608593 -0.144237 0.780263 0.737559 -0.239643 0.631331 0.634421 -0.136575 0.760827 
0.688079 -0.176172 0.703925 0.629215 -0.138741 0.764748 0.750665 -0.191395 0.632353 
0.652744 -0.11476 0.748836 0.684892 -0.127224 0.717452 0.641393 -0.113275 0.758804 
0.711873 -0.118397 0.692256 0.771663 -0.171838 0.612379 0.66551 -0.149657 0.731231 
0.670786 -0.0926072 0.735847 0.71564 -0.0872168 0.693003 0.691383 -0.122314 0.71206 
0.702237 -0.0853674 0.706806 0.750062 -0.0958727 0.654381 0.741828 -0.150599 0.65346 
0.776932 -0.102409 0.621199 0.730952 -0.0614271 0.679659 0.742287 -0.0518686 0.668072 
0.750389 -0.0386779 0.659864 0.773318 -0.0522297 0.631864 0.775064 -0.111811 0.621912 
0.755576 -0.0355988 0.654093 0.790274 -0.0312403 0.611957 0.751294 -0.000865783 0.659967 
0.753668 0.00747811 0.657212 0.78945 -0.0143824 0.613646 0.7687 0.0193597 0.639316 
0.815424 -0.103157 0.569598 0.755504 0.0309108 0.654414 0.769683 0.0208669 0.638085 
0.857151 -0.104039 0.504449 0.83434 -0.0383269 0.549916 0.782946 0.0158618 0.621887 
0.768651 0.0281069 0.639051 0.754095 0.0463541 0.655128 0.748157 0.0516317 0.66151 
0.753253 0.0445837 0.656218 0.790691 0.0230981 0.611779 0.833354 -0.0268594 0.552086 
0.751295 0.0167399 0.659754 0.764271 0.0322317 0.644089 0.760073 0.0297627 0.649156 
0.787607 -0.025788 0.615638 0.81552 -0.00846908 0.578667 0.829928 -0.0528836 0.555358 
0.870078 -0.11278 0.479838 0.892637 -0.0883819 0.442028 0.893447 -0.114922 0.434218 
0.892664 -0.120487 0.43432 0.934508 -0.19382 0.298544 0.946604 -0.219863 0.2358 
0.949105 -0.220187 0.225207 0.933976 -0.231011 0.272623 0.950056 -0.29613 0.0984912 
0.952696 -0.294463 0.075244 0.911396 -0.228037 0.342574 0.941323 -0.325225 0.0902232 
0.941204 -0.337716 0.00906507 0.941768 -0.33568 -0.0197806 0.926556 -0.329896 0.180726 
0.880802 -0.228408 0.414749 0.916759 -0.394732 0.061146 0.904183 -0.349741 0.245222 
0.842827 -0.216952 0.492518 0.880832 -0.336451 0.33307 0.801374 -0.222753 0.55514 
0.686863 -0.189635 0.701611 0.763815 -0.266938 0.587648 0.653685 -0.19582 0.730993 
0.830148 -0.406092 0.382026 0.714814 -0.257985 0.649988 0.78609 -0.381866 0.486046 
0.738295 -0.344715 0.579735 0.684751 -0.258263 0.681481 0.784554 -0.470511 0.40385 
0.672164 -0.20613 0.71113 0.746118 -0.397049 0.534471 0.774106 -0.527279 0.350338 
0.736152 -0.344836 0.582382 0.707144 -0.243987 0.66364 0.778247 -0.491371 0.391007 
0.716281 -0.220298 0.662126 0.758592 -0.341147 0.555119 0.785503 -0.257157 0.562899 
0.773105 -0.320411 0.547399 0.789897 -0.482056 0.379058 0.788418 -0.581072 0.201874 
0.787312 -0.44452 0.42725 0.79291 -0.58027 0.185961 0.834812 -0.382462 0.395995 
0.815126 -0.448619 0.366484 0.80654 -0.538853 0.243168 0.817418 -0.512364 0.26327 
0.789262 -0.60777 0.0876387 0.839956 -0.501975 0.206146 0.874317 -0.434481 0.216323 
0.811321 -0.572006 0.120698 0.828597 -0.550736 0.100581 0.792877 -0.609381 -0.00115488 
0.856424 -0.504471 0.109759 0.812993 -0.581789 0.0237685 0.893518 -0.434798 0.112142 
0.837558 -0.545016 0.0381484 0.870445 -0.489339 0.0536099 0.894415 -0.445404 0.0404583 
0.821915 -0.569084 -0.0244833 0.927141 -0.374614 -0.00857619 0.906393 -0.422328 0.00950561 
0.86263 -0.505817 0.00443259 0.886927 -0.461764 0.0116201 0.839782 -0.542351 -0.0249335 
0.917287 -0.398076 -0.0109479 0.930039 -0.366607 -0.0250477 0.902819 -0.429944 -0.0080923 
0.823176 -0.558613 -0.101653 0.883475 -0.467163 -0.0350841 0.931387 -0.363405 -0.0213531 
0.85479 -0.512965 -0.0787515 0.919743 -0.39163 -0.0264503 0.901269 -0.426787 -0.074611 
0.863957 -0.483619 -0.140325 0.930919 -0.35994 -0.0619059 0.882825 -0.448396 -0.139859 
0.9121 -0.392548 -0.118237 0.86582 -0.444995 -0.228771 0.881452 -0.411767 -0.23128 
0.907349 -0.358688 -0.219229 0.857537 -0.387128 -0.338765 0.817248 -0.456019 -0.352352 
0.757148 -0.361547 -0.544069 0.770847 -0.401406 -0.49464 0.674229 -0.375063 -0.636195 
0.596664 -0.284841 -0.750238 0.458574 -0.290632 -0.839788 0.503837 -0.324184 -0.800658 
0.324475 -0.200597 -0.924379 0.247947 -0.157968 -0.955808 0.235042 -0.15741 -0.959155 
0.271473 -0.213855 -0.938386 0.237224 -0.176191 -0.955344 0.293434 -0.239134 -0.925587 
0.605986 -0.383504 -0.696926 0.211842 -0.195896 -0.957469 0.311378 -0.280545 -0.907931 
0.213999 -0.236326 -0.947816 0.18881 -0.25475 -0.948395 0.687988 -0.446266 -0.572293 
0.806829 -0.515066 -0.289369 0.249826 -0.278388 -0.927409 0.428936 -0.35751 -0.829579 
0.130899 -0.231715 -0.963937 0.15927 -0.25488 -0.953766 0.611881 -0.468043 -0.637603 
0.256686 -0.306052 -0.916758 0.375952 -0.376709 -0.846611 0.794756 -0.560578 -0.232627 
0.698824 -0.525002 -0.485817 0.100827 -0.232293 -0.967406 0.223387 -0.308992 -0.924458 
0.499632 -0.437867 -0.747423 0.133646 -0.257855 -0.956896 0.0626169 -0.21678 -0.97421 
0.361329 -0.370414 -0.855707 0.802684 -0.588291 -0.0980456 0.752075 -0.578414 -0.315943 
0.0825118 -0.229477 -0.96981 0.550529 -0.496498 -0.671124 0.114903 -0.263839 -0.957699 
0.254951 -0.359396 -0.897683 0.77069 -0.621754 -0.139496 0.707638 -0.612268 -0.35267 
0.0716365 -0.238706 -0.968446 0.392328 -0.454785 -0.799531 0.115369 -0.291469 -0.949598 
0.581006 -0.557895 -0.592609 0.771006 -0.635442 -0.0419945 0.745773 -0.640414 -0.183554 
0.776697 -0.62767 0.0526457 0.687466 -0.621069 -0.376383 0.23035 -0.365509 -0.901855 
0.0514227 -0.248988 -0.96714 0.755572 -0.650646 -0.0759712 0.402581 -0.481463 -0.778539 
0.00532282 -0.210441 -0.977592 0.571467 -0.5745 -0.585982 0.10259 -0.285479 -0.952878 
0.723916 -0.650441 -0.229938 0.0240112 -0.226556 -0.973702 -0.01242 -0.196857 -0.980354 
0.427709 -0.516264 -0.741981 0.206853 -0.374939 -0.903677 0.0496307 -0.249813 -0.967021 
-0.0515121 -0.169743 -0.984141 -0.0109999 -0.201754 -0.979374 0.615689 -0.617856 -0.489061 
-0.0433239 -0.15572 -0.986851 0.101631 -0.301463 -0.948046 0.270146 -0.42768 -0.862619 
0.000222991 -0.225064 -0.974344 -0.051549 -0.182265 -0.981897 0.446324 -0.543342 -0.711037 
0.253754 -0.411734 -0.875262 0.0111973 -0.218175 -0.975845 0.130113 -0.318361 -0.938998 
0.592771 -0.61931 -0.514857 0.347715 -0.462088 -0.815824 0.276812 -0.427313 -0.860685 
0.553979 -0.595613 -0.581681 0.692677 -0.647383 -0.317952 0.429449 -0.506291 -0.747825 
0.773685 -0.632613 0.0348219 0.486366 -0.549559 -0.679289 0.755489 -0.650556 -0.0775517 
0.657634 -0.636175 -0.403483 0.779923 -0.607551 0.150338 0.742711 -0.648229 -0.167868 
0.763286 -0.646011 0.00803426 0.730179 -0.656142 -0.190569 0.786047 -0.589544 0.185927 
0.721344 -0.635221 -0.275966 0.777716 -0.628593 -0.0054379 0.792978 -0.605655 -0.0660931 
0.820475 -0.533317 0.205899 0.839617 -0.533518 0.101988 0.363841 -0.634032 -0.682366 
0.334562 -0.642382 -0.689503 0.18639 -0.569347 -0.800689 0.133844 -0.522041 -0.842353 
0.141459 -0.576489 -0.804767 0.108614 -0.53573 -0.837375 -0.0493083 -0.406253 -0.912429 
-0.00444873 -0.450936 -0.892545 -0.0302926 -0.478956 -0.877316 -0.0939913 -0.390527 -0.915781 
-0.26058 -0.207276 -0.942939 -0.136644 -0.446035 -0.884523 -0.216983 -0.267388 -0.938841 
-0.180903 -0.362251 -0.914357 -0.266083 -0.260211 -0.928165 -0.355186 -0.0925571 -0.930202 
-0.350265 -0.139156 -0.926256 -0.31211 -0.295231 -0.90301 -0.354795 -0.316961 -0.879577 
-0.405926 -0.173934 -0.897202 -0.409998 -0.0945586 -0.907172 -0.41609 -0.00302792 -0.909318 
-0.44751 -0.209145 -0.869479 -0.46222 -0.0625681 -0.884555 -0.476672 -0.265498 -0.83803 
-0.512049 -0.108753 -0.852044 -0.515099 -0.204201 -0.832451 -0.521365 -0.023454 -0.853011 
-0.487776 0.0521252 -0.871411 -0.547124 -0.145686 -0.824276 -0.58768 -0.0251484 -0.808703 
-0.597052 -0.0845961 -0.79773 -0.554161 0.0531208 -0.830713 -0.605949 -0.166962 -0.777785 
-0.630036 -0.119135 -0.767374 -0.652745 -0.0567146 -0.755452 -0.619407 0.0233018 -0.784724 
-0.650921 -0.016405 -0.758968 -0.599094 0.0375867 -0.799796 -0.661865 -0.144041 -0.735654 
-0.696243 -0.0935498 -0.711684 -0.69792 -0.0720231 -0.712545 -0.692539 -0.0419105 -0.720162 
-0.664967 -0.0147769 -0.746726 -0.631973 -0.008702 -0.774942 -0.721321 -0.0549301 -0.690419 
-0.711276 -0.0490107 -0.701202 -0.732442 -0.0632843 -0.677882 -0.735459 -0.0670203 -0.674246 
-0.658587 -0.0441912 -0.751206 -0.735635 -0.061897 -0.674544 -0.695401 -0.0704401 -0.715161 
-0.723808 -0.0862716 -0.684587 -0.631006 -0.093235 -0.770155 -0.751522 -0.0592727 -0.65704 
-0.711071 -0.0981977 -0.696229 -0.742889 -0.0771441 -0.664955 -0.685706 -0.109561 -0.719586 
-0.751895 -0.0789994 -0.654532 -0.739542 -0.109105 -0.664209 -0.719968 -0.122308 -0.683145 
-0.760499 -0.0612574 -0.646444 -0.655429 -0.163988 -0.737239 -0.758331 -0.0910148 -0.645485 
-0.612284 -0.132442 -0.779466 -0.755321 -0.123127 -0.643685 -0.705002 -0.175837 -0.687062 
-0.781371 -0.0679359 -0.620358 -0.741913 -0.150349 -0.653422 -0.780551 -0.105401 -0.616142 
-0.629462 -0.176242 -0.75678 -0.674953 -0.199953 -0.710251 -0.709695 -0.220279 -0.669186 
-0.619636 -0.205579 -0.757488 -0.777772 -0.150159 -0.610347 -0.755112 -0.200767 -0.624099 
-0.687212 -0.232065 -0.688393 -0.744437 -0.228406 -0.627411 -0.652605 -0.228938 -0.722284 
-0.815202 -0.0821669 -0.573319 -0.745824 -0.249464 -0.617668 -0.815097 -0.12787 -0.565037 
-0.718725 -0.254314 -0.647115 -0.781409 -0.236587 -0.577431 -0.80597 -0.189604 -0.56077 
-0.844099 -0.106827 -0.525438 -0.780363 -0.270651 -0.563721 -0.770347 -0.253898 -0.584894 
-0.838584 -0.177851 -0.514923 -0.818858 -0.237646 -0.52249 -0.859051 -0.0822082 -0.505246 
-0.854828 -0.155036 -0.495211 -0.820524 -0.268695 -0.504523 -0.806968 -0.256444 -0.532014 
-0.813527 -0.276915 -0.511363 -0.819908 -0.206763 -0.533854 -0.84191 -0.225851 -0.49008 
-0.861435 -0.131118 -0.490651 -0.831727 -0.273442 -0.483177 -0.838111 -0.238939 -0.490386 
-0.837864 -0.259946 -0.480013 -0.851867 -0.176451 -0.493141 -0.838463 -0.273882 -0.471135 
-0.858405 -0.180911 -0.480012 -0.849682 -0.21233 -0.482655 -0.841619 -0.258941 -0.473948 
-0.840631 -0.264344 -0.472717 -0.852442 -0.212906 -0.477508 -0.860758 -0.139097 -0.489641 
-0.871232 -0.143117 -0.469545 -0.840296 -0.254156 -0.47886 -0.837054 -0.267202 -0.477435 
-0.849785 -0.162378 -0.501497 -0.839136 -0.212549 -0.500673 -0.850403 -0.211595 -0.481708 
-0.82861 -0.236116 -0.507597 -0.861508 -0.10979 -0.495731 -0.822067 -0.264429 -0.504265 
-0.822079 -0.264977 -0.503958 -0.827203 -0.239437 -0.508336 -0.838937 -0.177702 -0.5144 
-0.79519 -0.200124 -0.572383 -0.785243 -0.236712 -0.572154 -0.810494 -0.0654468 -0.582079 
-0.77816 -0.247191 -0.577377 -0.684906 -0.166802 -0.709282 -0.679077 -0.221982 -0.699698 
-0.621333 -0.0750644 -0.779942 -0.431628 -0.132853 -0.892215 -0.364302 -0.100412 -0.925852 
-0.503155 -0.177592 -0.845752 -0.619994 -0.205287 -0.757275 -0.120011 -0.110454 -0.986609 
-0.445812 -0.167835 -0.879251 -0.196603 -0.100503 -0.975319 -0.251801 -0.109864 -0.961523 
-0.0812542 -0.104272 -0.991224 -0.0973809 -0.0859148 -0.991532 -0.136387 -0.0763316 -0.987711 
-0.0568808 -0.0595066 -0.996606 -0.227774 -0.0822252 -0.970236 -0.0872908 -0.0538195 -0.994728 
-0.138085 -0.0518443 -0.989063 -0.382967 -0.10647 -0.917606 -0.0581447 -0.036231 -0.997651 
-0.0996806 -0.0283728 -0.994615 -0.166584 -0.0217227 -0.985788 -0.694793 -0.189748 -0.693728 
-0.0235395 -0.0280005 -0.999331 -0.227292 -0.0281618 -0.973419 -0.136474 -0.015403 -0.990524 
-0.0775102 -0.0220593 -0.996747 -0.527324 -0.10064 -0.843683 -0.327851 -0.00513458 -0.944715 
-0.206874 0.0127709 -0.978284 -0.170126 0.00388108 -0.985415 -0.0764334 -0.0113753 -0.99701 
-0.118615 -0.00871397 -0.992902 -0.129242 0.00481958 -0.991601 -0.174976 0.00730177 -0.984546 
-0.229966 0.0352548 -0.97256 -0.372413 0.0500816 -0.926715 -0.207562 0.00393515 -0.978214 
-0.301773 0.0666256 -0.951049 -0.261252 0.0321695 -0.964734 -0.73835 -0.165637 -0.653761 
-0.495126 0.0148229 -0.868695 -0.643585 -0.0689963 -0.762259 -0.802161 -0.186866 -0.567114 
-0.327464 0.0823167 -0.941271 -0.447361 0.107815 -0.887831 -0.405258 0.118309 -0.906515 
-0.733748 -0.0618449 -0.676602 -0.599907 0.0626811 -0.797611 -0.815921 -0.143196 -0.56015 
-0.357384 0.0765353 -0.930816 -0.351373 0.065836 -0.933918 -0.543379 0.149274 -0.826109 
-0.778008 -0.0260255 -0.627715 -0.455948 0.125801 -0.881071 -0.829729 -0.0774628 -0.552766 
-0.698586 0.0697803 -0.712115 -0.508732 0.159982 -0.84593 -0.613707 0.143279 -0.776425 
-0.6813 0.141621 -0.718174 -0.786423 0.0419064 -0.616265 -0.849348 -0.0629678 -0.524064 
-0.594464 0.182247 -0.783198 -0.557889 0.169311 -0.812461 -0.478737 0.112471 -0.870724 
-0.488764 0.113378 -0.865017 -0.545647 0.146153 -0.825172 -0.58233 0.10474 -0.806177 
-0.551034 0.0891748 -0.829704 -0.567823 0.086118 -0.818633 -0.606266 0.185588 -0.773304 
-0.610196 0.151262 -0.777676 -0.608283 0.0595819 -0.791481 -0.625267 0.0333716 -0.779697 
-0.644131 0.0678616 -0.761899 -0.729309 0.123964 -0.672861 -0.645831 0.178871 -0.742232 
-0.644953 0.00671457 -0.764192 -0.647758 0.121421 -0.752108 -0.637535 0.170253 -0.751374 
-0.81134 0.0382866 -0.583319 -0.68266 0.158727 -0.713289 -0.752406 0.105727 -0.650159 
-0.862245 -0.0739756 -0.50106 -0.848951 -0.0133353 -0.528303 -0.838776 0.0242025 -0.543939 
-0.805556 0.0634494 -0.589113 -0.741297 0.110573 -0.662006 -0.67602 0.137011 -0.724034 
-0.853874 -0.019177 -0.520126 -0.834235 0.0209083 -0.551012 -0.653202 0.113923 -0.748565 
-0.844073 -0.0503959 -0.533854 -0.799826 0.0488086 -0.598244 -0.835414 -0.0168121 -0.549364 
-0.814267 -0.0449622 -0.578746 -0.816571 -0.000481832 -0.577245 -0.810895 -0.026484 -0.584593 
-0.789819 -0.0372977 -0.612204 -0.733705 0.0786063 -0.674906 -0.809737 0.0139763 -0.586626 
-0.797714 -0.0109761 -0.602936 -0.781027 0.0146637 -0.624325 -0.673341 0.0734499 -0.735675 
-0.671014 0.0497957 -0.73977 -0.677981 -0.0371678 -0.73414 -0.664122 0.0255599 -0.747187 
-0.67428 -0.0822813 -0.733877 -0.691532 -0.0646354 -0.719448 -0.718682 0.00620499 -0.695311 
-0.691256 -0.139804 -0.708957 -0.710474 -0.220004 -0.66845 -0.679126 -0.0927286 -0.728141 
-0.667943 -0.0354196 -0.743369 -0.694732 -0.207895 -0.688569 -0.69942 -0.290854 -0.652852 
-0.662224 -0.167847 -0.730264 -0.66831 -0.350347 -0.656216 -0.654161 -0.310473 -0.689696 
-0.69958 -0.117195 -0.704878 -0.619453 -0.478531 -0.622323 -0.754651 -0.0603259 -0.653347 
-0.613519 -0.460073 -0.641816 -0.655093 -0.269263 -0.70594 -0.618616 -0.412529 -0.668681 
-0.697493 -0.200958 -0.687837 -0.536199 -0.596906 -0.59682 -0.477073 -0.658441 -0.582114 
-0.565973 -0.564206 -0.601121 -0.684942 -0.298311 -0.66473 -0.726572 -0.17253 -0.665077 
-0.63032 -0.450998 -0.6319 -0.551396 -0.632136 -0.544395 -0.667724 -0.397054 -0.629677 
-0.596099 -0.555341 -0.579881 -0.712474 -0.276564 -0.644898 -0.74936 -0.155621 -0.643616 
-0.661588 -0.430093 -0.614265 -0.777994 -0.0560034 -0.625771 -0.70241 -0.282009 -0.653522 
-0.732333 -0.179843 -0.656769 -0.791949 -0.0262824 -0.610022 -0.750651 -0.109028 -0.651642 
-0.77531 -0.04825 -0.629736 -0.769327 -0.045631 -0.637224 -0.768126 -0.0469079 -0.638578 
-0.77121 -0.0389708 -0.635386 -0.754357 -0.079354 -0.65165 -0.756883 -0.0497465 -0.651654 
-0.75069 -0.0626031 -0.657681 -0.752648 -0.0517596 -0.656386 -0.725345 -0.144336 -0.673084 
-0.710429 -0.19916 -0.675001 -0.733141 -0.109067 -0.671274 -0.743558 -0.0613312 -0.665852 
-0.728546 -0.0833841 -0.679902 -0.729117 -0.0823524 -0.679416 -0.718134 -0.115107 -0.686319 
-0.708846 -0.102722 -0.697843 -0.694333 -0.179151 -0.696998 -0.691057 -0.133061 -0.710447 
-0.666939 -0.189962 -0.720491 -0.667095 -0.249877 -0.701816 -0.636767 -0.209859 -0.741948 
-0.66887 -0.310477 -0.675439 -0.64005 -0.187411 -0.745127 -0.607364 -0.528009 -0.593562 
-0.618454 -0.27287 -0.736924 -0.617621 -0.439771 -0.652032 -0.566785 -0.609092 -0.554762 
-0.60592 -0.381475 -0.698096 -0.582438 -0.357269 -0.730154 -0.587245 -0.285958 -0.757213 
-0.490323 -0.628831 -0.603452 -0.519542 -0.522496 -0.676073 -0.496898 -0.477765 -0.724454 
-0.406226 -0.657864 -0.634189 -0.500176 -0.405344 -0.765193 -0.567852 -0.282102 -0.77328 
-0.382921 -0.600708 -0.701798 -0.272602 -0.71895 -0.639374 -0.479783 -0.389362 -0.786261 
-0.359737 -0.549609 -0.754002 -0.556278 -0.269881 -0.785951 -0.57586 -0.221716 -0.78691 
-0.369829 -0.500565 -0.782727 -0.208278 -0.678822 -0.704146 -0.461579 -0.36312 -0.809376 
-0.328687 -0.492586 -0.805806 -0.445913 -0.343773 -0.826427 -0.200921 -0.605935 -0.769723 
-0.018927 -0.753954 -0.656655 -0.0475291 -0.705708 -0.706906 -0.354297 -0.364938 -0.860984 
-0.29516 -0.473377 -0.829937 -0.257322 -0.470872 -0.84384 -0.10554 -0.617703 -0.779297 
-0.16572 -0.569694 -0.804976 -0.196603 -0.451419 -0.870384 0.00838326 -0.691105 -0.722706 
-0.0798925 -0.584195 -0.807672 -0.0589602 -0.561984 -0.825044 0.0369218 -0.651367 -0.757864 
0.140431 -0.70182 -0.698376 0.0291946 -0.562766 -0.826101 0.131896 -0.650438 -0.74802 
0.188535 -0.766071 -0.614484 0.29807 -0.709505 -0.638558 0.251526 -0.643153 -0.723249 
0.326011 -0.681831 -0.654846 0.376774 -0.643668 -0.666132 0.452694 -0.717026 -0.53004 
0.474261 -0.681088 -0.55785 0.389863 -0.728895 -0.562778 0.624059 -0.681733 -0.381826 
0.590089 -0.675442 -0.442236 0.665249 -0.666954 -0.335583 0.578586 -0.707546 -0.40573 
0.766734 -0.626658 -0.13935 0.774508 -0.621377 -0.118437 0.736822 -0.647846 -0.193363 
0.606029 -0.709613 -0.359413 0.777064 -0.617755 -0.120624 0.471128 -0.765891 -0.437548 
0.710652 -0.674766 -0.199161 0.636246 -0.731279 -0.245811 0.37656 -0.813469 -0.44325 
0.143972 -0.814527 -0.561976 -0.0718578 -0.805961 -0.587591 0.465577 -0.832307 -0.300839 
0.193342 -0.870615 -0.452381 0.328302 -0.89497 -0.302072 -0.0377912 -0.877559 -0.477977 
-0.267355 -0.796214 -0.542738 0.0954172 -0.93173 -0.350392 0.265508 -0.947134 -0.180119 
-0.109551 -0.914134 -0.390331 -0.27325 -0.8517 -0.447149 -0.420463 -0.74292 -0.520846 
0.0365321 -0.969882 -0.240821 -0.180297 -0.924132 -0.336857 -0.358289 -0.828535 -0.430301 
-0.495514 -0.709856 -0.500571 0.076453 -0.986733 -0.143224 -0.261201 -0.902798 -0.341656 
-0.0856107 -0.968172 -0.235188 -0.5116 -0.696738 -0.502814 -0.400156 -0.811991 -0.424907 
-0.414625 -0.79753 -0.438216 -0.46138 -0.71911 -0.519624 -0.130739 -0.96105 -0.243494 
-0.271881 -0.904911 -0.327439 -0.375682 -0.804666 -0.459757 -0.325191 -0.856464 -0.4009 
-0.24545 -0.906291 -0.344079 -0.223328 -0.925622 -0.305531 -0.18189 -0.939545 -0.290124 
-0.0613838 -0.975223 -0.212539 0.0362204 -0.989677 -0.13866 -0.0903863 -0.969124 -0.22941 
-0.0200507 -0.982967 -0.182688 0.0268684 -0.980301 -0.195674 0.0202541 -0.986303 -0.163693 
0.121829 -0.987673 -0.0982877 0.159719 -0.984086 -0.0778791 0.148893 -0.987063 -0.0594769 
0.137698 -0.983809 -0.114711 0.195601 -0.979886 -0.0395445 0.351661 -0.93596 -0.0177017 
0.216909 -0.965277 -0.145568 0.331352 -0.941727 0.057938 0.442328 -0.889415 0.115268 
0.557163 -0.83036 -0.00843131 0.358866 -0.929617 0.0838307 0.614749 -0.778042 0.129363 
0.560216 -0.794535 0.23425 0.662443 -0.692181 0.286453 0.786578 -0.612952 0.0747378 
0.528919 -0.819127 0.221982 0.762809 -0.616915 0.193747 0.817999 -0.57354 0.0439291 
0.683324 -0.62523 0.377035 0.790235 -0.506481 0.344971 0.904778 -0.317774 -0.283544 
0.377725 -0.91901 0.112895 0.562815 -0.774586 0.28854 0.945826 -0.298594 0.127498 
0.263153 -0.961698 -0.0767362 0.755133 -0.415485 0.507095 0.827763 -0.285118 0.483235 
0.695653 -0.558958 0.451257 0.53731 -0.805105 0.251205 0.455579 -0.8864 0.082114 
0.749093 -0.3907 0.53499 0.698888 -0.614551 0.365899 0.619018 -0.757869 0.206037 
0.785101 -0.23617 0.572573 0.761391 -0.448961 0.467673 0.516118 -0.856306 0.0190407 
0.802758 -0.142808 0.578952 0.462555 -0.877565 -0.126185 0.78696 -0.298487 0.539999 
0.703531 -0.681178 0.202585 0.783071 -0.535 0.317135 0.813977 -0.307117 0.493072 
0.665728 -0.744717 0.0469262 0.815417 -0.408738 0.409913 0.576638 -0.806969 -0.12763 
0.81312 -0.168951 0.557038 0.802242 -0.559261 0.20889 0.849758 -0.381548 0.363777 
0.660992 -0.741065 -0.117948 0.77876 -0.621305 0.0866789 0.804419 -0.0834965 0.588165 
0.849003 -0.213865 0.483173 0.864038 -0.401145 0.304172 0.82243 -0.090542 0.561614 
0.774932 -0.631478 -0.0267772 0.852962 -0.490489 0.178542 0.859331 -0.205175 0.468459 
0.831098 -0.0768402 0.550792 0.809461 -0.0283877 0.586487 0.813341 -0.581748 -0.00672266 
0.883063 -0.322457 0.340911 0.879998 -0.433518 0.194077 0.84323 -0.115772 0.524938 
0.826052 -0.0669293 0.559606 0.863653 -0.495739 0.091363 0.894518 -0.328774 0.302896 
0.868816 -0.174723 0.463282 0.839354 -0.0603093 0.540229 0.885311 -0.334866 0.32263 
0.873662 -0.464772 0.143883 0.847549 -0.524941 0.0780948 0.881698 -0.351685 0.314525 
0.853027 -0.194977 0.484076 0.839945 -0.526572 0.131207 0.856107 -0.398115 0.329522 
0.838014 -0.235907 0.492017 0.834458 -0.433723 0.339949 0.81937 -0.0642398 0.569654 
0.804266 -0.289933 0.518743 0.80506 -0.107708 0.583333 0.804132 -0.370844 0.464593 
0.775196 -0.158822 0.611431 0.750326 -0.280107 0.598791 0.738026 -0.194553 0.646117 
0.786118 -0.0421181 0.61664 0.813294 -0.0101069 0.581765 0.809284 -0.00770206 0.587367 
0.80384 -0.0113766 0.594736 0.810488 -0.00614264 0.585723 0.807495 -0.00409278 0.58986 
0.812384 -0.00726578 0.583078 0.815379 -0.0260209 0.578342 0.841618 -0.0347843 0.538952 
0.828186 -0.0753751 0.555361 0.871378 -0.129806 0.473129 0.967778 -0.154147 -0.199108 
0.971037 -0.170936 0.166937 0.953867 -0.135708 0.267808 0.952406 -0.111785 -0.283597 
0.904345 -0.11161 0.41195 0.709292 0.032033 -0.704186 0.76627 -0.053811 -0.640261 
0.917821 -0.172973 -0.357331 0.272634 -0.0487046 -0.960884 0.540234 -0.121593 -0.832684 
0.977328 -0.20953 0.030463 0.608404 -0.160019 -0.777328 0.268433 -0.110316 -0.956961 
0.840679 -0.292101 -0.456 0.460672 -0.225924 -0.858335 0.969536 -0.243453 0.0270365 
0.126831 -0.108231 -0.986002 0.243887 -0.182168 -0.952541 0.605984 -0.313812 -0.730962 
0.943499 -0.182128 0.276839 0.92091 -0.325289 -0.214737 0.388056 -0.272551 -0.880414 
0.720162 -0.391619 -0.572714 0.112925 -0.139474 -0.983766 0.179144 -0.200105 -0.963258 
0.935003 -0.342786 -0.0909273 0.662549 -0.371122 -0.650613 0.913276 -0.150022 0.378708 
0.850439 -0.0763314 0.520506 0.896621 -0.371066 -0.241622 0.929884 -0.234773 0.28319 
0.848677 -0.0730032 0.523849 0.699037 -0.206097 0.684741 0.758779 -0.0888269 0.645263 
0.732171 -0.131746 0.668258 0.704703 -0.155924 0.692157 0.794771 -0.0214983 0.606528 
0.67737 -0.169357 0.715883 0.831424 -0.0495518 0.553424 0.757424 -0.0735248 0.648771 
0.731983 -0.119111 0.670831 0.694874 -0.159867 0.701136 0.726482 -0.165704 0.666908 
0.6733 -0.161096 0.721606 0.795521 -0.121835 0.593551 0.724548 -0.176296 0.666295 
0.760248 -0.175696 0.625423 0.71426 -0.189008 0.673876 0.733686 -0.207293 0.647097 
0.781143 -0.237824 0.577282 0.778529 -0.224361 0.586136 0.857811 -0.187149 0.47868 
0.892619 -0.185932 0.410683 0.838089 -0.289465 0.462404 0.817335 -0.300572 0.491548 
0.794795 -0.286579 0.534952 0.827321 -0.315686 0.464631 0.84723 -0.362096 0.388701 
0.887752 -0.31456 0.336078 0.865941 -0.396018 0.305477 0.852951 -0.411638 0.320981 
0.868322 -0.432096 0.243534 0.886016 -0.438826 0.14969 0.840131 -0.539351 0.057284 
0.916198 -0.357444 0.181149 0.860579 -0.507157 0.0468597 0.812918 -0.565295 -0.140021 
0.905935 -0.4055 -0.121863 0.846448 -0.502276 -0.176762 0.768768 -0.604064 -0.210009 
0.750938 -0.54343 -0.375201 0.739489 -0.558566 -0.375713 0.746429 -0.473985 -0.467099 
0.658209 -0.416579 -0.627074 0.613442 -0.485053 -0.623227 0.348767 -0.30695 -0.885519 
0.47739 -0.388597 -0.788093 0.340452 -0.303785 -0.889836 0.0936018 -0.158439 -0.982922 
0.152749 -0.194703 -0.968896 0.225676 -0.257202 -0.939637 0.3347 -0.32949 -0.882843 
0.493237 -0.44093 -0.749865 0.0616513 -0.131584 -0.989386 0.129807 -0.216201 -0.967681 
0.0630617 -0.15714 -0.985561 -0.0303728 -0.109488 -0.993524 0.116503 -0.228705 -0.966499 
0.000770095 -0.153417 -0.988161 0.263868 -0.326121 -0.907755 0.526456 -0.463428 -0.712796 
-0.0649377 -0.0940744 -0.993445 0.664033 -0.577232 -0.475251 -0.0222701 -0.130558 -0.991191 
0.0583775 -0.200193 -0.978016 -0.0793515 -0.0765456 -0.993903 0.623269 -0.589356 -0.514 
0.467842 -0.497501 -0.73049 0.264606 -0.333548 -0.904837 -0.0549491 -0.125394 -0.990584 
0.0623686 -0.194273 -0.978963 -0.109425 -0.0909447 -0.989826 -0.0568199 -0.115607 -0.991669 
0.0704048 -0.199184 -0.97743 -0.0922942 -0.092079 -0.991465 -0.0391942 -0.123217 -0.991606 
0.280958 -0.375884 -0.883048 0.114274 -0.251525 -0.961081 -0.0154086 -0.166526 -0.985917 
-0.0855703 -0.130333 -0.987771 0.00730737 -0.197626 -0.98025 0.125496 -0.288192 -0.949313 
-0.0530742 -0.161639 -0.985422 
